variavel;estrato;perfil_cluster;categoria;candidatos_cluster_categoria;candidatos_cluster;perc_cluster;perc_estrato;perc_base;indice_vs_estrato;indice_vs_base;delta_pp_vs_estrato;delta_pp_vs_base
DS_CARGO;04_alto;Alto patrimônio - imobiliário diversificado com societário e créditos e direitos;DEPUTADO ESTADUAL;198;474;0.4177215189873418;0.4793650793650794;0.5519512596739667;0.8714058177550507;0.7568087066855986;-6.164356037773761;-13.422974068662496
DS_CARGO;04_alto;Alto patrimônio - imobiliário diversificado com societário e créditos e direitos;DEPUTADO FEDERAL;197;474;0.41561181434599154;0.4106575963718821;0.37169987375816455;1.012064108926462;1.1181381638466656;0.4954217974109443;4.391194058782699
DS_CARGO;04_alto;Alto patrimônio - imobiliário diversificado com societário e créditos e direitos;GOVERNADOR;20;474;0.04219409282700422;0.018367346938775512;0.010593336626598606;2.2972339428035626;3.9830786384206727;2.3826745888228706;3.160075620040561
DS_CARGO;04_alto;Alto patrimônio - imobiliário diversificado com societário e créditos e direitos;SENADOR;16;474;0.03375527426160337;0.02312925170068027;0.011691091717437839;1.4594192107222637;2.8872645153622156;1.0626022560923103;2.2064182544165534
DS_CARGO;04_alto;Alto patrimônio - imobiliário diversificado com societário e créditos e direitos;1º SUPLENTE;13;474;0.027426160337552744;0.014965986394557823;0.010648224381140568;1.8325661680092062;2.5756557484014095;1.246017394299492;1.6777935956412175
DS_CARGO;04_alto;Alto patrimônio - imobiliário diversificado com societário e créditos e direitos;VICE-GOVERNADOR;13;474;0.027426160337552744;0.015646258503401362;0.010373785608430759;1.7528893780957622;2.64379478936441;1.1779901834151383;1.7052374729121986
DS_CARGO;04_alto;Alto patrimônio - imobiliário diversificado com societário e créditos e direitos;2º SUPLENTE;12;474;0.02531645569620253;0.013605442176870748;0.010099346835720951;1.8607594936708862;2.5067418822234453;1.1711013519331783;1.521710886048158
DS_CARGO;04_alto;Alto patrimônio - imobiliário diversificado com societário e créditos e direitos;PRESIDENTE;3;474;0.006329113924050633;0.0013605442176870747;0.000713540809045502;4.651898734177215;8.870009737098345;0.4968569706363558;0.5615573115005131
DS_CARGO;04_alto;Alto patrimônio - imobiliário diversificado com societário e créditos e direitos;DEPUTADO DISTRITAL;1;474;0.002109704641350211;0.021541950113378686;0.021625775289532904;0.09793471019320452;0.09755509863136927;-1.9432245472028475;-1.9516070648182695
DS_CARGO;04_alto;Alto patrimônio - imobiliário diversificado com societário e créditos e direitos;VICE-PRESIDENTE;1;474;0.002109704641350211;0.0013605442176870747;0.0006037652999615786;1.5506329113924051;3.4942462600690445;0.0749160423663136;0.1505939341388632
DS_CARGO;01_baixo;Baixo patrimônio - financeiro concentrado;DEPUTADO ESTADUAL;367;690;0.5318840579710145;0.5856477166821994;0.5519512596739667;0.9081979538556629;0.9636431635017813;-5.376365871118494;-2.0067201702952286
DS_CARGO;01_baixo;Baixo patrimônio - financeiro concentrado;DEPUTADO FEDERAL;280;690;0.4057971014492754;0.36067101584342964;0.37169987375816455;1.1251170280492828;1.0917332237602404;4.5126085605845745;3.4097227691110845
DS_CARGO;01_baixo;Baixo patrimônio - financeiro concentrado;DEPUTADO DISTRITAL;9;690;0.013043478260869565;0.02050326188257223;0.021625775289532904;0.6361660079051382;0.6031450011035091;-0.7459783621702665;-0.858229702866334
DS_CARGO;01_baixo;Baixo patrimônio - financeiro concentrado;GOVERNADOR;9;690;0.013043478260869565;0.005778191985088537;0.010593336626598606;2.2573632538569424;1.2312908312683035;0.7265286275781028;0.2450141634270958
DS_CARGO;01_baixo;Baixo patrimônio - financeiro concentrado;VICE-GOVERNADOR;9;690;0.013043478260869565;0.009133271202236719;0.010373785608430759;1.4281277728482697;1.2573498964803311;0.3910207058632846;0.26696926524388054
DS_CARGO;01_baixo;Baixo patrimônio - financeiro concentrado;2º SUPLENTE;4;690;0.005797101449275362;0.007082945013979497;0.010099346835720951;0.8184591914569032;0.574007561436673;-0.1285843564704134;-0.4302245386445589
DS_CARGO;01_baixo;Baixo patrimônio - financeiro concentrado;1º SUPLENTE;3;690;0.004347826086956522;0.006150978564771668;0.010648224381140568;0.7068511198945981;0.40831465710443743;-0.18031524778151464;-0.6300398294184046
DS_CARGO;01_baixo;Baixo patrimônio - financeiro concentrado;PRESIDENTE;3;690;0.004347826086956522;0.0005591798695246971;0.000713540809045502;7.77536231884058;6.093311036789298;0.3788646217431825;0.36342852779110196
DS_CARGO;01_baixo;Baixo patrimônio - financeiro concentrado;SENADOR;3;690;0.004347826086956522;0.003727865796831314;0.011691091717437839;1.166304347826087;0.37189222290263324;0.061996029012520784;-0.7343265630481317
DS_CARGO;01_baixo;Baixo patrimônio - financeiro concentrado;VICE-PRESIDENTE;3;690;0.004347826086956522;0.0007455731593662628;0.0006037652999615786;5.831521739130435;7.201185770750988;0.36022529275902593;0.3744060786994943
DS_CARGO;01_baixo;Baixo patrimônio - veicular concentrado com financeiro e societário;DEPUTADO ESTADUAL;252;427;0.5901639344262295;0.5856477166821994;0.5519512596739667;1.0077114921058947;1.0692319730818889;0.45162177440301043;3.8212674752262754
DS_CARGO;01_baixo;Baixo patrimônio - veicular concentrado com financeiro e societário;DEPUTADO FEDERAL;147;427;0.3442622950819672;0.36067101584342964;0.37169987375816455;0.9545050196975473;0.926183513599876;-1.6408720761462436;-2.743757867619734
DS_CARGO;01_baixo;Baixo patrimônio - veicular concentrado com financeiro e societário;DEPUTADO DISTRITAL;9;427;0.02107728337236534;0.02050326188257223;0.021625775289532904;1.0279965935703639;0.9746371212211272;0.05740214897931098;-0.054849191716756576
DS_CARGO;01_baixo;Baixo patrimônio - veicular concentrado com financeiro e societário;VICE-GOVERNADOR;7;427;0.01639344262295082;0.009133271202236719;0.010373785608430759;1.7949146871863502;1.5802758261774656;0.7260171420714102;0.6019657014520061
DS_CARGO;01_baixo;Baixo patrimônio - veicular concentrado com financeiro e societário;SENADOR;5;427;0.0117096018735363;0.003727865796831314;0.011691091717437839;3.1411007025761126;1.0015832701124783;0.7981736076704986;0.0018510156098461641
DS_CARGO;01_baixo;Baixo patrimônio - veicular concentrado com financeiro e societário;2º SUPLENTE;3;427;0.00702576112412178;0.007082945013979497;0.010099346835720951;0.9919265376556144;0.6956649017411669;-0.005718388985771674;-0.3073585711599171
DS_CARGO;01_baixo;Baixo patrimônio - veicular concentrado com financeiro e societário;1º SUPLENTE;2;427;0.00468384074941452;0.006150978564771668;0.010648224381140568;0.7614789582002697;0.4398705907916656;-0.14671378153571485;-0.5964383631726048
DS_CARGO;01_baixo;Baixo patrimônio - veicular concentrado com financeiro e societário;GOVERNADOR;1;427;0.00234192037470726;0.005778191985088537;0.010593336626598606;0.40530331646143386;0.2210748565118734;-0.3436271610381277;-0.8251416251891346
DS_CARGO;01_baixo;Baixo patrimônio - veicular concentrado com financeiro e societário;VICE-PRESIDENTE;1;427;0.00234192037470726;0.0007455731593662628;0.0006037652999615786;3.141100702576112;3.8788588460719606;0.15963472153409972;0.17381550747456814
DS_CARGO;03_medio_alto;Patrimônio médio-alto - imobiliário concentrado com financeiro e societário;DEPUTADO ESTADUAL;199;392;0.5076530612244898;0.5514868518063406;0.5519512596739667;0.9205170704645496;0.9197425539428182;-4.383379058185078;-4.429819844947691
DS_CARGO;03_medio_alto;Patrimônio médio-alto - imobiliário concentrado com financeiro e societário;DEPUTADO FEDERAL;157;392;0.4005102040816326;0.37404767756205454;0.37169987375816455;1.0707463997425515;1.0775096586183204;2.646252651957809;2.8810330323468083
DS_CARGO;03_medio_alto;Patrimônio médio-alto - imobiliário concentrado com financeiro e societário;SENADOR;12;392;0.030612244897959183;0.012288031457360531;0.011691091717437839;2.4912244897959184;2.6184248347226213;1.8324213440598653;1.8921153180521344
DS_CARGO;03_medio_alto;Patrimônio médio-alto - imobiliário concentrado com financeiro e societário;DEPUTADO DISTRITAL;7;392;0.017857142857142856;0.025804866060457114;0.021625775289532904;0.6920068027210884;0.8257342277012327;-0.7947723203314259;-0.37686324323900483
DS_CARGO;03_medio_alto;Patrimônio médio-alto - imobiliário concentrado com financeiro e societário;2º SUPLENTE;5;392;0.012755102040816327;0.010076185795035636;0.010099346835720951;1.2658661025385765;1.262963065661047;0.2678916245780691;0.2655755205095376
DS_CARGO;03_medio_alto;Patrimônio médio-alto - imobiliário concentrado com financeiro e societário;1º SUPLENTE;4;392;0.01020408163265306;0.009093143278446793;0.010648224381140568;1.122173193601765;0.9582895013675572;0.11109383542062673;-0.04441427484875079
DS_CARGO;03_medio_alto;Patrimônio médio-alto - imobiliário concentrado com financeiro e societário;GOVERNADOR;4;392;0.01020408163265306;0.008847382649299582;0.010593336626598606;1.153344671201814;0.9632547319445912;0.13566989833534784;-0.0389254993945546
DS_CARGO;03_medio_alto;Patrimônio médio-alto - imobiliário concentrado com financeiro e societário;VICE-GOVERNADOR;3;392;0.007653061224489796;0.00786434013271074;0.010373785608430759;0.9731345663265306;0.7377308066083577;-0.02112789082209434;-0.27207243839409634
DS_CARGO;03_medio_alto;Patrimônio médio-alto - imobiliário concentrado com financeiro e societário;PRESIDENTE;1;392;0.002551020408163265;0.0004915212582944212;0.000713540809045502;5.190051020408164;3.575156985871271;0.20594991498688442;0.1837479599117763
DS_CARGO;03_medio_alto;Patrimônio médio-alto - veicular diversificado;DEPUTADO ESTADUAL;214;398;0.5376884422110553;0.5514868518063406;0.5519512596739667;0.9749796218167487;0.9741592808913302;-1.3798409595285333;-1.426281746291147
DS_CARGO;03_medio_alto;Patrimônio médio-alto - veicular diversificado;DEPUTADO FEDERAL;151;398;0.3793969849246231;0.37404767756205454;0.37169987375816455;1.014301137751834;1.0207078659689468;0.5349307362568556;0.7697111166458548
DS_CARGO;03_medio_alto;Patrimônio médio-alto - veicular diversificado;DEPUTADO DISTRITAL;9;398;0.022613065326633167;0.025804866060457114;0.021625775289532904;0.8763101220387653;1.045653393872918;-0.31918007338239474;0.09872900371002621
DS_CARGO;03_medio_alto;Patrimônio médio-alto - veicular diversificado;SENADOR;9;398;0.022613065326633167;0.012288031457360531;0.011691091717437839;1.840251256281407;1.9342133201217355;1.0325033869272635;1.0921973609195328
DS_CARGO;03_medio_alto;Patrimônio médio-alto - veicular diversificado;VICE-GOVERNADOR;5;398;0.01256281407035176;0.00786434013271074;0.010373785608430759;1.597440326633166;1.21101539443248;0.469847393764102;0.21890284619210004
DS_CARGO;03_medio_alto;Patrimônio médio-alto - veicular diversificado;1º SUPLENTE;4;398;0.010050251256281407;0.009093143278446793;0.010648224381140568;1.1052560097786228;0.9438429259700564;0.09571079778346141;-0.05979731248591611
DS_CARGO;03_medio_alto;Patrimônio médio-alto - veicular diversificado;2º SUPLENTE;4;398;0.010050251256281407;0.010076185795035636;0.010099346835720951;0.9974261551660742;0.9951387371640812;-0.0025934538754228756;-0.004909557943954396
DS_CARGO;03_medio_alto;Patrimônio médio-alto - veicular diversificado;GOVERNADOR;1;398;0.002512562814070352;0.008847382649299582;0.010593336626598606;0.28398939140145174;0.2371833259562059;-0.633481983522923;-0.8080773812528255
DS_CARGO;03_medio_alto;Patrimônio médio-alto - veicular diversificado;PRESIDENTE;1;398;0.002512562814070352;0.0004915212582944212;0.000713540809045502;5.111809045226131;3.5212601468882876;0.2021041555775931;0.17990220050248498
DS_CARGO;02_medio_baixo;Patrimônio médio-baixo - imobiliário concentrado com financeiro e societário;DEPUTADO ESTADUAL;149;289;0.5155709342560554;0.5965121834687052;0.5519512596739667;0.8643091432902875;0.9340877934776326;-8.094124921264978;-3.6380325417911363
DS_CARGO;02_medio_baixo;Patrimônio médio-baixo - imobiliário concentrado com financeiro e societário;DEPUTADO FEDERAL;119;289;0.4117647058823529;0.34185379837553753;0.37169987375816455;1.204505282196736;1.1077881241096557;6.991090750681539;4.006483212418837
DS_CARGO;02_medio_baixo;Patrimônio médio-baixo - imobiliário concentrado com financeiro e societário;GOVERNADOR;7;289;0.02422145328719723;0.007405637840420449;0.010593336626598606;3.270677530974439;2.2864800903598255;1.6815815446776783;1.3628116660598626
DS_CARGO;02_medio_baixo;Patrimônio médio-baixo - imobiliário concentrado com financeiro e societário;SENADOR;4;289;0.01384083044982699;0.008122312470138558;0.011691091717437839;1.704050478322817;1.1838783566450608;0.5718517979688432;0.2149738732389151
DS_CARGO;02_medio_baixo;Patrimônio médio-baixo - imobiliário concentrado com financeiro e societário;1º SUPLENTE;3;289;0.010380622837370242;0.009316770186335404;0.010648224381140568;1.1141868512110726;0.9748689045054042;0.10638526510348377;-0.026760154377032663
DS_CARGO;02_medio_baixo;Patrimônio médio-baixo - imobiliário concentrado com financeiro e societário;2º SUPLENTE;2;289;0.006920415224913495;0.008600095556617296;0.010099346835720951;0.8046905036524413;0.6852339401233639;-0.1679680331703801;-0.3178931610807456
DS_CARGO;02_medio_baixo;Patrimônio médio-baixo - imobiliário concentrado com financeiro e societário;DEPUTADO DISTRITAL;2;289;0.006920415224913495;0.019827998088867656;0.021625775289532904;0.3490223871263601;0.3200077283824847;-1.2907582863954161;-1.470536006461941
DS_CARGO;02_medio_baixo;Patrimônio médio-baixo - imobiliário concentrado com financeiro e societário;VICE-GOVERNADOR;2;289;0.006920415224913495;0.008122312470138558;0.010373785608430759;0.8520252391614085;0.6671060581095184;-0.12018972452250629;-0.34533703835172636
DS_CARGO;02_medio_baixo;Patrimônio médio-baixo - imobiliário concentrado com financeiro e societário;VICE-PRESIDENTE;1;289;0.0034602076124567475;0.00023889154323936931;0.0006037652999615786;14.484429065743946;5.731047499213589;0.3221316069217378;0.2856442312495169
DS_CARGO;02_medio_baixo;Patrimônio médio-baixo - societário + veicular;DEPUTADO ESTADUAL;188;326;0.5766871165644172;0.5965121834687052;0.5519512596739667;0.9667650260066682;1.0448152920333251;-1.982506690428798;2.4735856890450436
DS_CARGO;02_medio_baixo;Patrimônio médio-baixo - societário + veicular;DEPUTADO FEDERAL;118;326;0.3619631901840491;0.34185379837553753;0.37169987375816455;1.0588245381624244;0.9738049855232118;2.0109391808511567;-0.9736683574115446
DS_CARGO;02_medio_baixo;Patrimônio médio-baixo - societário + veicular;2º SUPLENTE;6;326;0.018404907975460124;0.008600095556617296;0.010099346835720951;2.140081799591002;1.8223859695918911;0.9804812418842828;0.8305561139739173
DS_CARGO;02_medio_baixo;Patrimônio médio-baixo - societário + veicular;DEPUTADO DISTRITAL;6;326;0.018404907975460124;0.019827998088867656;0.021625775289532904;0.9282282504250129;0.8510634984896143;-0.1423090113407532;-0.32208673140727806
DS_CARGO;02_medio_baixo;Patrimônio médio-baixo - societário + veicular;1º SUPLENTE;4;326;0.012269938650306749;0.009316770186335404;0.010648224381140568;1.3169734151329244;1.1522990323192714;0.29531684639713446;0.16217142691661804
DS_CARGO;02_medio_baixo;Patrimônio médio-baixo - societário + veicular;SENADOR;3;326;0.009202453987730062;0.008122312470138558;0.011691091717437839;1.1329844821364128;0.7871338460209109;0.10801415175915041;-0.2488637729707777
DS_CARGO;02_medio_baixo;Patrimônio médio-baixo - societário + veicular;GOVERNADOR;1;326;0.003067484662576687;0.007405637840420449;0.010593336626598606;0.41420938056600043;0.2895673734066563;-0.43381531778437615;-0.752585196402192
DS_CARGO;02_medio_baixo;Patrimônio médio-baixo - veicular + financeiro;DEPUTADO ESTADUAL;204;360;0.5666666666666667;0.5965121834687052;0.5519512596739667;0.9499666266186091;1.0266607000795545;-2.9845516802038508;1.4715406992699909
DS_CARGO;02_medio_baixo;Patrimônio médio-baixo - veicular + financeiro;DEPUTADO FEDERAL;121;360;0.33611111111111114;0.34185379837553753;0.37169987375816455;0.9832013355074152;0.9042540362276039;-0.5742687264426394;-3.558876264705341
DS_CARGO;02_medio_baixo;Patrimônio médio-baixo - veicular + financeiro;DEPUTADO DISTRITAL;11;360;0.030555555555555555;0.019827998088867656;0.021625775289532904;1.5410307898259703;1.4129230118443317;1.0727557466687898;0.892978026602265
DS_CARGO;02_medio_baixo;Patrimônio médio-baixo - veicular + financeiro;SENADOR;6;360;0.016666666666666666;0.008122312470138558;0.011691091717437839;2.0519607843137253;1.425586854460094;0.8544354196528109;0.49755749492288276
DS_CARGO;02_medio_baixo;Patrimônio médio-baixo - veicular + financeiro;VICE-GOVERNADOR;6;360;0.016666666666666666;0.008122312470138558;0.010373785608430759;2.0519607843137253;1.6066137566137566;0.8544354196528109;0.6292881058235907
DS_CARGO;02_medio_baixo;Patrimônio médio-baixo - veicular + financeiro;2º SUPLENTE;5;360;0.013888888888888888;0.008600095556617296;0.010099346835720951;1.614969135802469;1.375226449275362;0.5288793332271592;0.3789542053167937
DS_CARGO;02_medio_baixo;Patrimônio médio-baixo - veicular + financeiro;GOVERNADOR;4;360;0.011111111111111112;0.007405637840420449;0.010593336626598606;1.500358422939068;1.0488773747841105;0.37054732706906623;0.05177744845125051
DS_CARGO;02_medio_baixo;Patrimônio médio-baixo - veicular + financeiro;1º SUPLENTE;3;360;0.008333333333333333;0.009316770186335404;0.010648224381140568;0.8944444444444444;0.782603092783505;-0.09834368530020707;-0.23148910478072351
DS_CARGO;02_medio_baixo;Patrimônio médio-baixo - veicular concentrado;DEPUTADO ESTADUAL;225;364;0.6181318681318682;0.5965121834687052;0.5519512596739667;1.036243492190629;1.1199029937842588;2.1619684663162997;6.618060845790142
DS_CARGO;02_medio_baixo;Patrimônio médio-baixo - veicular concentrado;DEPUTADO FEDERAL;121;364;0.3324175824175824;0.34185379837553753;0.37169987375816455;0.9723969252271137;0.8943171786866412;-0.943621595795513;-3.9282291340582143
DS_CARGO;02_medio_baixo;Patrimônio médio-baixo - veicular concentrado;DEPUTADO DISTRITAL;10;364;0.027472527472527472;0.019827998088867656;0.021625775289532904;1.3855421686746987;1.2703603503095888;0.7644529383659816;0.5846752182994568
DS_CARGO;02_medio_baixo;Patrimônio médio-baixo - veicular concentrado;1º SUPLENTE;5;364;0.013736263736263736;0.009316770186335404;0.010648224381140568;1.4743589743589742;1.2900050979947886;0.4419493549928332;0.3088039355123168
DS_CARGO;02_medio_baixo;Patrimônio médio-baixo - veicular concentrado;2º SUPLENTE;1;364;0.0027472527472527475;0.008600095556617296;0.010099346835720951;0.3194444444444445;0.2720228141423794;-0.5852842809364548;-0.7352094088468203
DS_CARGO;02_medio_baixo;Patrimônio médio-baixo - veicular concentrado;GOVERNADOR;1;364;0.0027472527472527475;0.007405637840420449;0.010593336626598606;0.37096774193548393;0.25933781244662074;-0.4658385093167702;-0.7846083879345859
DS_CARGO;02_medio_baixo;Patrimônio médio-baixo - veicular concentrado;VICE-GOVERNADOR;1;364;0.0027472527472527475;0.008122312470138558;0.010373785608430759;0.3382352941176471;0.264826443397872;-0.537505972288581;-0.7626532861178011
SG_PARTIDO;04_alto;Alto patrimônio - imobiliário diversificado com societário e créditos e direitos;UNIÃO;48;474;0.10126582278481013;0.08639455782312926;0.0636149075141336;1.1721319645170936;1.5918567949236029;1.487126496168087;3.765091527067653
SG_PARTIDO;04_alto;Alto patrimônio - imobiliário diversificado com societário e créditos e direitos;PP;47;474;0.09915611814345991;0.07414965986394557;0.054009550469290304;1.3372430612007897;1.8358997118452196;2.5006458279514336;4.514656767416961
SG_PARTIDO;04_alto;Alto patrimônio - imobiliário diversificado com societário e créditos e direitos;MDB;45;474;0.0949367088607595;0.06825396825396825;0.05357044843295461;1.3909331763320578;1.7721843224735423;2.668274060679125;4.136626042780489
SG_PARTIDO;04_alto;Alto patrimônio - imobiliário diversificado com societário e créditos e direitos;PL;45;474;0.0949367088607595;0.08594104308390023;0.06663373401394149;1.1046725226278349;1.4247544470627491;0.8995665776859272;2.830297484681801
SG_PARTIDO;04_alto;Alto patrimônio - imobiliário diversificado com societário e créditos e direitos;PSD;45;474;0.0949367088607595;0.0655328798185941;0.047038805642461164;1.4486881871140118;2.0182635924552828;2.9403829042165404;4.789790321829834
SG_PARTIDO;04_alto;Alto patrimônio - imobiliário diversificado com societário e créditos e direitos;PSDB;28;474;0.05907172995780591;0.04399092970521542;0.03578681596135902;1.3428161294532168;1.6506562087442729;1.508080025259049;2.3284913996446885
SG_PARTIDO;04_alto;Alto patrimônio - imobiliário diversificado com societário e créditos e direitos;PDT;25;474;0.052742616033755275;0.04285714285714286;0.043580877106317584;1.230661040787623;1.2102238306284474;0.9885473176612418;0.9161738927437691
SG_PARTIDO;04_alto;Alto patrimônio - imobiliário diversificado com societário e créditos e direitos;PODE;23;474;0.04852320675105485;0.050340136054421766;0.04429441791536308;0.9639069449196032;1.0954700170972347;-0.18169293033669168;0.422878883569177
SG_PARTIDO;04_alto;Alto patrimônio - imobiliário diversificado com societário e créditos e direitos;PSB;21;474;0.04430379746835443;0.050340136054421766;0.046709479115209396;0.8800889497092029;0.9484969284088712;-0.6036338586067336;-0.24056816468549652
SG_PARTIDO;04_alto;Alto patrimônio - imobiliário diversificado com societário e créditos e direitos;REPUBLICANOS;20;474;0.04219409282700422;0.05396825396825397;0.05351556067841265;0.781831720029784;0.7884453099642972;-1.1774161141249753;-1.132146785140843
SG_PARTIDO;04_alto;Alto patrimônio - imobiliário diversificado com societário e créditos e direitos;NOVO;18;474;0.0379746835443038;0.03219954648526077;0.021296448762281137;1.179354608664646;1.7831462873548218;0.5775137059043027;1.6678234782022663
SG_PARTIDO;04_alto;Alto patrimônio - imobiliário diversificado com societário e créditos e direitos;PT;18;474;0.0379746835443038;0.04965986394557823;0.05049673417860475;0.7646956823305011;0.7520225646670337;-1.1685180401274433;-1.2522050634300952
SG_PARTIDO;04_alto;Alto patrimônio - imobiliário diversificado com societário e créditos e direitos;PTB;12;474;0.02531645569620253;0.02947845804988662;0.040562050606509685;0.8588120740019474;0.6241414158716021;-0.41620023536840905;-1.5245594910307154
SG_PARTIDO;04_alto;Alto patrimônio - imobiliário diversificado com societário e créditos e direitos;PSC;11;474;0.023206751054852322;0.027664399092970523;0.03463417311597783;0.8388669848516289;0.6700535617565047;-0.4457648038118201;-1.1427422061125507
SG_PARTIDO;04_alto;Alto patrimônio - imobiliário diversificado com societário e créditos e direitos;PATRIOTA;10;474;0.02109704641350211;0.03197278911564626;0.039409407761128494;0.6598437920818745;0.5353302069743662;-1.0875742702144149;-1.8312361347626385
SG_PARTIDO;04_alto;Alto patrimônio - imobiliário diversificado com societário e créditos e direitos;AVANTE;9;474;0.0189873417721519;0.03106575963718821;0.03468906087051979;0.6111983738335027;0.5473581958019548;-1.207841786503631;-1.570171909836789
SG_PARTIDO;04_alto;Alto patrimônio - imobiliário diversificado com societário e créditos e direitos;CIDADANIA;9;474;0.0189873417721519;0.01927437641723356;0.016685877380756352;0.985107967237528;1.1379288807461694;-0.02870346450816602;0.23014643913955474
SG_PARTIDO;04_alto;Alto patrimônio - imobiliário diversificado com societário e créditos e direitos;PRTB;8;474;0.016877637130801686;0.019954648526077097;0.02826719358911027;0.8457997698504027;0.5970750890991765;-0.3077011395275411;-1.1389556458308585
SG_PARTIDO;04_alto;Alto patrimônio - imobiliário diversificado com societário e créditos e direitos;SOLIDARIEDADE;7;474;0.014767932489451477;0.027891156462585033;0.0356770404522751;0.5294844087681383;0.41393378773125605;-1.3123223973133555;-2.0909107962823623
SG_PARTIDO;04_alto;Alto patrimônio - imobiliário diversificado com societário e créditos e direitos;PV;6;474;0.012658227848101266;0.01020408163265306;0.012294857017399418;1.2405063291139242;1.0295547016274864;0.24541462154482052;0.03633708307018476
SG_PARTIDO;04_alto;Alto patrimônio - imobiliário diversificado com societário e créditos e direitos;PROS;5;474;0.010548523206751054;0.025396825396825397;0.028212305834568307;0.4153481012658228;0.3738979461163375;-1.4848302190074343;-1.7663782627817253
SG_PARTIDO;04_alto;Alto patrimônio - imobiliário diversificado com societário e créditos e direitos;DC;4;474;0.008438818565400843;0.009523809523809525;0.018058071244305394;0.8860759493670884;0.46731560924935556;-0.10849909584086814;-0.9619252678904551
SG_PARTIDO;04_alto;Alto patrimônio - imobiliário diversificado com societário e créditos e direitos;PMN;4;474;0.008438818565400843;0.012018140589569161;0.01756408145342774;0.7021733938380702;0.4804588607594937;-0.35793220241683177;-0.9125262888026895
SG_PARTIDO;04_alto;Alto patrimônio - imobiliário diversificado com societário e créditos e direitos;PMB;3;474;0.006329113924050633;0.010884353741496598;0.02437016301663099;0.5814873417721519;0.259707492302429;-0.4555239817445965;-1.8041049092580357
SG_PARTIDO;04_alto;Alto patrimônio - imobiliário diversificado com societário e créditos e direitos;AGIR;1;474;0.002109704641350211;0.013151927437641724;0.021735550798616828;0.16041030117852464;0.09706239611302901;-1.1042222796291512;-1.9625846157266618
SG_PARTIDO;04_alto;Alto patrimônio - imobiliário diversificado com societário e créditos e direitos;PSTU;1;474;0.002109704641350211;0.0013605442176870747;0.00488501015423459;1.5506329113924051;0.4318731332669606;0.0749160423663136;-0.2775305512884379
SG_PARTIDO;04_alto;Alto patrimônio - imobiliário diversificado com societário e créditos e direitos;REDE;1;474;0.002109704641350211;0.010884353741496598;0.016356550853504584;0.19382911392405064;0.1289822444991929;-0.8774649100146387;-1.4246846212154374
SG_PARTIDO;01_baixo;Baixo patrimônio - financeiro concentrado;PT;54;690;0.0782608695652174;0.04305684995340168;0.05049673417860475;1.8176171654432525;1.5498204158790172;3.520401961181572;2.7764135386612647
SG_PARTIDO;01_baixo;Baixo patrimônio - financeiro concentrado;PATRIOTA;48;690;0.06956521739130435;0.04808946877912395;0.039409407761128494;1.4465790360633637;1.7651931694319971;2.14757486121804;3.0155809630175856
SG_PARTIDO;01_baixo;Baixo patrimônio - financeiro concentrado;MDB;46;690;0.06666666666666667;0.04790307548928239;0.05357044843295461;1.391699092088197;1.244467213114754;1.8763591177384278;1.3096218233712056
SG_PARTIDO;01_baixo;Baixo patrimônio - financeiro concentrado;PSOL;42;690;0.06086956521739131;0.0451071761416589;0.02931006092540754;1.3494430470715058;2.0767464582315585;1.5762389075732408;3.1559504291983766
SG_PARTIDO;01_baixo;Baixo patrimônio - financeiro concentrado;UNIÃO;41;690;0.059420289855072465;0.046411929170549863;0.0636149075141336;1.2802805424596937;0.9340623476010054;1.3008360684522602;-0.41946176590611295
SG_PARTIDO;01_baixo;Baixo patrimônio - financeiro concentrado;REPUBLICANOS;37;690;0.0536231884057971;0.04771668219944082;0.05351556067841265;1.1237828351449275;1.0020111482720178;0.5906506206356278;0.010762772738445031
SG_PARTIDO;01_baixo;Baixo patrimônio - financeiro concentrado;PDT;33;690;0.04782608695652174;0.04790307548928239;0.043580877106317584;0.998392826932837;1.0974099222429088;-0.007698853276064815;0.4245209850204157
SG_PARTIDO;01_baixo;Baixo patrimônio - financeiro concentrado;PSB;33;690;0.04782608695652174;0.04082013047530289;0.046709479115209396;1.1716299384554298;1.0239053798600113;0.700595648121885;0.11166078413123448
SG_PARTIDO;01_baixo;Baixo patrimônio - financeiro concentrado;PODE;31;690;0.04492753623188406;0.042311276794035416;0.04429441791536308;1.0618336206346166;1.0142934109153603;0.2616259437848642;0.0633118316520978
SG_PARTIDO;01_baixo;Baixo patrimônio - financeiro concentrado;PSD;31;690;0.04492753623188406;0.03485554520037279;0.047038805642461164;1.28896380686662;0.9551164324488864;1.0071991031511267;-0.2111269410577106
SG_PARTIDO;01_baixo;Baixo patrimônio - financeiro concentrado;PP;29;690;0.042028985507246375;0.041379310344827586;0.054009550469290304;1.0157004830917875;0.7781769176387415;0.06496751624187891;-1.198056496204393
SG_PARTIDO;01_baixo;Baixo patrimônio - financeiro concentrado;PL;27;690;0.0391304347826087;0.04920782851817335;0.06663373401394149;0.795207509881423;0.5872466155719505;-1.0077393735564648;-2.750329923133279
SG_PARTIDO;01_baixo;Baixo patrimônio - financeiro concentrado;PSDB;26;690;0.03768115942028986;0.02702702702702703;0.03578681596135902;1.3942028985507247;1.0529341157642038;1.065413239326283;0.18943434589308375
SG_PARTIDO;01_baixo;Baixo patrimônio - financeiro concentrado;AVANTE;24;690;0.034782608695652174;0.04063373718546132;0.03468906087051979;0.856003191065018;1.002696752889378;-0.5851128489809149;0.009354782513238541
SG_PARTIDO;01_baixo;Baixo patrimônio - financeiro concentrado;SOLIDARIEDADE;23;690;0.03333333333333333;0.03727865796831314;0.0356770404522751;0.8941666666666668;0.9343076923076923;-0.3945324634979805;-0.23437071189417666
SG_PARTIDO;01_baixo;Baixo patrimônio - financeiro concentrado;PTB;22;690;0.03188405797101449;0.04473438956197577;0.040562050606509685;0.7127415458937197;0.7860563628875684;-1.285033159096128;-0.8677992635495193
SG_PARTIDO;01_baixo;Baixo patrimônio - financeiro concentrado;UP;20;690;0.028985507246376812;0.006896551724137931;0.0027443877270980845;4.202898550724638;10.561739130434782;2.208895552223888;2.6241119519278726
SG_PARTIDO;01_baixo;Baixo patrimônio - financeiro concentrado;PSC;15;690;0.021739130434782608;0.03821062441752097;0.03463417311597783;0.5689289501590669;0.6276786329497691;-1.6471493982738359;-1.2895042681195221
SG_PARTIDO;01_baixo;Baixo patrimônio - financeiro concentrado;PCB;14;690;0.020289855072463767;0.0065237651444548;0.0034030407816016245;3.110144927536232;5.96227208976157;1.3766089928008967;1.6886814290862144
SG_PARTIDO;01_baixo;Baixo patrimônio - financeiro concentrado;AGIR;13;690;0.01884057971014493;0.027586206896551724;0.021735550798616828;0.6829710144927537;0.8668093983311376;-0.8745627186406795;-0.28949710884718993
SG_PARTIDO;01_baixo;Baixo patrimônio - financeiro concentrado;PMB;13;690;0.01884057971014493;0.043243243243243246;0.02437016301663099;0.43568840579710144;0.7731002741872308;-2.440266353309832;-0.552958330648606
SG_PARTIDO;01_baixo;Baixo patrimônio - financeiro concentrado;NOVO;12;690;0.017391304347826087;0.011929170549860205;0.021296448762281137;1.4578804347826086;0.8166293142088749;0.5462133797965882;-0.39051444144550496
SG_PARTIDO;01_baixo;Baixo patrimônio - financeiro concentrado;REDE;11;690;0.015942028985507246;0.01863932898415657;0.016356550853504584;0.8552898550724638;0.9746571345199883;-0.2697299998649323;-0.04145218679973382
SG_PARTIDO;01_baixo;Baixo patrimônio - financeiro concentrado;CIDADANIA;10;690;0.014492753623188406;0.01472506989748369;0.016685877380756352;0.9842230783342506;0.8685640732265447;-0.023231627429528418;-0.21931237575679458
SG_PARTIDO;01_baixo;Baixo patrimônio - financeiro concentrado;PROS;10;690;0.014492753623188406;0.03597390493942218;0.028212305834568307;0.40286851392956374;0.513703265098968;-2.1481151316233773;-1.3719552211379902
SG_PARTIDO;01_baixo;Baixo patrimônio - financeiro concentrado;PV;6;690;0.008695652173913044;0.011929170549860205;0.012294857017399418;0.7289402173913043;0.7072593167701864;-0.3233518375947162;-0.35992048434863744
SG_PARTIDO;01_baixo;Baixo patrimônio - financeiro concentrado;DC;4;690;0.005797101449275362;0.024044734389561975;0.018058071244305394;0.24109650601056062;0.32102550548433995;-1.8247632940286613;-1.2260969795030032
SG_PARTIDO;01_baixo;Baixo patrimônio - financeiro concentrado;PSTU;4;690;0.005797101449275362;0.006710158434296365;0.00488501015423459;0.8639291465378423;1.1867122618466048;-0.0913056985021003;0.09120912950407725
SG_PARTIDO;01_baixo;Baixo patrimônio - financeiro concentrado;PC DO B;3;690;0.004347826086956522;0.007269338303821062;0.008068499917668368;0.5981047937569677;0.5388642413487134;-0.292151221686454;-0.37206738307118464
SG_PARTIDO;01_baixo;Baixo patrimônio - financeiro concentrado;PCO;3;690;0.004347826086956522;0.004659832246039142;0.002524836708930238;0.9330434782608696;1.7220226843100188;-0.031200615908262043;0.1822989378026284
SG_PARTIDO;01_baixo;Baixo patrimônio - financeiro concentrado;PMN;3;690;0.004347826086956522;0.020689655172413793;0.01756408145342774;0.2101449275362319;0.24754076086956525;-1.6341829085457271;-1.3216255366471217
SG_PARTIDO;01_baixo;Baixo patrimônio - financeiro concentrado;PRTB;2;690;0.002898550724637681;0.036533084808946875;0.02826719358911027;0.07934043182490388;0.10254115660616293;-3.363453408430919;-2.536864286447259
SG_PARTIDO;01_baixo;Baixo patrimônio - veicular concentrado com financeiro e societário;UNIÃO;30;427;0.0702576112412178;0.046411929170549863;0.0636149075141336;1.5137834711210179;1.1044205515131553;2.384568207066793;0.6642703727084198
SG_PARTIDO;01_baixo;Baixo patrimônio - veicular concentrado com financeiro e societário;MDB;28;427;0.06557377049180328;0.04790307548928239;0.05357044843295461;1.3688843528736365;1.2240661112604139;1.7670695002520893;1.2003322058848673
SG_PARTIDO;01_baixo;Baixo patrimônio - veicular concentrado com financeiro e societário;PATRIOTA;25;427;0.0585480093676815;0.04808946877912395;0.039409407761128494;1.2174808924713616;1.4856353519077845;1.0458540588557552;1.9138601606553007
SG_PARTIDO;01_baixo;Baixo patrimônio - veicular concentrado com financeiro e societário;PP;25;427;0.0585480093676815;0.041379310344827586;0.054009550469290304;1.4149102263856363;1.0840306734449077;1.7168699022853915;0.45384588983911966
SG_PARTIDO;01_baixo;Baixo patrimônio - veicular concentrado com financeiro e societário;PSOL;25;427;0.0585480093676815;0.0451071761416589;0.02931006092540754;1.2979754969322779;1.9975396679209538;1.3440833226022604;2.923794844227396
SG_PARTIDO;01_baixo;Baixo patrimônio - veicular concentrado com financeiro e societário;PSB;24;427;0.05620608899297424;0.04082013047530289;0.046709479115209396;1.3769208559237753;1.2033122624712076;1.5385958517671348;0.9496609877764843
SG_PARTIDO;01_baixo;Baixo patrimônio - veicular concentrado com financeiro e societário;PSD;21;427;0.04918032786885246;0.03485554520037279;0.047038805642461164;1.4109757166652055;1.0455267134686383;1.432478266847967;0.21415222263912945
SG_PARTIDO;01_baixo;Baixo patrimônio - veicular concentrado com financeiro e societário;PT;21;427;0.04918032786885246;0.04305684995340168;0.05049673417860475;1.1422184373004045;0.9739308624376337;0.612347791545078;-0.13164063097522924
SG_PARTIDO;01_baixo;Baixo patrimônio - veicular concentrado com financeiro e societário;PODE;20;427;0.0468384074941452;0.042311276794035416;0.04429441791536308;1.1069958423175728;1.0574336383343637;0.4527130700109787;0.2543989578782123
SG_PARTIDO;01_baixo;Baixo patrimônio - veicular concentrado com financeiro e societário;PTB;20;427;0.0468384074941452;0.04473438956197577;0.040562050606509685;1.0470335675253708;1.1547347038373903;0.21040179321694316;0.6276356887635517
SG_PARTIDO;01_baixo;Baixo patrimônio - veicular concentrado com financeiro e societário;NOVO;18;427;0.04215456674473068;0.011929170549860205;0.021296448762281137;3.533738290398126;1.9794176585624952;3.022539619487047;2.085811798244954
SG_PARTIDO;01_baixo;Baixo patrimônio - veicular concentrado com financeiro e societário;REPUBLICANOS;16;427;0.03747072599531616;0.04771668219944082;0.05351556067841265;0.785275175644028;0.7001837506755539;-1.0245956204124662;-1.604483468309649
SG_PARTIDO;01_baixo;Baixo patrimônio - veicular concentrado com financeiro e societário;PDT;15;427;0.0351288056206089;0.04790307548928239;0.043580877106317584;0.7333309033251624;0.8060600876597902;-1.2774269868673491;-0.8452071485708688
SG_PARTIDO;01_baixo;Baixo patrimônio - veicular concentrado com financeiro e societário;PL;14;427;0.03278688524590164;0.04920782851817335;0.06663373401394149;0.666294088425236;0.4920463445593756;-1.6420943272271706;-3.3846848768039846
SG_PARTIDO;01_baixo;Baixo patrimônio - veicular concentrado com financeiro e societário;PMB;14;427;0.03278688524590164;0.043243243243243246;0.02437016301663099;0.7581967213114754;1.3453699601240585;-1.0456357997341605;0.8416722229270652
SG_PARTIDO;01_baixo;Baixo patrimônio - veicular concentrado com financeiro e societário;PSDB;14;427;0.03278688524590164;0.02702702702702703;0.03578681596135902;1.2131147540983607;0.9161721814341749;0.5759858218874613;-0.29999307154573784
SG_PARTIDO;01_baixo;Baixo patrimônio - veicular concentrado com financeiro e societário;SOLIDARIEDADE;14;427;0.03278688524590164;0.03727865796831314;0.0356770404522751;0.8795081967213116;0.9189911727616645;-0.44917727224114967;-0.2890155206373458
SG_PARTIDO;01_baixo;Baixo patrimônio - veicular concentrado com financeiro e societário;AVANTE;13;427;0.03044496487119438;0.04063373718546132;0.03468906087051979;0.7492533785961369;0.8776531882726113;-1.0188772314266945;-0.424409599932541
SG_PARTIDO;01_baixo;Baixo patrimônio - veicular concentrado com financeiro e societário;PROS;13;427;0.03044496487119438;0.03597390493942218;0.028212305834568307;0.8463069250464137;1.0791377723507596;-0.5528940068227801;0.22326590366260718
SG_PARTIDO;01_baixo;Baixo patrimônio - veicular concentrado com financeiro e societário;PSC;8;427;0.01873536299765808;0.03821062441752097;0.03463417311597783;0.4903181584509054;0.5409502035726348;-1.9475261419862888;-1.5898810118319748
SG_PARTIDO;01_baixo;Baixo patrimônio - veicular concentrado com financeiro e societário;AGIR;7;427;0.01639344262295082;0.027586206896551724;0.021735550798616828;0.5942622950819673;0.7542225534028814;-1.1192764273600904;-0.5342108175666007
SG_PARTIDO;01_baixo;Baixo patrimônio - veicular concentrado com financeiro e societário;PMN;6;427;0.01405152224824356;0.020689655172413793;0.01756408145342774;0.6791569086651054;0.800014637002342;-0.6638132924170234;-0.35125592051841786
SG_PARTIDO;01_baixo;Baixo patrimônio - veicular concentrado com financeiro e societário;PCB;5;427;0.0117096018735363;0.0065237651444548;0.0034030407816016245;1.7949146871863502;3.4409231699025464;0.5185836729081501;0.8306561091934676
SG_PARTIDO;01_baixo;Baixo patrimônio - veicular concentrado com financeiro e societário;PV;5;427;0.0117096018735363;0.011929170549860205;0.012294857017399418;0.9815939695550352;0.9523983773837404;-0.02195686763239047;-0.05852551438631174
SG_PARTIDO;01_baixo;Baixo patrimônio - veicular concentrado com financeiro e societário;REDE;5;427;0.0117096018735363;0.01863932898415657;0.016356550853504584;0.6282201405152226;0.715896766892476;-0.6929727110620268;-0.46469489799682834
SG_PARTIDO;01_baixo;Baixo patrimônio - veicular concentrado com financeiro e societário;CIDADANIA;4;427;0.00936768149882904;0.01472506989748369;0.016685877380756352;0.6361722941926303;0.5614137803525207;-0.535738839865465;-0.7318195881927312
SG_PARTIDO;01_baixo;Baixo patrimônio - veicular concentrado com financeiro e societário;DC;4;427;0.00936768149882904;0.024044734389561975;0.018058071244305394;0.3895938855908357;0.5187531587451863;-1.4677052890732936;-0.8690389745476355
SG_PARTIDO;01_baixo;Baixo patrimônio - veicular concentrado com financeiro e societário;PC DO B;4;427;0.00936768149882904;0.007269338303821062;0.008068499917668368;1.288656698492764;1.1610189743344645;0.20983431950079776;0.12991815811606716
SG_PARTIDO;01_baixo;Baixo patrimônio - veicular concentrado com financeiro e societário;PRTB;4;427;0.00936768149882904;0.036533084808946875;0.02826719358911027;0.2564163838837643;0.33139764898478885;-2.7165403310117835;-1.889951209028123
SG_PARTIDO;01_baixo;Baixo patrimônio - veicular concentrado com financeiro e societário;PSTU;4;427;0.00936768149882904;0.006710158434296365;0.00488501015423459;1.3960447567004943;1.9176380812041156;0.2657523064532675;0.448267134459445
SG_PARTIDO;01_baixo;Baixo patrimônio - veicular concentrado com financeiro e societário;UP;1;427;0.00234192037470726;0.006896551724137931;0.0027443877270980845;0.3395784543325527;0.8533489461358313;-0.4554631349430671;-0.040246735239082454
SG_PARTIDO;03_medio_alto;Patrimônio médio-alto - imobiliário concentrado com financeiro e societário;PT;33;392;0.08418367346938775;0.06144015728680265;0.05049673417860475;1.370173469387755;1.6671112466725821;2.27435161825851;3.3686939290783
SG_PARTIDO;03_medio_alto;Patrimônio médio-alto - imobiliário concentrado com financeiro e societário;REPUBLICANOS;31;392;0.07908163265306123;0.05898255099533055;0.05351556067841265;1.340763180272109;1.4777315541601257;2.009908165773068;2.556607197464858
SG_PARTIDO;03_medio_alto;Patrimônio médio-alto - imobiliário concentrado com financeiro e societário;UNIÃO;28;392;0.07142857142857142;0.06660113049889407;0.0636149075141336;1.0724828676858198;1.1228275607050413;0.48274409296773513;0.781366391443783
SG_PARTIDO;03_medio_alto;Patrimônio médio-alto - imobiliário concentrado com financeiro e societário;PSD;27;392;0.06887755102040816;0.050626689604325384;0.047038805642461164;1.3604988111749554;1.4642708308527612;1.8250861416082773;2.1838745377946993
SG_PARTIDO;03_medio_alto;Patrimônio médio-alto - imobiliário concentrado com financeiro e societário;PL;26;392;0.0663265306122449;0.0786434013271074;0.06663373401394149;0.8433832908163266;0.9953896715193492;-1.2316870714862496;-0.030720340169658467
SG_PARTIDO;03_medio_alto;Patrimônio médio-alto - imobiliário concentrado com financeiro e societário;PP;26;392;0.0663265306122449;0.053084295895797495;0.054009550469290304;1.2494567271352985;1.2280518914883027;1.3242234716447407;1.2316980142954597
SG_PARTIDO;03_medio_alto;Patrimônio médio-alto - imobiliário concentrado com financeiro e societário;MDB;20;392;0.05102040816326531;0.04669451953797002;0.05357044843295461;1.092642320085929;0.9523983773837403;0.4325888625295288;-0.2550040269689302
SG_PARTIDO;03_medio_alto;Patrimônio médio-alto - imobiliário concentrado com financeiro e societário;PDT;19;392;0.04846938775510204;0.03907594003440649;0.043580877106317584;1.240389552047234;1.1121710019020201;0.9393447720695551;0.48885106487844554
SG_PARTIDO;03_medio_alto;Patrimônio médio-alto - imobiliário concentrado com financeiro e societário;PSDB;18;392;0.04591836734693878;0.03760137625952322;0.03578681596135902;1.2211884753901563;1.2831084887942907;0.8316991087415557;1.0131551385579758
SG_PARTIDO;03_medio_alto;Patrimônio médio-alto - imobiliário concentrado com financeiro e societário;PODE;17;392;0.04336734693877551;0.04472843450479233;0.04429441791536308;0.9695699708454811;0.9790702526363706;-0.13610875660168206;-0.09270709765875698
SG_PARTIDO;03_medio_alto;Patrimônio médio-alto - imobiliário concentrado com financeiro e societário;PSB;17;392;0.04336734693877551;0.050872450233472595;0.046709479115209396;0.8524721482796017;0.9284485239454183;-0.7505103294697085;-0.3342132176433886
SG_PARTIDO;03_medio_alto;Patrimônio médio-alto - imobiliário concentrado com financeiro e societário;PTB;16;392;0.04081632653061224;0.04349963135905628;0.040562050606509685;0.9383143087743571;1.0062688133440114;-0.268330482844404;0.02542759241025566
SG_PARTIDO;03_medio_alto;Patrimônio médio-alto - imobiliário concentrado com financeiro e societário;AVANTE;13;392;0.03316326530612245;0.029737036126812486;0.03468906087051979;1.1152175746331592;0.956015080082666;0.34262291793099653;-0.15257955643973378
SG_PARTIDO;03_medio_alto;Patrimônio médio-alto - imobiliário concentrado com financeiro e societário;NOVO;13;392;0.03316326530612245;0.02433030228557385;0.021296448762281137;1.3630437023294166;1.5572204397222806;0.88329630205486;1.1866816543841314
SG_PARTIDO;03_medio_alto;Patrimônio médio-alto - imobiliário concentrado com financeiro e societário;PSC;11;392;0.02806122448979592;0.034652248709756694;0.03463417311597783;0.8097951946736142;0.8102178272259775;-0.6591024219960776;-0.657294862618191
SG_PARTIDO;03_medio_alto;Patrimônio médio-alto - imobiliário concentrado com financeiro e societário;PSOL;10;392;0.025510204081632654;0.02752519046448759;0.02931006092540754;0.9267948250728864;0.8703565695941298;-0.20149863828549353;-0.37998568437748875
SG_PARTIDO;03_medio_alto;Patrimônio médio-alto - imobiliário concentrado com financeiro e societário;PATRIOTA;9;392;0.02295918367346939;0.036864094372081595;0.039409407761128494;0.6228061224489796;0.5825812915695526;-1.3904910698612205;-1.6450224087659104
SG_PARTIDO;03_medio_alto;Patrimônio médio-alto - imobiliário concentrado com financeiro e societário;SOLIDARIEDADE;8;392;0.02040816326530612;0.03170312115999017;0.0356770404522751;0.6437272583451985;0.5720251177394033;-1.1294957894684048;-1.5268877186968979
SG_PARTIDO;03_medio_alto;Patrimônio médio-alto - imobiliário concentrado com financeiro e societário;REDE;7;392;0.017857142857142856;0.016957483411157534;0.016356550853504584;1.053053830227743;1.0917425695110257;0.08996594459853222;0.15005920036382722
SG_PARTIDO;03_medio_alto;Patrimônio médio-alto - imobiliário concentrado com financeiro e societário;PROS;6;392;0.015306122448979591;0.022118456623248954;0.028212305834568307;0.6920068027210885;0.5425335503851346;-0.6812334174269362;-1.2906183385588714
SG_PARTIDO;03_medio_alto;Patrimônio médio-alto - imobiliário concentrado com financeiro e societário;PV;6;392;0.015306122448979591;0.010813467682477268;0.012294857017399418;1.4154684601113172;1.2449207361516035;0.44926547665023236;0.30112654315801735
SG_PARTIDO;03_medio_alto;Patrimônio médio-alto - imobiliário concentrado com financeiro e societário;PC DO B;5;392;0.012755102040816327;0.009584664536741214;0.008068499917668368;1.3307823129251701;1.5808517284464807;0.3170437504075113;0.4686602123147959
SG_PARTIDO;03_medio_alto;Patrimônio médio-alto - imobiliário concentrado com financeiro e societário;PCB;5;392;0.012755102040816327;0.002703366920619317;0.0034030407816016245;4.718228200371057;3.7481484529295592;1.005173512019701;0.9352061259214702
SG_PARTIDO;03_medio_alto;Patrimônio médio-alto - imobiliário concentrado com financeiro e societário;PRTB;5;392;0.012755102040816327;0.0277709510936348;0.02826719358911027;0.4592965504785985;0.4512334059837527;-1.5015849052818473;-1.5512091548293943
SG_PARTIDO;03_medio_alto;Patrimônio médio-alto - imobiliário concentrado com financeiro e societário;CIDADANIA;4;392;0.01020408163265306;0.016711722782010323;0.016685877380756352;0.6105942376950779;0.6115400107411386;-0.6507641149357263;-0.6481795748103292
SG_PARTIDO;03_medio_alto;Patrimônio médio-alto - imobiliário concentrado com financeiro e societário;PCO;4;392;0.01020408163265306;0.0017203244040304743;0.002524836708930238;5.931486880466472;4.04148181011535;0.8483757228622586;0.7679244923722822
SG_PARTIDO;03_medio_alto;Patrimônio médio-alto - imobiliário concentrado com financeiro e societário;PMN;3;392;0.007653061224489796;0.014499877119685426;0.01756408145342774;0.527801798685576;0.4357222576530613;-0.684681589519563;-0.9911020228937942
SG_PARTIDO;03_medio_alto;Patrimônio médio-alto - imobiliário concentrado com financeiro e societário;DC;2;392;0.00510204081632653;0.018186286556893586;0.018058071244305394;0.28054329840044123;0.2825352025308604;-1.3084245740567058;-1.2956030427978864
SG_PARTIDO;03_medio_alto;Patrimônio médio-alto - imobiliário concentrado com financeiro e societário;PMB;2;392;0.00510204081632653;0.018923568444335216;0.02437016301663099;0.2696130400212033;0.20935603971318256;-1.3821527628008687;-1.9268122200304458
SG_PARTIDO;03_medio_alto;Patrimônio médio-alto - imobiliário concentrado com financeiro e societário;AGIR;1;392;0.002551020408163265;0.018186286556893586;0.021735550798616828;0.14027164920022062;0.11736626468769325;-1.5635266148730322;-1.9184530390453562
SG_PARTIDO;03_medio_alto;Patrimônio médio-alto - veicular diversificado;PL;49;398;0.12311557788944724;0.0786434013271074;0.06663373401394149;1.5654915201005026;1.847646386793937;4.447217656233985;5.648184387550575
SG_PARTIDO;03_medio_alto;Patrimônio médio-alto - veicular diversificado;UNIÃO;39;398;0.09798994974874371;0.06660113049889407;0.0636149075141336;1.4712955923529085;1.5403614274998807;3.1388819249849638;3.4375042234610116
SG_PARTIDO;03_medio_alto;Patrimônio médio-alto - veicular diversificado;MDB;27;398;0.0678391959798995;0.04669451953797002;0.05357044843295461;1.4528299391695318;1.2663548274157674;2.114467644192948;1.426874754694489
SG_PARTIDO;03_medio_alto;Patrimônio médio-alto - veicular diversificado;PP;25;398;0.06281407035175879;0.053084295895797495;0.054009550469290304;1.183289130839382;1.1630178330677778;0.9729774455961293;0.8804519882468484
SG_PARTIDO;03_medio_alto;Patrimônio médio-alto - veicular diversificado;PSD;24;398;0.06030150753768844;0.050626689604325384;0.047038805642461164;1.1911011367517197;1.281952352192702;0.9674817933363056;1.3262701895227276
SG_PARTIDO;03_medio_alto;Patrimônio médio-alto - veicular diversificado;REPUBLICANOS;22;398;0.05527638190954774;0.05898255099533055;0.05351556067841265;0.9371649916247906;1.0329029764205644;-0.37061690857828067;0.1760821231135093
SG_PARTIDO;03_medio_alto;Patrimônio médio-alto - veicular diversificado;PSB;21;398;0.052763819095477386;0.050872450233472595;0.046709479115209396;1.0371786468574757;1.129616944888957;0.18913688620047914;0.6054339980267991
SG_PARTIDO;03_medio_alto;Patrimônio médio-alto - veicular diversificado;PODE;20;398;0.05025125628140704;0.04472843450479233;0.04429441791536308;1.1234745154343144;1.134482823037119;0.5522821776614707;0.5956838366043958
SG_PARTIDO;03_medio_alto;Patrimônio médio-alto - veicular diversificado;PDT;19;398;0.04773869346733668;0.03907594003440649;0.043580877106317584;1.2216902120666224;1.0954046048884218;0.8662753432930194;0.4157816361019098
SG_PARTIDO;03_medio_alto;Patrimônio médio-alto - veicular diversificado;PTB;18;398;0.04522613065326633;0.04349963135905628;0.040562050606509685;1.03968997530023;1.1149862982027867;0.17264992942100515;0.4664080046756648
SG_PARTIDO;03_medio_alto;Patrimônio médio-alto - veicular diversificado;NOVO;13;398;0.032663316582914576;0.02433030228557385;0.021296448762281137;1.3424953048068626;1.5337447547013419;0.8333014297340725;1.136686782063344
SG_PARTIDO;03_medio_alto;Patrimônio médio-alto - veicular diversificado;PT;13;398;0.032663316582914576;0.06144015728680265;0.05049673417860475;0.5316281407035176;0.6468401791566529;-2.8776840703888076;-1.7833417595690175
SG_PARTIDO;03_medio_alto;Patrimônio médio-alto - veicular diversificado;PSDB;12;398;0.03015075376884422;0.03760137625952322;0.03578681596135902;0.8018523992511578;0.8425100964947436;-0.7450622490679002;-0.56360621925148
SG_PARTIDO;03_medio_alto;Patrimônio médio-alto - veicular diversificado;AVANTE;10;398;0.02512562814070352;0.029737036126812486;0.03468906087051979;0.84492711491341;0.7243098403409453;-0.4611407986108967;-0.956343272981627
SG_PARTIDO;03_medio_alto;Patrimônio médio-alto - veicular diversificado;PMN;10;398;0.02512562814070352;0.014499877119685426;0.01756408145342774;1.7328166255003834;1.430511934673367;1.0625751021018093;0.756154668727578
SG_PARTIDO;03_medio_alto;Patrimônio médio-alto - veicular diversificado;PROS;9;398;0.022613065326633167;0.022118456623248954;0.028212305834568307;1.0223618090452262;0.8015319789609526;0.04946087033842125;-0.559924050793514
SG_PARTIDO;03_medio_alto;Patrimônio médio-alto - veicular diversificado;PRTB;9;398;0.022613065326633167;0.0277709510936348;0.02826719358911027;0.8142704673811536;0.7999756061862712;-0.5157885767001633;-0.5654128262477104
SG_PARTIDO;03_medio_alto;Patrimônio médio-alto - veicular diversificado;PSC;9;398;0.022613065326633167;0.034652248709756694;0.03463417311597783;0.6525713674756763;0.6529119448271468;-1.2039183383123528;-1.2021107789344663
SG_PARTIDO;03_medio_alto;Patrimônio médio-alto - veicular diversificado;AGIR;8;398;0.020100502512562814;0.018186286556893586;0.021735550798616828;1.1052560097786228;0.9247753921120756;0.19142159556692281;-0.1635048286054014
SG_PARTIDO;03_medio_alto;Patrimônio médio-alto - veicular diversificado;PMB;8;398;0.020100502512562814;0.018923568444335216;0.02437016301663099;1.0621940873197155;0.8247996740459053;0.11769340682275982;-0.4269660504068174
SG_PARTIDO;03_medio_alto;Patrimônio médio-alto - veicular diversificado;SOLIDARIEDADE;7;398;0.017587939698492462;0.03170312115999017;0.0356770404522751;0.5547699739005103;0.49297642056436025;-1.4115181461497706;-1.8089100753782636
SG_PARTIDO;03_medio_alto;Patrimônio médio-alto - veicular diversificado;PATRIOTA;6;398;0.01507537688442211;0.036864094372081595;0.039409407761128494;0.4089447236180904;0.3825324393555521;-2.1788717487659484;-2.4334030876706385
SG_PARTIDO;03_medio_alto;Patrimônio médio-alto - veicular diversificado;CIDADANIA;4;398;0.010050251256281407;0.016711722782010323;0.016685877380756352;0.6013892994383683;0.6023208145993124;-0.6661471525728916;-0.6635626124474945
SG_PARTIDO;03_medio_alto;Patrimônio médio-alto - veicular diversificado;DC;4;398;0.010050251256281407;0.018186286556893586;0.018058071244305394;0.5526280048893114;0.5565517557391823;-0.8136035300612179;-0.8007819988023986
SG_PARTIDO;03_medio_alto;Patrimônio médio-alto - veicular diversificado;PSOL;4;398;0.010050251256281407;0.02752519046448759;0.02931006092540754;0.3651292175161522;0.3428942465134662;-1.7474939208206184;-1.9259809669126131
SG_PARTIDO;03_medio_alto;Patrimônio médio-alto - veicular diversificado;PC DO B;3;398;0.007537688442211055;0.009584664536741214;0.008068499917668368;0.7864321608040201;0.9342118757050558;-0.20469760945301588;-0.05308114754573132
SG_PARTIDO;03_medio_alto;Patrimônio médio-alto - veicular diversificado;PV;3;398;0.007537688442211055;0.010813467682477268;0.012294857017399418;0.6970648698035632;0.6130765434314429;-0.3275779240266213;-0.4757168575188363
SG_PARTIDO;03_medio_alto;Patrimônio médio-alto - veicular diversificado;PCB;1;398;0.002512562814070352;0.002703366920619317;0.0034030407816016245;0.929419826404751;0.7383287404765765;-0.01908041065489651;-0.08904779675312727
SG_PARTIDO;03_medio_alto;Patrimônio médio-alto - veicular diversificado;REDE;1;398;0.002512562814070352;0.016957483411157534;0.016356550853504584;0.14816837812249653;0.1536120198306971;-1.444492059708718;-1.3843988039434232
SG_PARTIDO;02_medio_baixo;Patrimônio médio-baixo - imobiliário concentrado com financeiro e societário;PT;32;289;0.11072664359861592;0.05207835642618251;0.05049673417860475;2.126154725246818;2.1927486083947647;5.86482871724334;6.022990942001117
SG_PARTIDO;02_medio_baixo;Patrimônio médio-baixo - imobiliário concentrado com financeiro e societário;MDB;19;289;0.0657439446366782;0.04992833253702819;0.05357044843295461;1.3167662787039949;1.227242753417664;1.5815612099650003;1.2173496203723586
SG_PARTIDO;02_medio_baixo;Patrimônio médio-baixo - imobiliário concentrado com financeiro e societário;PSOL;18;289;0.06228373702422145;0.03487816531294792;0.02931006092540754;1.785751528653363;2.1249951401578477;2.740557171127353;3.297367609881391
SG_PARTIDO;02_medio_baixo;Patrimônio médio-baixo - imobiliário concentrado com financeiro e societário;UNIÃO;18;289;0.06228373702422145;0.05709507883420927;0.0636149075141336;1.0908775028593765;0.9790745512030118;0.5188658190012179;-0.13311704899121451
SG_PARTIDO;02_medio_baixo;Patrimônio médio-baixo - imobiliário concentrado com financeiro e societário;PL;17;289;0.058823529411764705;0.055661729574773056;0.06663373401394149;1.0568038374147941;0.8827890299447622;0.31617998369916495;-0.7810204602176782
SG_PARTIDO;02_medio_baixo;Patrimônio médio-baixo - imobiliário concentrado com financeiro e societário;PSD;15;289;0.05190311418685121;0.038222646918299095;0.047038805642461164;1.3579152249134947;1.1034105453561753;1.3680467268552112;0.48643085443900447
SG_PARTIDO;02_medio_baixo;Patrimônio médio-baixo - imobiliário concentrado com financeiro e societário;PTB;14;289;0.04844290657439446;0.043478260869565216;0.040562050606509685;1.1141868512110726;1.1942913597819929;0.4964645704829247;0.7880855967884779
SG_PARTIDO;02_medio_baixo;Patrimônio médio-baixo - imobiliário concentrado com financeiro e societário;PODE;13;289;0.04498269896193772;0.04013377926421405;0.04429441791536308;1.1208189158016149;1.0155387761927426;0.48489196977236704;0.06882810465746389
SG_PARTIDO;02_medio_baixo;Patrimônio médio-baixo - imobiliário concentrado com financeiro e societário;PP;13;289;0.04498269896193772;0.0482560917343526;0.054009550469290304;0.9321662270033233;0.8328656426702675;-0.3273392772414882;-0.9026851507352586
SG_PARTIDO;02_medio_baixo;Patrimônio médio-baixo - imobiliário concentrado com financeiro e societário;PDT;12;289;0.04152249134948097;0.04323936932632585;0.043580877106317584;0.9602936397178305;0.952768601884375;-0.17168779768448814;-0.2058385756836617
SG_PARTIDO;02_medio_baixo;Patrimônio médio-baixo - imobiliário concentrado com financeiro e societário;PSDB;11;289;0.03806228373702422;0.034400382226469184;0.03578681596135902;1.1064494425221068;1.0635839684123378;0.3661901510555038;0.2275467775665202
SG_PARTIDO;02_medio_baixo;Patrimônio médio-baixo - imobiliário concentrado com financeiro e societário;PSB;10;289;0.03460207612456748;0.04801720019111323;0.046709479115209396;0.7206183614797983;0.7407934487820151;-1.3415124066545756;-1.210740299064192
SG_PARTIDO;02_medio_baixo;Patrimônio médio-baixo - imobiliário concentrado com financeiro e societário;REPUBLICANOS;10;289;0.03460207612456748;0.055661729574773056;0.05351556067841265;0.6216493161263495;0.6465797178599947;-2.1059653450205578;-1.8913484553845172
SG_PARTIDO;02_medio_baixo;Patrimônio médio-baixo - imobiliário concentrado com financeiro e societário;AVANTE;9;289;0.031141868512110725;0.035355948399426664;0.03468906087051979;0.880809875619564;0.8977432000350399;-0.42140798873159385;-0.35471923584090637
SG_PARTIDO;02_medio_baixo;Patrimônio médio-baixo - imobiliário concentrado com financeiro e societário;NOVO;9;289;0.031141868512110725;0.018155757286192068;0.021296448762281137;1.7152613367328355;1.4623033567581063;1.2986111225918657;0.9845419749829588
SG_PARTIDO;02_medio_baixo;Patrimônio médio-baixo - imobiliário concentrado com financeiro e societário;PMB;8;289;0.02768166089965398;0.020544672718585764;0.02437016301663099;1.3473887503017623;1.1358832881324232;0.7136988181068217;0.33114978830229913
SG_PARTIDO;02_medio_baixo;Patrimônio médio-baixo - imobiliário concentrado com financeiro e societário;PSC;8;289;0.02768166089965398;0.03702818920210225;0.03463417311597783;0.7475834356513004;0.7992586052785987;-0.9346528302448267;-0.6952512216323848
SG_PARTIDO;02_medio_baixo;Patrimônio médio-baixo - imobiliário concentrado com financeiro e societário;SOLIDARIEDADE;8;289;0.02768166089965398;0.046822742474916385;0.0356770404522751;0.5912011863568958;0.7758956614319936;-1.9141081575262404;-0.7995379552621119
SG_PARTIDO;02_medio_baixo;Patrimônio médio-baixo - imobiliário concentrado com financeiro e societário;REDE;6;289;0.020761245674740483;0.019350215002388916;0.016356550853504584;1.0729206715365884;1.2692923991546874;0.14110306723515675;0.44046948212358994
SG_PARTIDO;02_medio_baixo;Patrimônio médio-baixo - imobiliário concentrado com financeiro e societário;DC;5;289;0.01730103806228374;0.019827998088867656;0.018058071244305394;0.8725559678159003;0.9580778494126062;-0.25269600265839176;-0.07570331820216554
SG_PARTIDO;02_medio_baixo;Patrimônio médio-baixo - imobiliário concentrado com financeiro e societário;PATRIOTA;5;289;0.01730103806228374;0.039417104634495936;0.039409407761128494;0.4389220929013317;0.4390078167921273;-2.21160665722122;-2.2108369698844754
SG_PARTIDO;02_medio_baixo;Patrimônio médio-baixo - imobiliário concentrado com financeiro e societário;AGIR;4;289;0.01384083044982699;0.026755852842809364;0.021735550798616828;0.5173010380622838;0.6367830554681766;-1.2915022392982374;-0.7894720348789839
SG_PARTIDO;02_medio_baixo;Patrimônio médio-baixo - imobiliário concentrado com financeiro e societário;PC DO B;4;289;0.01384083044982699;0.008838987099856666;0.008068499917668368;1.5658842233236696;1.7154155779959044;0.5001843349970324;0.5772330532158622
SG_PARTIDO;02_medio_baixo;Patrimônio médio-baixo - imobiliário concentrado com financeiro e societário;PROS;4;289;0.01384083044982699;0.027233635929288104;0.028212305834568307;0.5082255812541735;0.4905955057692567;-1.3392805479461114;-1.4371475384741317
SG_PARTIDO;02_medio_baixo;Patrimônio médio-baixo - imobiliário concentrado com financeiro e societário;UP;4;289;0.01384083044982699;0.0016722408026755853;0.0027443877270980845;8.27681660899654;5.043321799307958;1.2168589647151404;1.1096442722728905
SG_PARTIDO;02_medio_baixo;Patrimônio médio-baixo - imobiliário concentrado com financeiro e societário;PMN;3;289;0.010380622837370242;0.022694696607740088;0.01756408145342774;0.4574030231287561;0.5910142733564014;-1.2314073770369847;-0.7183458616057496
SG_PARTIDO;02_medio_baixo;Patrimônio médio-baixo - imobiliário concentrado com financeiro e societário;PRTB;3;289;0.010380622837370242;0.02771141901576684;0.02826719358911027;0.3745973034244124;0.3672321698525212;-1.73307961783966;-1.788657075174003
SG_PARTIDO;02_medio_baixo;Patrimônio médio-baixo - imobiliário concentrado com financeiro e societário;CIDADANIA;2;289;0.006920415224913495;0.016961299569995224;0.016685877380756352;0.40801208635898434;0.4147468584957203;-1.0040884345081729;-0.9765462155842857
SG_PARTIDO;02_medio_baixo;Patrimônio médio-baixo - imobiliário concentrado com financeiro e societário;PCB;2;289;0.006920415224913495;0.00358337314859054;0.0034030407816016245;1.9312572087658593;2.033597499720951;0.3337042076322955;0.35173744433118703
SG_PARTIDO;02_medio_baixo;Patrimônio médio-baixo - imobiliário concentrado com financeiro e societário;PCO;1;289;0.0034602076124567475;0.003105590062111801;0.002524836708930238;1.1141868512110729;1.3704678802467278;0.03546175503449465;0.09353709035265097
SG_PARTIDO;02_medio_baixo;Patrimônio médio-baixo - imobiliário concentrado com financeiro e societário;PSTU;1;289;0.0034602076124567475;0.007405637840420449;0.00488501015423459;0.46723964728206274;0.7083317133859492;-0.39454302279637016;-0.14248025417778423
SG_PARTIDO;02_medio_baixo;Patrimônio médio-baixo - imobiliário concentrado com financeiro e societário;PV;1;289;0.0034602076124567475;0.016483516483516484;0.012294857017399418;0.209919261822376;0.2814353682649531;-1.3023308871059736;-0.8834649404942669
SG_PARTIDO;02_medio_baixo;Patrimônio médio-baixo - societário + veicular;PL;25;326;0.07668711656441718;0.055661729574773056;0.06663373401394149;1.3777350641143788;1.1508752690997666;2.1025386989644126;1.0053382550475694
SG_PARTIDO;02_medio_baixo;Patrimônio médio-baixo - societário + veicular;PTB;24;326;0.0736196319018405;0.043478260869565216;0.040562050606509685;1.6932515337423315;1.8149879210008553;3.014137103227528;3.305758129533081
SG_PARTIDO;02_medio_baixo;Patrimônio médio-baixo - societário + veicular;UNIÃO;24;326;0.0736196319018405;0.05709507883420927;0.0636149075141336;1.2894216700464616;1.1572701239168526;1.6524553067631225;1.00047243877069
SG_PARTIDO;02_medio_baixo;Patrimônio médio-baixo - societário + veicular;PP;20;326;0.06134969325153374;0.0482560917343526;0.054009550469290304;1.2713357225293083;1.1359045338919647;1.3093601517181142;0.7340142782243437
SG_PARTIDO;02_medio_baixo;Patrimônio médio-baixo - societário + veicular;REPUBLICANOS;20;326;0.06134969325153374;0.055661729574773056;0.05351556067841265;1.1021880512915032;1.1463898065125058;0.5687963676760687;0.7834132573121093
SG_PARTIDO;02_medio_baixo;Patrimônio médio-baixo - societário + veicular;PSB;18;326;0.05521472392638037;0.04801720019111323;0.046709479115209396;1.1498946982877027;1.1820881964920376;0.7197523735267136;0.8505244811170973
SG_PARTIDO;02_medio_baixo;Patrimônio médio-baixo - societário + veicular;PDT;17;326;0.05214723926380368;0.04323936932632585;0.043580877106317584;1.2060129478358133;1.1965624082458932;0.890786993747783;0.8566362157486095
SG_PARTIDO;02_medio_baixo;Patrimônio médio-baixo - societário + veicular;MDB;16;326;0.049079754601226995;0.04992833253702819;0.05357044843295461;0.98300408019491;0.9161721814341748;-0.08485779358011966;-0.44906938317276146
SG_PARTIDO;02_medio_baixo;Patrimônio médio-baixo - societário + veicular;PODE;15;326;0.046012269938650305;0.04013377926421405;0.04429441791536308;1.1464723926380367;1.0387825848974845;0.5878490674436256;0.17178520232872252
SG_PARTIDO;02_medio_baixo;Patrimônio médio-baixo - societário + veicular;SOLIDARIEDADE;15;326;0.046012269938650305;0.046822742474916385;0.0356770404522751;0.9826906222611744;1.289688532326569;-0.08104725362660797;1.0335229486375206
SG_PARTIDO;02_medio_baixo;Patrimônio médio-baixo - societário + veicular;PSD;14;326;0.04294478527607362;0.038222646918299095;0.047038805642461164;1.123542944785276;0.9129650442762957;0.4722138357774526;-0.4094020366387542
SG_PARTIDO;02_medio_baixo;Patrimônio médio-baixo - societário + veicular;PROS;13;326;0.03987730061349693;0.027233635929288104;0.028212305834568307;1.4642664944570014;1.4134718674655653;1.2643664684208828;1.1664994778928623
SG_PARTIDO;02_medio_baixo;Patrimônio médio-baixo - societário + veicular;PSC;13;326;0.03987730061349693;0.03702818920210225;0.03463417311597783;1.0769443894716009;1.1513859586011101;0.28491114113946836;0.5243127497519102
SG_PARTIDO;02_medio_baixo;Patrimônio médio-baixo - societário + veicular;AGIR;10;326;0.03067484662576687;0.026755852842809364;0.021735550798616828;1.146472392638037;1.4112753299869865;0.3918993782957507;0.8939295827150042
SG_PARTIDO;02_medio_baixo;Patrimônio médio-baixo - societário + veicular;AVANTE;10;326;0.03067484662576687;0.035355948399426664;0.03468906087051979;0.8676007295639196;0.8842801118272889;-0.46811017736597926;-0.4014214244752918
SG_PARTIDO;02_medio_baixo;Patrimônio médio-baixo - societário + veicular;PSDB;10;326;0.03067484662576687;0.034400382226469184;0.03578681596135902;0.8917007498295841;0.857154955022771;-0.37255356007023127;-0.5111969335592149
SG_PARTIDO;02_medio_baixo;Patrimônio médio-baixo - societário + veicular;NOVO;8;326;0.024539877300613498;0.018155757286192068;0.021296448762281137;1.3516306102680014;1.1522990323192714;0.6384120014421429;0.3243428538332361
SG_PARTIDO;02_medio_baixo;Patrimônio médio-baixo - societário + veicular;PMN;8;326;0.024539877300613498;0.022694696607740088;0.01756408145342774;1.081304488214401;1.3971625766871167;0.184518069287341;0.697579584718576
SG_PARTIDO;02_medio_baixo;Patrimônio médio-baixo - societário + veicular;PRTB;8;326;0.024539877300613498;0.02771141901576684;0.02826719358911027;0.885551089485932;0.8681398534754899;-0.31715417151533426;-0.3727316288496773
SG_PARTIDO;02_medio_baixo;Patrimônio médio-baixo - societário + veicular;PT;7;326;0.02147239263803681;0.05207835642618251;0.05049673417860475;0.41230933753588117;0.4252233929047746;-3.0605963788145703;-2.902434154056794
SG_PARTIDO;02_medio_baixo;Patrimônio médio-baixo - societário + veicular;PV;7;326;0.02147239263803681;0.016483516483516484;0.012294857017399418;1.3026584867075666;1.7464532208588959;0.4988876154520327;0.9177535620637393
SG_PARTIDO;02_medio_baixo;Patrimônio médio-baixo - societário + veicular;CIDADANIA;6;326;0.018404907975460124;0.016961299569995224;0.016685877380756352;1.08511189838417;1.10302308685825;0.14436084054649;0.1719030594703772
SG_PARTIDO;02_medio_baixo;Patrimônio médio-baixo - societário + veicular;PATRIOTA;6;326;0.018404907975460124;0.039417104634495936;0.039409407761128494;0.46692693809258234;0.46701813148315874;-2.101219665903581;-2.100449978566837
SG_PARTIDO;02_medio_baixo;Patrimônio médio-baixo - societário + veicular;PMB;5;326;0.015337423312883436;0.020544672718585764;0.02437016301663099;0.7465401626480239;0.6293525120212237;-0.5207249405702328;-0.9032739703747553
SG_PARTIDO;02_medio_baixo;Patrimônio médio-baixo - societário + veicular;PSTU;2;326;0.006134969325153374;0.007405637840420449;0.00488501015423459;0.8284187611320009;1.2558764734266217;-0.12706685152670746;0.12499591709187845
SG_PARTIDO;02_medio_baixo;Patrimônio médio-baixo - societário + veicular;REDE;2;326;0.006134969325153374;0.019350215002388916;0.016356550853504584;0.31704915549496326;0.37507720179519904;-1.3215245677235543;-1.0221581528351211
SG_PARTIDO;02_medio_baixo;Patrimônio médio-baixo - societário + veicular;DC;1;326;0.003067484662576687;0.019827998088867656;0.018058071244305394;0.1547047084041688;0.1698677904786768;-1.6760513426290968;-1.4990586581728707
SG_PARTIDO;02_medio_baixo;Patrimônio médio-baixo - societário + veicular;PC DO B;1;326;0.003067484662576687;0.008838987099856666;0.008068499917668368;0.3470402918255679;0.38018029297608613;-0.577150243727998;-0.5001015255091681
SG_PARTIDO;02_medio_baixo;Patrimônio médio-baixo - societário + veicular;PSOL;1;326;0.003067484662576687;0.03487816531294792;0.02931006092540754;0.08794856710647954;0.1046563727855518;-3.181068065037123;-2.6242576262830855
SG_PARTIDO;02_medio_baixo;Patrimônio médio-baixo - veicular + financeiro;UNIÃO;29;360;0.08055555555555556;0.05709507883420927;0.0636149075141336;1.4109019060901906;1.2662999712395744;2.346047672134629;1.6940648041421966
SG_PARTIDO;02_medio_baixo;Patrimônio médio-baixo - veicular + financeiro;REPUBLICANOS;27;360;0.075;0.055661729574773056;0.05351556067841265;1.3474248927038626;1.4014615384615383;1.9338270425226942;2.148443932158735
SG_PARTIDO;02_medio_baixo;Patrimônio médio-baixo - veicular + financeiro;MDB;24;360;0.06666666666666667;0.04992833253702819;0.05357044843295461;1.3352472089314193;1.244467213114754;1.6738334129638475;1.3096218233712056
SG_PARTIDO;02_medio_baixo;Patrimônio médio-baixo - veicular + financeiro;PL;24;360;0.06666666666666667;0.055661729574773056;0.06663373401394149;1.1977110157367667;1.000494233937397;1.100493709189361;0.003293265272517887
SG_PARTIDO;02_medio_baixo;Patrimônio médio-baixo - veicular + financeiro;PDT;21;360;0.058333333333333334;0.04323936932632585;0.043580877106317584;1.3490791896869245;1.3385075566750628;1.5093964007007485;1.475245622701575
SG_PARTIDO;02_medio_baixo;Patrimônio médio-baixo - veicular + financeiro;PODE;18;360;0.05;0.04013377926421405;0.04429441791536308;1.2458333333333333;1.1288104089219333;0.9866220735785955;0.5705582084636923
SG_PARTIDO;02_medio_baixo;Patrimônio médio-baixo - veicular + financeiro;PT;18;360;0.05;0.05207835642618251;0.05049673417860475;0.9600917431192661;0.990163043478261;-0.20783564261825094;-0.04967341786047477
SG_PARTIDO;02_medio_baixo;Patrimônio médio-baixo - veicular + financeiro;PP;17;360;0.04722222222222222;0.0482560917343526;0.054009550469290304;0.9785753575357536;0.8743309620596206;-0.10338695121303795;-0.6787328247068083
SG_PARTIDO;02_medio_baixo;Patrimônio médio-baixo - veicular + financeiro;PSD;17;360;0.04722222222222222;0.038222646918299095;0.047038805642461164;1.2354513888888887;1.0038992609879425;0.8999575303923125;0.018341657976105735
SG_PARTIDO;02_medio_baixo;Patrimônio médio-baixo - veicular + financeiro;SOLIDARIEDADE;16;360;0.044444444444444446;0.046822742474916385;0.0356770404522751;0.9492063492063493;1.2457435897435898;-0.23782980304719384;0.8767403992169347
SG_PARTIDO;02_medio_baixo;Patrimônio médio-baixo - veicular + financeiro;NOVO;15;360;0.041666666666666664;0.018155757286192068;0.021296448762281137;2.294956140350877;1.9565077319587627;2.35109093804746;2.0370217904385526
SG_PARTIDO;02_medio_baixo;Patrimônio médio-baixo - veicular + financeiro;PSB;15;360;0.041666666666666664;0.04801720019111323;0.046709479115209396;0.8677446102819237;0.8920387779083431;-0.6350533524446568;-0.5042812448542732
SG_PARTIDO;02_medio_baixo;Patrimônio médio-baixo - veicular + financeiro;PSDB;15;360;0.041666666666666664;0.034400382226469184;0.03578681596135902;1.2112268518518519;1.1643021472392638;0.726628444019748;0.5879850705307644
SG_PARTIDO;02_medio_baixo;Patrimônio médio-baixo - veicular + financeiro;PTB;15;360;0.041666666666666664;0.043478260869565216;0.040562050606509685;0.9583333333333333;1.027232746955345;-0.18115942028985518;0.11046160601569793
SG_PARTIDO;02_medio_baixo;Patrimônio médio-baixo - veicular + financeiro;AVANTE;10;360;0.027777777777777776;0.035355948399426664;0.03468906087051979;0.7856606606606605;0.8007647679324894;-0.7578170621648888;-0.6911283092742013
SG_PARTIDO;02_medio_baixo;Patrimônio médio-baixo - veicular + financeiro;PATRIOTA;10;360;0.027777777777777776;0.039417104634495936;0.039409407761128494;0.7047138047138047;0.7048514391829155;-1.163932685671816;-1.1631629983350718
SG_PARTIDO;02_medio_baixo;Patrimônio médio-baixo - veicular + financeiro;PROS;10;360;0.027777777777777776;0.027233635929288104;0.028212305834568307;1.019980506822612;0.984597924773022;0.054414184848967234;-0.04345280567905306
SG_PARTIDO;02_medio_baixo;Patrimônio médio-baixo - veicular + financeiro;CIDADANIA;7;360;0.019444444444444445;0.016961299569995224;0.016685877380756352;1.1464006259780908;1.1653234649122808;0.2483144874449221;0.2758567063688093
SG_PARTIDO;02_medio_baixo;Patrimônio médio-baixo - veicular + financeiro;PSC;7;360;0.019444444444444445;0.03702818920210225;0.03463417311597783;0.5251254480286738;0.5614236661384046;-1.7583744757657802;-1.5189728671533385
SG_PARTIDO;02_medio_baixo;Patrimônio médio-baixo - veicular + financeiro;PSOL;7;360;0.019444444444444445;0.03487816531294792;0.02931006092540754;0.5574961948249619;0.6634051186017479;-1.5433720868503475;-0.9865616480963096
SG_PARTIDO;02_medio_baixo;Patrimônio médio-baixo - veicular + financeiro;PV;7;360;0.019444444444444445;0.016483516483516484;0.012294857017399418;1.1796296296296296;1.5815104166666667;0.2960927960927961;0.7149587427045027
SG_PARTIDO;02_medio_baixo;Patrimônio médio-baixo - veicular + financeiro;REDE;7;360;0.019444444444444445;0.019350215002388916;0.016356550853504584;1.0048696844993141;1.1887863534675616;0.009422944205552883;0.3087893590939861
SG_PARTIDO;02_medio_baixo;Patrimônio médio-baixo - veicular + financeiro;PC DO B;5;360;0.013888888888888888;0.008838987099856666;0.008068499917668368;1.571321321321321;1.7213718820861676;0.5049901789032222;0.582038897122052
SG_PARTIDO;02_medio_baixo;Patrimônio médio-baixo - veicular + financeiro;AGIR;4;360;0.011111111111111112;0.026755852842809364;0.021735550798616828;0.4152777777777778;0.5111952861952862;-1.5644741731698255;-1.0624439687505716
SG_PARTIDO;02_medio_baixo;Patrimônio médio-baixo - veicular + financeiro;PCO;3;360;0.008333333333333333;0.003105590062111801;0.002524836708930238;2.6833333333333336;3.3005434782608694;0.5227743271221532;0.5808496624403094
SG_PARTIDO;02_medio_baixo;Patrimônio médio-baixo - veicular + financeiro;PRTB;3;360;0.008333333333333333;0.02771141901576684;0.02826719358911027;0.3007183908045977;0.2948058252427184;-1.9378085682433508;-1.9933860255776938
SG_PARTIDO;02_medio_baixo;Patrimônio médio-baixo - veicular + financeiro;DC;2;360;0.005555555555555556;0.019827998088867656;0.018058071244305394;0.2801874163319946;0.3076494427558258;-1.42724425333121;-1.2502515688749838
SG_PARTIDO;02_medio_baixo;Patrimônio médio-baixo - veicular + financeiro;PCB;2;360;0.005555555555555556;0.00358337314859054;0.0034030407816016245;1.5503703703703704;1.6325268817204301;0.19721824069650157;0.21525147739539313
SG_PARTIDO;02_medio_baixo;Patrimônio médio-baixo - veicular + financeiro;PMN;2;360;0.005555555555555556;0.022694696607740088;0.01756408145342774;0.2447953216374269;0.3163020833333334;-1.713914105218453;-1.2008525897872182
SG_PARTIDO;02_medio_baixo;Patrimônio médio-baixo - veicular + financeiro;PMB;1;360;0.002777777777777778;0.020544672718585764;0.02437016301663099;0.13520671834625322;0.11398273273273274;-1.7766894940807985;-2.159238523885321
SG_PARTIDO;02_medio_baixo;Patrimônio médio-baixo - veicular + financeiro;PSTU;1;360;0.002777777777777778;0.007405637840420449;0.00488501015423459;0.375089605734767;0.5686329588014982;-0.46278600626426714;-0.2107232376456812
SG_PARTIDO;02_medio_baixo;Patrimônio médio-baixo - veicular + financeiro;UP;1;360;0.002777777777777778;0.0016722408026755853;0.0027443877270980845;1.6611111111111112;1.0121666666666667;0.11055369751021926;0.003339005067969341
SG_PARTIDO;02_medio_baixo;Patrimônio médio-baixo - veicular concentrado;REPUBLICANOS;28;364;0.07692307692307693;0.055661729574773056;0.05351556067841265;1.3819742489270386;1.437396449704142;2.126134734830387;2.340751624466428
SG_PARTIDO;02_medio_baixo;Patrimônio médio-baixo - veicular concentrado;PL;25;364;0.06868131868131869;0.055661729574773056;0.06663373401394149;1.2339055793991416;1.0307289497981427;1.3019589106545633;0.20475846673772002
SG_PARTIDO;02_medio_baixo;Patrimônio médio-baixo - veicular concentrado;MDB;24;364;0.06593406593406594;0.04992833253702819;0.05357044843295461;1.3205741626794258;1.2307917492343723;1.6005733397037745;1.2363617501111326
SG_PARTIDO;02_medio_baixo;Patrimônio médio-baixo - veicular concentrado;PP;24;364;0.06593406593406594;0.0482560917343526;0.054009550469290304;1.3663366336633664;1.2207853122487269;1.7677974199713336;1.1924515464775631
SG_PARTIDO;02_medio_baixo;Patrimônio médio-baixo - veicular concentrado;UNIÃO;19;364;0.0521978021978022;0.05709507883420927;0.0636149075141336;0.9142259414225942;0.8205278328229149;-0.4897276636407072;-1.1417105316331395
SG_PARTIDO;02_medio_baixo;Patrimônio médio-baixo - veicular concentrado;PSB;18;364;0.04945054945054945;0.04801720019111323;0.046709479115209396;1.0298507462686568;1.0586833847703412;0.1433349259436216;0.27410703353400523
SG_PARTIDO;02_medio_baixo;Patrimônio médio-baixo - veicular concentrado;PTB;17;364;0.046703296703296704;0.043478260869565216;0.040562050606509685;1.0741758241758241;1.1514037383455518;0.32250358337314877;0.6141246096787019
SG_PARTIDO;02_medio_baixo;Patrimônio médio-baixo - veicular concentrado;AVANTE;16;364;0.04395604395604396;0.035355948399426664;0.03468906087051979;1.2432432432432432;1.2671442481569064;0.8600095556617295;0.9266983085524171
SG_PARTIDO;02_medio_baixo;Patrimônio médio-baixo - veicular concentrado;PATRIOTA;16;364;0.04395604395604396;0.039417104634495936;0.039409407761128494;1.1151515151515152;1.1153693103553828;0.45389393215480234;0.45466361949154654
SG_PARTIDO;02_medio_baixo;Patrimônio médio-baixo - veicular concentrado;PDT;16;364;0.04395604395604396;0.04323936932632585;0.043580877106317584;1.0165745856353592;1.0086085199435326;0.07166746297181115;0.037516684972637576
SG_PARTIDO;02_medio_baixo;Patrimônio médio-baixo - veicular concentrado;PSD;15;364;0.04120879120879121;0.038222646918299095;0.047038805642461164;1.078125;0.87605947145037;0.29861442904921126;-0.5830014433669956
SG_PARTIDO;02_medio_baixo;Patrimônio médio-baixo - veicular concentrado;SOLIDARIEDADE;15;364;0.04120879120879121;0.046822742474916385;0.0356770404522751;0.8801020408163266;1.155050718512257;-0.5613951266125177;0.5531750756516108
SG_PARTIDO;02_medio_baixo;Patrimônio médio-baixo - veicular concentrado;AGIR;13;364;0.03571428571428571;0.026755852842809364;0.021735550798616828;1.3348214285714286;1.6431277056277056;0.8958432871476348;1.3978734915668884
SG_PARTIDO;02_medio_baixo;Patrimônio médio-baixo - veicular concentrado;PODE;13;364;0.03571428571428571;0.04013377926421405;0.04429441791536308;0.8898809523809523;0.8062931492299522;-0.44194935499283355;-0.8580132201077367
SG_PARTIDO;02_medio_baixo;Patrimônio médio-baixo - veicular concentrado;PRTB;13;364;0.03571428571428571;0.02771141901576684;0.02826719358911027;1.2887931034482758;1.2634535367545074;0.8002866698518872;0.7447092125175442
SG_PARTIDO;02_medio_baixo;Patrimônio médio-baixo - veicular concentrado;PSC;13;364;0.03571428571428571;0.03702818920210225;0.03463417311597783;0.9645161290322579;1.0311863255603348;-0.13139034878165354;0.10801125983078835
SG_PARTIDO;02_medio_baixo;Patrimônio médio-baixo - veicular concentrado;PSDB;11;364;0.03021978021978022;0.034400382226469184;0.03578681596135902;0.8784722222222222;0.8444389199757298;-0.4180602006688964;-0.55670357415788
SG_PARTIDO;02_medio_baixo;Patrimônio médio-baixo - veicular concentrado;PMN;10;364;0.027472527472527472;0.022694696607740088;0.01756408145342774;1.2105263157894737;1.5641311813186813;0.47778308647873846;0.9908446019099734
SG_PARTIDO;02_medio_baixo;Patrimônio médio-baixo - veicular concentrado;REDE;10;364;0.027472527472527472;0.019350215002388916;0.016356550853504584;1.419753086419753;1.6796039530938858;0.8122312470138556;1.1115976619022887
SG_PARTIDO;02_medio_baixo;Patrimônio médio-baixo - veicular concentrado;PROS;9;364;0.024725274725274724;0.027233635929288104;0.028212305834568307;0.9078947368421052;0.8764003506221405;-0.25083612040133796;-0.34870311092935824
SG_PARTIDO;02_medio_baixo;Patrimônio médio-baixo - veicular concentrado;CIDADANIA;8;364;0.02197802197802198;0.016961299569995224;0.016685877380756352;1.295774647887324;1.3171631000578372;0.5016722408026756;0.5292144597265628
SG_PARTIDO;02_medio_baixo;Patrimônio médio-baixo - veicular concentrado;DC;8;364;0.02197802197802198;0.019827998088867656;0.018058071244305394;1.108433734939759;1.2170747185944757;0.21500238891543239;0.3919950733716586
SG_PARTIDO;02_medio_baixo;Patrimônio médio-baixo - veicular concentrado;PT;8;364;0.02197802197802198;0.05207835642618251;0.05049673417860475;0.42201834862385323;0.43523650262780705;-3.0100334448160533;-2.851871220058277
SG_PARTIDO;02_medio_baixo;Patrimônio médio-baixo - veicular concentrado;NOVO;4;364;0.01098901098901099;0.018155757286192068;0.021296448762281137;0.605263157894737;0.5160020391979155;-0.7166746297181078;-1.0307437773270147
SG_PARTIDO;02_medio_baixo;Patrimônio médio-baixo - veicular concentrado;PV;4;364;0.01098901098901099;0.016483516483516484;0.012294857017399418;0.6666666666666667;0.893789246467818;-0.5494505494505494;-0.13058460283884282
SG_PARTIDO;02_medio_baixo;Patrimônio médio-baixo - veicular concentrado;PMB;3;364;0.008241758241758242;0.020544672718585764;0.02437016301663099;0.4011627906976744;0.3381905256905257;-1.2302914476827522;-1.6128404774872749
SG_PARTIDO;02_medio_baixo;Patrimônio médio-baixo - veicular concentrado;PC DO B;2;364;0.005494505494505495;0.008838987099856666;0.008068499917668368;0.6216216216216216;0.6809822830230994;-0.3344481605351171;-0.2573994423162873
SG_PARTIDO;02_medio_baixo;Patrimônio médio-baixo - veicular concentrado;PSOL;1;364;0.0027472527472527475;0.03487816531294792;0.02931006092540754;0.07876712328767124;0.09373070749475244;-3.2130912565695176;-2.6562808178154795
SG_PARTIDO;02_medio_baixo;Patrimônio médio-baixo - veicular concentrado;PSTU;1;364;0.0027472527472527475;0.007405637840420449;0.00488501015423459;0.37096774193548393;0.5623842449685147;-0.4658385093167702;-0.21377574069818425
SG_UF;04_alto;Alto patrimônio - imobiliário diversificado com societário e créditos e direitos;SP;78;474;0.16455696202531644;0.15170068027210884;0.13875624348207916;1.0847476868933417;1.185942757570902;1.2856281753207606;2.580071854323729
SG_UF;04_alto;Alto patrimônio - imobiliário diversificado com societário e créditos e direitos;PR;44;474;0.09282700421940929;0.06235827664399093;0.0633404687414238;1.488607594936709;1.4655244279665665;3.046872757541836;2.9486535477985494
SG_UF;04_alto;Alto patrimônio - imobiliário diversificado com societário e créditos e direitos;MG;42;474;0.08860759493670886;0.09478458049886622;0.09155277457599209;0.9348313245714978;0.9678307986522175;-0.6176985562157358;-0.29451796392832297
SG_UF;04_alto;Alto patrimônio - imobiliário diversificado com societário e créditos e direitos;SC;31;474;0.06540084388185655;0.046031746031746035;0.04127559141555519;1.4207769532955041;1.5844919876110963;1.9369097850110513;2.412525246630136
SG_UF;04_alto;Alto patrimônio - imobiliário diversificado com societário e créditos e direitos;GO;29;474;0.06118143459915612;0.04739229024943311;0.04204401997914265;1.2909575434558778;1.4551756618303204;1.378914434972301;1.9137414620013469
SG_UF;04_alto;Alto patrimônio - imobiliário diversificado com societário e créditos e direitos;BA;26;474;0.05485232067510549;0.049886621315192746;0.05483286678741973;1.0995397008055237;1.0003547851649117;0.49656993599127425;0.001945388768576084
SG_UF;04_alto;Alto patrimônio - imobiliário diversificado com societário e créditos e direitos;MS;22;474;0.046413502109704644;0.024036281179138322;0.021625775289532904;1.9309768330546933;2.146212169890124;2.2377220930566324;2.478772682017174
SG_UF;04_alto;Alto patrimônio - imobiliário diversificado com societário e créditos e direitos;RJ;22;474;0.046413502109704644;0.07006802721088436;0.07859926450408913;0.6624062922452992;0.5905080970228415;-2.3654525101179713;-3.218576239438449
SG_UF;04_alto;Alto patrimônio - imobiliário diversificado com societário e créditos e direitos;RS;22;474;0.046413502109704644;0.04829931972789116;0.05351556067841265;0.960955607060082;0.867289840960727;-0.18858176181865138;-0.7102058568708005
SG_UF;04_alto;Alto patrimônio - imobiliário diversificado com societário e créditos e direitos;MT;15;474;0.03164556962025317;0.023809523809523808;0.02085734672594544;1.329113924050633;1.517238507661559;0.7836045810729358;1.0788222894307724
SG_UF;04_alto;Alto patrimônio - imobiliário diversificado com societário e créditos e direitos;PE;15;474;0.03164556962025317;0.028117913832199547;0.03139579559800208;1.125459371171907;1.007955651942994;0.35276557880536197;0.024977402225108414
SG_UF;04_alto;Alto patrimônio - imobiliário diversificado com societário e créditos e direitos;PA;13;474;0.027426160337552744;0.039002267573696146;0.0305175915253307;0.7031939947012069;0.8987000273199163;-1.1576107236143403;-0.3091431187777955
SG_UF;04_alto;Alto patrimônio - imobiliário diversificado com societário e créditos e direitos;RO;13;474;0.027426160337552744;0.020861678004535148;0.024919040562050607;1.3146670335718218;1.1006106061450958;0.6564482333017596;0.2507119775502137
SG_UF;04_alto;Alto patrimônio - imobiliário diversificado com societário e créditos e direitos;ES;12;474;0.02531645569620253;0.021541950113378686;0.026401009934683573;1.1752165223184543;0.9589199715781994;0.37745055828238455;-0.1084554238481042
SG_UF;04_alto;Alto patrimônio - imobiliário diversificado com societário e créditos e direitos;CE;9;474;0.0189873417721519;0.030839002267573697;0.03353641802513859;0.615692479523455;0.5661708342828731;-1.1851660495421796;-1.4549076252986692
SG_UF;04_alto;Alto patrimônio - imobiliário diversificado com societário e créditos e direitos;RN;9;474;0.0189873417721519;0.0163265306122449;0.01954004061693836;1.1629746835443038;0.9717145498506614;0.2660811159907;-0.05526988447864603
SG_UF;04_alto;Alto patrimônio - imobiliário diversificado com societário e créditos e direitos;SE;9;474;0.0189873417721519;0.016099773242630386;0.017673856962511662;1.179354608664646;1.0743179495243338;0.28875685295215137;0.13134848096402368
SG_UF;04_alto;Alto patrimônio - imobiliário diversificado com societário e créditos e direitos;AL;8;474;0.016877637130801686;0.011791383219954649;0.013118173335528843;1.4313534566699122;1.28658439701287;0.5086253910847037;0.3759463795272843
SG_UF;04_alto;Alto patrimônio - imobiliário diversificado com societário e créditos e direitos;PI;8;474;0.016877637130801686;0.015646258503401362;0.014380591689993963;1.078701155751238;1.1736399652140301;0.12313786274003244;0.24970454408077236
SG_UF;04_alto;Alto patrimônio - imobiliário diversificado com societário e créditos e direitos;DF;7;474;0.014767932489451477;0.037868480725623585;0.03326197925242878;0.38997953460168266;0.4439883861803902;-2.310054823617211;-1.8494046762977305
SG_UF;04_alto;Alto patrimônio - imobiliário diversificado com societário e créditos e direitos;MA;7;474;0.014767932489451477;0.0326530612244898;0.03156045886162797;0.45226793248945146;0.4679251513483765;-1.7885128735038323;-1.6792526372176493
SG_UF;04_alto;Alto patrimônio - imobiliário diversificado com societário e créditos e direitos;TO;7;474;0.014767932489451477;0.023809523809523808;0.022558867116746255;0.6202531645569621;0.6546398102805753;-0.9041591320072331;-0.7790934627294778
SG_UF;04_alto;Alto patrimônio - imobiliário diversificado com societário e créditos e direitos;PB;6;474;0.012658227848101266;0.022222222222222223;0.02266864262583018;0.5696202531645569;0.5584025500352469;-0.9563994374120958;-1.0010414777728913
SG_UF;04_alto;Alto patrimônio - imobiliário diversificado com societário e créditos e direitos;AC;5;474;0.010548523206751054;0.015419501133786848;0.015423459026291235;0.684102755026061;0.6839272039281048;-0.4870977927035794;-0.4874935819540181
SG_UF;04_alto;Alto patrimônio - imobiliário diversificado com societário e créditos e direitos;AM;5;474;0.010548523206751054;0.01927437641723356;0.021845326307700752;0.5472822040208488;0.48287322689396345;-0.8725853210482505;-1.1296803100949697
SG_UF;04_alto;Alto patrimônio - imobiliário diversificado com societário e créditos e direitos;BR;4;474;0.008438818565400843;0.0027210884353741495;0.0013173061090070806;3.1012658227848102;6.406118143459915;0.5717730130026694;0.7121512456393763
SG_UF;04_alto;Alto patrimônio - imobiliário diversificado com societário e créditos e direitos;AP;3;474;0.006329113924050633;0.011564625850340135;0.01465503046270377;0.5472822040208488;0.4318731332669606;-0.5235511926289502;-0.8325916538653139
SG_UF;04_alto;Alto patrimônio - imobiliário diversificado com societário e créditos e direitos;RR;3;474;0.006329113924050633;0.015873015873015872;0.01882649980789286;0.3987341772151899;0.33618112706203634;-0.954390194896524;-1.249738588384223
SG_UF;01_baixo;Baixo patrimônio - financeiro concentrado;SP;140;690;0.2028985507246377;0.13886300093196646;0.13875624348207916;1.4611419122653437;1.4622660979636763;6.403554979267123;6.414230724255853
SG_UF;01_baixo;Baixo patrimônio - financeiro concentrado;RJ;120;690;0.17391304347826086;0.09506057781919851;0.07859926450408913;1.8294970161977835;2.212654845761477;7.885246565906236;9.531377897417173
SG_UF;01_baixo;Baixo patrimônio - financeiro concentrado;PR;57;690;0.08260869565217391;0.0700838769804287;0.0633404687414238;1.1787118408880666;1.3042008891568078;1.2524818671745208;1.9268226910750115
SG_UF;01_baixo;Baixo patrimônio - financeiro concentrado;RS;55;690;0.07971014492753623;0.05293569431500466;0.05351556067841265;1.5057919983670136;1.4894760312151614;2.6774450612531564;2.6194584249123576
SG_UF;01_baixo;Baixo patrimônio - financeiro concentrado;BA;52;690;0.07536231884057971;0.06318732525629077;0.05483286678741973;1.192680945662862;1.3744004874439657;1.2174993584288947;2.0529452053159987
SG_UF;01_baixo;Baixo patrimônio - financeiro concentrado;MG;42;690;0.06086956521739131;0.08219944082013048;0.09155277457599209;0.7405106970324362;0.6648576790741321;-2.132987560273917;-3.0683209358600783
SG_UF;01_baixo;Baixo patrimônio - financeiro concentrado;GO;24;690;0.034782608695652174;0.035414725069897485;0.04204401997914265;0.9821510297482837;0.8272902713134295;-0.06321163742453104;-0.7261411283490476
SG_UF;01_baixo;Baixo patrimônio - financeiro concentrado;PE;20;690;0.028985507246376812;0.03597390493942218;0.03139579559800208;0.8057370278591275;0.9232289449680755;-0.6988397693045368;-0.24102883516252704
SG_UF;01_baixo;Baixo patrimônio - financeiro concentrado;SC;18;690;0.02608695652173913;0.02982292637465051;0.04127559141555519;0.8747282608695652;0.6320189639222942;-0.3735969852911383;-1.518863489381606
SG_UF;01_baixo;Baixo patrimônio - financeiro concentrado;PA;16;690;0.02318840579710145;0.03075489282385834;0.0305175915253307;0.7539745278875714;0.7598373475132937;-0.7566487026756892;-0.7329185728229249
SG_UF;01_baixo;Baixo patrimônio - financeiro concentrado;CE;15;690;0.021739130434782608;0.035414725069897485;0.03353641802513859;0.6138443935926773;0.6482245783818402;-1.3675594635114876;-1.1797287590355983
SG_UF;01_baixo;Baixo patrimônio - financeiro concentrado;DF;15;690;0.021739130434782608;0.028331780055917986;0.03326197925242878;0.7673054919908466;0.6535729659922513;-0.6592649621135378;-1.1522848817646176
SG_UF;01_baixo;Baixo patrimônio - financeiro concentrado;RN;15;690;0.021739130434782608;0.02684063373718546;0.01954004061693836;0.809933574879227;1.112542745481192;-0.5101503302402853;0.21990898178442486
SG_UF;01_baixo;Baixo patrimônio - financeiro concentrado;PI;14;690;0.020289855072463767;0.01733457595526561;0.014380591689993963;1.1704846501480441;1.4109193494855623;0.2955279117198156;0.5909263382469804
SG_UF;01_baixo;Baixo patrimônio - financeiro concentrado;ES;11;690;0.015942028985507246;0.027586206896551724;0.026401009934683573;0.5778985507246377;0.6038416342764168;-1.1644177911044478;-1.0458980949176326
SG_UF;01_baixo;Baixo patrimônio - financeiro concentrado;AL;10;690;0.014492753623188406;0.013979496738117428;0.013118173335528843;1.0367149758454106;1.1047844278697472;0.051325688507097844;0.1374580287659563
SG_UF;01_baixo;Baixo patrimônio - financeiro concentrado;RO;9;690;0.013043478260869565;0.028145386766076422;0.024919040562050607;0.46343219118917356;0.523434208006129;-1.5101908505206858;-1.1875562301181042
SG_UF;01_baixo;Baixo patrimônio - financeiro concentrado;MA;8;690;0.011594202898550725;0.02684063373718546;0.03156045886162797;0.4319645732689211;0.3673648393194707;-1.5246430838634737;-1.9966255963077244
SG_UF;01_baixo;Baixo patrimônio - financeiro concentrado;MS;8;690;0.011594202898550725;0.01733457595526561;0.021625775289532904;0.6688483715131681;0.5361288898697859;-0.5740373056714886;-1.003157239098218
SG_UF;01_baixo;Baixo patrimônio - financeiro concentrado;PB;8;690;0.011594202898550725;0.02031686859273066;0.02266864262583018;0.5706687940433454;0.5114643646699653;-0.8722665694179936;-1.1074439727279455
SG_UF;01_baixo;Baixo patrimônio - financeiro concentrado;MT;7;690;0.010144927536231883;0.013606710158434296;0.02085734672594544;0.7455826881080008;0.4863958810068649;-0.3461782622202413;-1.0712419189713558
SG_UF;01_baixo;Baixo patrimônio - financeiro concentrado;SE;7;690;0.010144927536231883;0.01565703634669152;0.017673856962511662;0.6479468599033816;0.574007561436673;-0.5512108810459635;-0.7528929426279779
SG_UF;01_baixo;Baixo patrimônio - financeiro concentrado;BR;6;690;0.008695652173913044;0.00130475302889096;0.0013173061090070806;6.6645962732919255;6.601086956521739;0.7390899145022084;0.7378346064905963
SG_UF;01_baixo;Baixo patrimônio - financeiro concentrado;TO;6;690;0.008695652173913044;0.017520969245107175;0.022558867116746255;0.49629972247918597;0.3854649317676928;-0.8825317071194131;-1.386321494283321
SG_UF;01_baixo;Baixo patrimônio - financeiro concentrado;AM;4;690;0.005797101449275362;0.025349487418452936;0.021845326307700752;0.22868712702472294;0.2653703299104217;-1.9552385969177573;-1.604822485842539
SG_UF;01_baixo;Baixo patrimônio - financeiro concentrado;AC;2;690;0.002898550724637681;0.015470643056849953;0.015423459026291235;0.18735812816483324;0.18793130125328794;-1.2572092332212272;-1.2524908301653555
SG_UF;01_baixo;Baixo patrimônio - financeiro concentrado;RR;1;690;0.0014492753623188406;0.020689655172413793;0.01882649980789286;0.07004830917874397;0.07698060590695906;-1.9240379810094952;-1.7377224445574018
SG_UF;01_baixo;Baixo patrimônio - veicular concentrado com financeiro e societário;SP;91;427;0.21311475409836064;0.13886300093196646;0.13875624348207916;1.5347122895808116;1.5358930794770698;7.425175316639418;7.435851061628148
SG_UF;01_baixo;Baixo patrimônio - veicular concentrado com financeiro e societário;RJ;48;427;0.11241217798594848;0.09506057781919851;0.07859926450408913;1.1825320292051247;1.4301937644734606;1.735160016674997;3.3812913481859344
SG_UF;01_baixo;Baixo patrimônio - veicular concentrado com financeiro e societário;MG;40;427;0.0936768149882904;0.08219944082013048;0.09155277457599209;1.1396283728167302;1.0232001752228195;1.1477374168159928;0.21240404122983142
SG_UF;01_baixo;Baixo patrimônio - veicular concentrado com financeiro e societário;RS;39;427;0.09133489461358314;0.05293569431500466;0.05351556067841265;1.725393343668569;1.7066978922716627;3.8399200298578484;3.781933393517049
SG_UF;01_baixo;Baixo patrimônio - veicular concentrado com financeiro e societário;PR;32;427;0.07494145199063232;0.0700838769804287;0.0633404687414238;1.0693108774727191;1.1831527849370278;0.48575750102036186;1.1600983249208525
SG_UF;01_baixo;Baixo patrimônio - veicular concentrado com financeiro e societário;BA;19;427;0.04449648711943794;0.06318732525629077;0.05483286678741973;0.7041995675391876;0.8114929918208607;-1.869083813685283;-1.0336379667981788
SG_UF;01_baixo;Baixo patrimônio - veicular concentrado com financeiro e societário;RN;18;427;0.04215456674473068;0.02684063373718546;0.01954004061693836;1.570550351288056;2.15734284135463;1.5313933007545217;2.2614526127792316
SG_UF;01_baixo;Baixo patrimônio - veicular concentrado com financeiro e societário;SC;17;427;0.03981264637002342;0.02982292637465051;0.04127559141555519;1.3349677985948478;0.9645566545418308;0.998971999537291;-0.1462945045531766
SG_UF;01_baixo;Baixo patrimônio - veicular concentrado com financeiro e societário;CE;13;427;0.03044496487119438;0.035414725069897485;0.03353641802513859;0.8596696659681992;0.9078180278040759;-0.4969760198703106;-0.30914531539442125
SG_UF;01_baixo;Baixo patrimônio - veicular concentrado com financeiro e societário;DF;12;427;0.02810304449648712;0.028331780055917986;0.03326197925242878;0.9919265376556144;0.8448999466691399;-0.022873555943086696;-0.5158934755941664
SG_UF;01_baixo;Baixo patrimônio - veicular concentrado com financeiro e societário;GO;12;427;0.02810304449648712;0.035414725069897485;0.04204401997914265;0.7935412301244915;0.668419540054176;-0.7311680573410365;-1.394097548265553
SG_UF;01_baixo;Baixo patrimônio - veicular concentrado com financeiro e societário;MT;9;427;0.02107728337236534;0.013606710158434296;0.02085734672594544;1.5490359629142472;1.010544804634537;0.7470573213931042;0.02199366464198972
SG_UF;01_baixo;Baixo patrimônio - veicular concentrado com financeiro e societário;PI;9;427;0.02107728337236534;0.01733457595526561;0.014380591689993963;1.2159099493843015;1.465675670843985;0.37427074170997277;0.6696691682371376
SG_UF;01_baixo;Baixo patrimônio - veicular concentrado com financeiro e societário;ES;8;427;0.01873536299765808;0.027586206896551724;0.026401009934683573;0.6791569086651054;0.7096456932522506;-0.8850843898893644;-0.7665646937025493
SG_UF;01_baixo;Baixo patrimônio - veicular concentrado com financeiro e societário;PE;8;427;0.01873536299765808;0.03597390493942218;0.03139579559800208;0.5208042615670239;0.5967475147803017;-1.72385419417641;-1.2660432600344003
SG_UF;01_baixo;Baixo patrimônio - veicular concentrado com financeiro e societário;RO;8;427;0.01873536299765808;0.028145386766076422;0.024919040562050607;0.6656637250492423;0.7518492917496311;-0.9410023768418343;-0.6183677564392528
SG_UF;01_baixo;Baixo patrimônio - veicular concentrado com financeiro e societário;TO;7;427;0.01639344262295082;0.017520969245107175;0.022558867116746255;0.9356470177886294;0.7266961828407323;-0.11275266221563544;-0.6165424493795434
SG_UF;01_baixo;Baixo patrimônio - veicular concentrado com financeiro e societário;MA;6;427;0.01405152224824356;0.02684063373718546;0.03156045886162797;0.5235167837626854;0.4452255371143468;-1.2789111488941902;-1.750893661338441
SG_UF;01_baixo;Baixo patrimônio - veicular concentrado com financeiro e societário;PB;5;427;0.0117096018735363;0.02031686859273066;0.02266864262583018;0.5763487527662592;0.5165550521403338;-0.8607266719194361;-1.0959040752293878
SG_UF;01_baixo;Baixo patrimônio - veicular concentrado com financeiro e societário;AC;4;427;0.00936768149882904;0.015470643056849953;0.015423459026291235;0.6055133884484072;0.6073657979614457;-0.6102961558020913;-0.6055777527462195
SG_UF;01_baixo;Baixo patrimônio - veicular concentrado com financeiro e societário;AM;4;427;0.00936768149882904;0.025349487418452936;0.021845326307700752;0.36954125912660146;0.4288185658974027;-1.5981805919623897;-1.2477644808871713
SG_UF;01_baixo;Baixo patrimônio - veicular concentrado com financeiro e societário;MS;4;427;0.00936768149882904;0.01733457595526561;0.021625775289532904;0.5404044219485784;0.43317205387605656;-0.7966894456436571;-1.2258093790703866
SG_UF;01_baixo;Baixo patrimônio - veicular concentrado com financeiro e societário;PA;4;427;0.00936768149882904;0.03075489282385834;0.0305175915253307;0.3045915832801079;0.30696005256684583;-2.1387211325029303;-2.114991002650166
SG_UF;01_baixo;Baixo patrimônio - veicular concentrado com financeiro e societário;RR;4;427;0.00936768149882904;0.020689655172413793;0.01882649980789286;0.4527712724434036;0.49757956042905616;-1.1321973673584753;-0.945881830906382
SG_UF;01_baixo;Baixo patrimônio - veicular concentrado com financeiro e societário;SE;3;427;0.00702576112412178;0.01565703634669152;0.017673856962511662;0.4487286717965875;0.3975228009949525;-0.8631275222569738;-1.0648095838389882
SG_UF;01_baixo;Baixo patrimônio - veicular concentrado com financeiro e societário;AL;2;427;0.00468384074941452;0.013979496738117428;0.013118173335528843;0.33505074160811865;0.35704976825767004;-0.9295655988702908;-0.8434332586114323
SG_UF;01_baixo;Baixo patrimônio - veicular concentrado com financeiro e societário;BR;1;427;0.00234192037470726;0.00130475302889096;0.0013173061090070806;1.7949146871863497;1.7778103044496487;0.10371673458163;0.10246142657001794
SG_UF;03_medio_alto;Patrimônio médio-alto - imobiliário concentrado com financeiro e societário;SP;73;392;0.18622448979591838;0.14082084050135169;0.13875624348207916;1.3224213769277344;1.3420980931929734;4.540364929456669;4.746824631383922
SG_UF;03_medio_alto;Patrimônio médio-alto - imobiliário concentrado com financeiro e societário;MG;46;392;0.11734693877551021;0.09855001228803145;0.09155277457599209;1.190734897450252;1.2817409337835854;1.8796926487478758;2.5794164199518117
SG_UF;03_medio_alto;Patrimônio médio-alto - imobiliário concentrado com financeiro e societário;RJ;41;392;0.10459183673469388;0.07446547063160482;0.07859926450408913;1.404568262948744;1.3306973976741536;3.0126366103089066;2.5992572230604747
SG_UF;03_medio_alto;Patrimônio médio-alto - imobiliário concentrado com financeiro e societário;PR;29;392;0.07397959183673469;0.057999508478741704;0.0633404687414238;1.2755210134901418;1.167967230219644;1.598008335799299;1.0639123095310898
SG_UF;03_medio_alto;Patrimônio médio-alto - imobiliário concentrado com financeiro e societário;RS;25;392;0.06377551020408163;0.057999508478741704;0.05351556067841265;1.09958708059495;1.191718995290424;0.577600172533993;1.0259949525668985
SG_UF;03_medio_alto;Patrimônio médio-alto - imobiliário concentrado com financeiro e societário;BA;19;392;0.04846938775510204;0.05382157778323912;0.05483286678741973;0.9005567980616904;0.8839477232334375;-0.5352190028137083;-0.6363479032317688
SG_UF;03_medio_alto;Patrimônio médio-alto - imobiliário concentrado com financeiro e societário;GO;19;392;0.04846938775510204;0.04079626443843696;0.04204401997914265;1.18808396852717;1.1528247722065328;0.767312331666508;0.6425367775959389
SG_UF;03_medio_alto;Patrimônio médio-alto - imobiliário concentrado com financeiro e societário;CE;13;392;0.03316326530612245;0.03219464241828459;0.03353641802513859;1.0300864620657424;0.9888732088580113;0.09686228878378611;-0.03731527190161399
SG_UF;03_medio_alto;Patrimônio médio-alto - imobiliário concentrado com financeiro e societário;ES;13;392;0.03316326530612245;0.029982796755959697;0.026401009934683573;1.1060764469722315;1.2561362382790955;0.31804685501627544;0.6762255371438878
SG_UF;03_medio_alto;Patrimônio médio-alto - imobiliário concentrado com financeiro e societário;DF;12;392;0.030612244897959183;0.038092897517817643;0.03326197925242878;0.8036208031599736;0.920337441907456;-0.7480652619858461;-0.26497343544696006
SG_UF;03_medio_alto;Patrimônio médio-alto - imobiliário concentrado com financeiro e societário;PE;12;392;0.030612244897959183;0.027279429835340378;0.03139579559800208;1.1221731936017652;0.9750428143285287;0.3332815062618805;-0.07835507000428996
SG_UF;03_medio_alto;Patrimônio médio-alto - imobiliário concentrado com financeiro e societário;SC;12;392;0.030612244897959183;0.05013516834603097;0.04127559141555519;0.610594237695078;0.7416549066435085;-1.9522923448071785;-1.0663346517596004
SG_UF;03_medio_alto;Patrimônio médio-alto - imobiliário concentrado com financeiro e societário;PA;8;392;0.02040816326530612;0.02359302039813222;0.0305175915253307;0.8650085034013604;0.668734400234914;-0.31848571328261;-1.0109428260024578
SG_UF;03_medio_alto;Patrimônio médio-alto - imobiliário concentrado com financeiro e societário;PB;8;392;0.02040816326530612;0.022364217252396165;0.02266864262583018;0.912536443148688;0.9002816623017245;-0.19560539870900445;-0.22604793605240578
SG_UF;03_medio_alto;Patrimônio médio-alto - imobiliário concentrado com financeiro e societário;RO;8;392;0.02040816326530612;0.02801671172278201;0.024919040562050607;0.7284282133906194;0.8189786927987053;-0.760854845747589;-0.45108772967444866
SG_UF;03_medio_alto;Patrimônio médio-alto - imobiliário concentrado com financeiro e societário;MA;7;392;0.017857142857142856;0.03588105185549275;0.03156045886162797;0.49767612524461835;0.565807453416149;-1.8023908998349893;-1.3703316004485113
SG_UF;03_medio_alto;Patrimônio médio-alto - imobiliário concentrado com financeiro e societário;MT;7;392;0.017857142857142856;0.02433030228557385;0.02085734672594544;0.7339466089466089;0.856156015037594;-0.6473159428430995;-0.30002038688025856
SG_UF;03_medio_alto;Patrimônio médio-alto - imobiliário concentrado com financeiro e societário;PI;7;392;0.017857142857142856;0.008847382649299582;0.014380591689993963;2.0183531746031744;1.2417529989094873;0.9009760207843274;0.34765511671488936
SG_UF;03_medio_alto;Patrimônio médio-alto - imobiliário concentrado com financeiro e societário;AL;6;392;0.015306122448979591;0.014008355861391006;0.013118173335528843;1.092642320085929;1.1667876355563147;0.1297766587588586;0.21879491134507487
SG_UF;03_medio_alto;Patrimônio médio-alto - imobiliário concentrado com financeiro e societário;MS;6;392;0.015306122448979591;0.021135414106660113;0.021625775289532904;0.7241931656383483;0.7077721951724852;-0.5829291657680522;-0.6319652840553313
SG_UF;03_medio_alto;Patrimônio médio-alto - imobiliário concentrado com financeiro e societário;RN;5;392;0.012755102040816327;0.012533792086507742;0.01954004061693836;1.01765706282513;0.6527674271955974;0.022130995430858467;-0.6784938576122033
SG_UF;03_medio_alto;Patrimônio médio-alto - imobiliário concentrado com financeiro e societário;SE;5;392;0.012755102040816327;0.017694765298599164;0.017673856962511662;0.7208404195011339;0.7216931803777412;-0.4939663257782837;-0.4918754921695335
SG_UF;03_medio_alto;Patrimônio médio-alto - imobiliário concentrado com financeiro e societário;TO;4;392;0.01020408163265306;0.025559105431309903;0.022558867116746255;0.399234693877551;0.4523312974824966;-1.5355023798656842;-1.2354785484093194
SG_UF;03_medio_alto;Patrimônio médio-alto - imobiliário concentrado com financeiro e societário;AM;2;392;0.00510204081632653;0.018186286556893586;0.021845326307700752;0.28054329840044123;0.23355296892626395;-1.3084245740567058;-1.6743285491374222
SG_UF;03_medio_alto;Patrimônio médio-alto - imobiliário concentrado com financeiro e societário;AP;2;392;0.00510204081632653;0.013762595232243794;0.01465503046270377;0.3707179300291545;0.3481426278376519;-0.8660554415917263;-0.9552989646377241
SG_UF;03_medio_alto;Patrimônio médio-alto - imobiliário concentrado com financeiro e societário;AC;1;392;0.002551020408163265;0.012533792086507742;0.015423459026291235;0.203531412565026;0.16539872176628656;-0.9982771678344478;-1.287243861812797
SG_UF;03_medio_alto;Patrimônio médio-alto - imobiliário concentrado com financeiro e societário;BR;1;392;0.002551020408163265;0.0004915212582944212;0.0013173061090070806;5.190051020408164;1.9365433673469385;0.20594991498688442;0.12337142991561845
SG_UF;03_medio_alto;Patrimônio médio-alto - imobiliário concentrado com financeiro e societário;RR;1;392;0.002551020408163265;0.018923568444335216;0.01882649980789286;0.13480652001060164;0.13550157672398402;-1.6372548036171952;-1.6275479399729595
SG_UF;03_medio_alto;Patrimônio médio-alto - veicular diversificado;SP;49;398;0.12311557788944724;0.14082084050135169;0.13875624348207916;0.8742710059898094;0.8872795544176579;-1.7705262611904442;-1.5640665592631913
SG_UF;03_medio_alto;Patrimônio médio-alto - veicular diversificado;RJ;35;398;0.08793969849246232;0.07446547063160482;0.07859926450408913;1.1809459840456409;1.1188361500238624;1.3474227860857502;0.9340433988373185
SG_UF;03_medio_alto;Patrimônio médio-alto - veicular diversificado;MG;25;398;0.06281407035175879;0.09855001228803145;0.09155277457599209;0.6373826739683455;0.6860968511622862;-3.573594193627266;-2.8738704224233302
SG_UF;03_medio_alto;Patrimônio médio-alto - veicular diversificado;PR;23;398;0.05778894472361809;0.057999508478741704;0.0633404687414238;0.9963695596627204;0.9123542321660294;-0.021056375512361336;-0.5551524017805703
SG_UF;03_medio_alto;Patrimônio médio-alto - veicular diversificado;BA;22;398;0.05527638190954774;0.05382157778323912;0.05483286678741973;1.0270301278079899;1.008088490500551;0.14548041263086203;0.04435151221280145
SG_UF;03_medio_alto;Patrimônio médio-alto - veicular diversificado;GO;20;398;0.05025125628140704;0.04079626443843696;0.04204401997914265;1.23176121571714;1.1952057939829699;0.9454991842970079;0.8207236302264387
SG_UF;03_medio_alto;Patrimônio médio-alto - veicular diversificado;MA;19;398;0.04773869346733668;0.03588105185549275;0.03156045886162797;1.330470847387623;1.5126108804894036;1.1857641611843932;1.6178234605708712
SG_UF;03_medio_alto;Patrimônio médio-alto - veicular diversificado;SC;18;398;0.04522613065326633;0.05013516834603097;0.04127559141555519;0.9020839491575524;1.0957112691115152;-0.4909037692764635;0.39505392377111453
SG_UF;03_medio_alto;Patrimônio médio-alto - veicular diversificado;DF;17;398;0.04271356783919598;0.038092897517817643;0.03326197925242878;1.121300048630248;1.2841559281556296;0.4620670321378334;0.9451588586767194
SG_UF;03_medio_alto;Patrimônio médio-alto - veicular diversificado;RS;17;398;0.04271356783919598;0.057999508478741704;0.05351556067841265;0.7364470658376628;0.7981522999613451;-1.5285940639545728;-1.0801992839216672
SG_UF;03_medio_alto;Patrimônio médio-alto - veicular diversificado;CE;15;398;0.03768844221105527;0.03219464241828459;0.03353641802513859;1.170643292799877;1.123806429857964;0.5493799792770683;0.4152024185916682
SG_UF;03_medio_alto;Patrimônio médio-alto - veicular diversificado;RO;15;398;0.03768844221105527;0.02801671172278201;0.024919040562050607;1.3452129066384553;1.5124355256458502;0.9671730488273262;1.2769401649004666
SG_UF;03_medio_alto;Patrimônio médio-alto - veicular diversificado;AM;13;398;0.032663316582914576;0.018186286556893586;0.021845326307700752;1.7960410158902622;1.4952084543319615;1.447703002602099;1.0817990275213822
SG_UF;03_medio_alto;Patrimônio médio-alto - veicular diversificado;MS;12;398;0.03015075376884422;0.021135414106660113;0.021625775289532904;1.426551361458455;1.3942045251638906;0.9015339662184106;0.8524978479311316
SG_UF;03_medio_alto;Patrimônio médio-alto - veicular diversificado;AL;11;398;0.02763819095477387;0.014008355861391006;0.013118173335528843;1.9729789297364013;2.1068627657114023;1.3629835093382865;1.452001761924503
SG_UF;03_medio_alto;Patrimônio médio-alto - veicular diversificado;PE;11;398;0.02763819095477387;0.027279429835340378;0.03139579559800208;1.013151342297071;0.880315036722072;0.035876111943349345;-0.3757604643228212
SG_UF;03_medio_alto;Patrimônio médio-alto - veicular diversificado;RR;11;398;0.02763819095477387;0.018923568444335216;0.01882649980789286;1.460516870064609;1.468047233250802;0.8714622510438654;0.8811691146881011
SG_UF;03_medio_alto;Patrimônio médio-alto - veicular diversificado;PB;10;398;0.02512562814070352;0.022364217252396165;0.02266864262583018;1.1234745154343144;1.1083869711754901;0.27614108883073535;0.24569855148733402
SG_UF;03_medio_alto;Patrimônio médio-alto - veicular diversificado;SE;9;398;0.022613065326633167;0.017694765298599164;0.017673856962511662;1.2779522613065328;1.2794640906395331;0.4918300028034003;0.49392083641215045
SG_UF;03_medio_alto;Patrimônio médio-alto - veicular diversificado;PA;8;398;0.020100502512562814;0.02359302039813222;0.0305175915253307;0.8519681742043551;0.6586529771157948;-0.34925178855694067;-1.0417089012767884
SG_UF;03_medio_alto;Patrimônio médio-alto - veicular diversificado;MT;7;398;0.017587939698492462;0.02433030228557385;0.02085734672594544;0.7228820872036953;0.8432491404390373;-0.6742362587081389;-0.32694070274529796
SG_UF;03_medio_alto;Patrimônio médio-alto - veicular diversificado;TO;7;398;0.017587939698492462;0.025559105431309903;0.022558867116746255;0.6881281407035176;0.7796464072185746;-0.7971165732817441;-0.49709274182537927
SG_UF;03_medio_alto;Patrimônio médio-alto - veicular diversificado;ES;6;398;0.01507537688442211;0.029982796755959697;0.026401009934683573;0.5028008896943734;0.5710151589548574;-1.4907419871537586;-1.1325633050261463
SG_UF;03_medio_alto;Patrimônio médio-alto - veicular diversificado;AC;5;398;0.01256281407035176;0.012533792086507742;0.015423459026291235;1.0023154990639471;0.8145263684972908;0.0029021983844017274;-0.2860644955939476
SG_UF;03_medio_alto;Patrimônio médio-alto - veicular diversificado;AP;5;398;0.01256281407035176;0.013762595232243794;0.01465503046270377;0.9128230437903805;0.8572356162836656;-0.1199781161892035;-0.20922163923520112
SG_UF;03_medio_alto;Patrimônio médio-alto - veicular diversificado;PI;4;398;0.010050251256281407;0.008847382649299582;0.014380591689993963;1.135957565605807;0.6988760596877517;0.12028686069818252;-0.43303404337125556
SG_UF;03_medio_alto;Patrimônio médio-alto - veicular diversificado;RN;3;398;0.007537688442211055;0.012533792086507742;0.01954004061693836;0.6013892994383683;0.3857560273276495;-0.4996103644296687;-1.2002352174727304
SG_UF;03_medio_alto;Patrimônio médio-alto - veicular diversificado;BR;1;398;0.002512562814070352;0.0004915212582944212;0.0013173061090070806;5.111809045226131;1.9073492462311556;0.2021041555775931;0.11952567050632712
SG_UF;02_medio_baixo;Patrimônio médio-baixo - imobiliário concentrado com financeiro e societário;SP;62;289;0.21453287197231835;0.12446249402771142;0.13875624348207916;1.7236748600309493;1.5461132889492357;9.007037794460693;7.57766284902392
SG_UF;02_medio_baixo;Patrimônio médio-baixo - imobiliário concentrado com financeiro e societário;RJ;27;289;0.09342560553633218;0.0716674629718108;0.07859926450408913;1.303598615916955;1.1886320581469525;2.175814256452138;1.4826341032243049
SG_UF;02_medio_baixo;Patrimônio médio-baixo - imobiliário concentrado com financeiro e societário;RS;25;289;0.08650519031141868;0.05661729574773053;0.05351556067841265;1.5278933613653949;1.6164492946499864;2.988789456368815;3.298962963300603
SG_UF;02_medio_baixo;Patrimônio médio-baixo - imobiliário concentrado com financeiro e societário;PR;20;289;0.06920415224913495;0.061156235069278544;0.0633404687414238;1.1315960207612459;1.0925740466438385;0.804791717985641;0.5863683507711159
SG_UF;02_medio_baixo;Patrimônio médio-baixo - imobiliário concentrado com financeiro e societário;MG;18;289;0.06228373702422145;0.09245102723363594;0.09155277457599209;0.673694375150881;0.6803041995469369;-3.0167290209414483;-2.9269037551770642
SG_UF;02_medio_baixo;Patrimônio médio-baixo - imobiliário concentrado com financeiro e societário;SC;16;289;0.05536332179930796;0.04228380315336837;0.04127559141555519;1.3093269211971927;1.3413089891776486;1.3079518645939592;1.4087730383752772
SG_UF;02_medio_baixo;Patrimônio médio-baixo - imobiliário concentrado com financeiro e societário;BA;12;289;0.04152249134948097;0.051839464882943144;0.05483286678741973;0.800982252483536;0.7572555254216153;-1.0316973533462177;-1.3310375437938762
SG_UF;02_medio_baixo;Patrimônio médio-baixo - imobiliário concentrado com financeiro e societário;GO;12;289;0.04152249134948097;0.0451505016722408;0.04204401997914265;0.9196462898885044;0.9875956526059971;-0.36280103227598337;-0.05215286296616842
SG_UF;02_medio_baixo;Patrimônio médio-baixo - imobiliário concentrado com financeiro e societário;CE;9;289;0.031141868512110725;0.0358337314859054;0.03353641802513859;0.8690657439446366;0.9285985309691412;-0.4691862973794675;-0.2394549513027866
SG_UF;02_medio_baixo;Patrimônio médio-baixo - imobiliário concentrado com financeiro e societário;PE;9;289;0.031141868512110725;0.03368370759675107;0.03139579559800208;0.9245380254730178;0.9919120671715828;-0.2541839084640347;-0.025392708589135754
SG_UF;02_medio_baixo;Patrimônio médio-baixo - imobiliário concentrado com financeiro e societário;RN;8;289;0.02768166089965398;0.020305781175346392;0.01954004061693836;1.3632403826582538;1.4166634267718985;0.7375879724307588;0.814162028271562
SG_UF;02_medio_baixo;Patrimônio médio-baixo - imobiliário concentrado com financeiro e societário;AL;7;289;0.02422145328719723;0.012900143334925944;0.013118173335528843;1.8776111751890299;1.8464044244328301;1.1321309952271288;1.1103279951668388
SG_UF;02_medio_baixo;Patrimônio médio-baixo - imobiliário concentrado com financeiro e societário;ES;7;289;0.02422145328719723;0.027233635929288104;0.026401009934683573;0.8893947671948036;0.9174441942608033;-0.3012182642090872;-0.21795566474863415
SG_UF;02_medio_baixo;Patrimônio médio-baixo - imobiliário concentrado com financeiro e societário;MS;7;289;0.02422145328719723;0.02460582895365504;0.021625775289532904;0.9843786743709477;1.1200270493386963;-0.03843756664578084;0.25956779976643274
SG_UF;02_medio_baixo;Patrimônio médio-baixo - imobiliário concentrado com financeiro e societário;TO;7;289;0.02422145328719723;0.023411371237458192;0.022558867116746255;1.0346020761245676;1.0736998964463416;0.08100820497390394;0.1662586170450977
SG_UF;02_medio_baixo;Patrimônio médio-baixo - imobiliário concentrado com financeiro e societário;MA;6;289;0.020761245674740483;0.03201146679407549;0.03156045886162797;0.6485565253318184;0.6578245825184293;-1.1250221119335004;-1.0799213186887486
SG_UF;02_medio_baixo;Patrimônio médio-baixo - imobiliário concentrado com financeiro e societário;SE;6;289;0.020761245674740483;0.022216913521261348;0.017673856962511662;0.9344792945641254;1.1746867544971953;-0.14556678465208645;0.3087388712228821
SG_UF;02_medio_baixo;Patrimônio médio-baixo - imobiliário concentrado com financeiro e societário;AM;5;289;0.01730103806228374;0.023650262780697564;0.021845326307700752;0.7315368215022194;0.7919789257707222;-0.6349224718413825;-0.45442882454170136
SG_UF;02_medio_baixo;Patrimônio médio-baixo - imobiliário concentrado com financeiro e societário;MT;5;289;0.01730103806228374;0.021261347348303872;0.02085734672594544;0.8137319699856149;0.8294937169914406;-0.39603092860201333;-0.3556308663661703
SG_UF;02_medio_baixo;Patrimônio médio-baixo - imobiliário concentrado com financeiro e societário;DF;4;289;0.01384083044982699;0.029861442904921164;0.03326197925242878;0.46350173010380624;0.4161156600089075;-1.6020612455094174;-1.9421148802601793
SG_UF;02_medio_baixo;Patrimônio médio-baixo - imobiliário concentrado com financeiro e societário;PA;4;289;0.01384083044982699;0.027233635929288104;0.0305175915253307;0.5082255812541735;0.45353613303129126;-1.3392805479461114;-1.667676107550371
SG_UF;02_medio_baixo;Patrimônio médio-baixo - imobiliário concentrado com financeiro e societário;RO;4;289;0.01384083044982699;0.021261347348303872;0.024919040562050607;0.6509855759884918;0.5554319162233434;-0.7420516898476882;-1.1078210112223617
SG_UF;02_medio_baixo;Patrimônio médio-baixo - imobiliário concentrado com financeiro e societário;AC;3;289;0.010380622837370242;0.01839464882943144;0.015423459026291235;0.5643284051588549;0.6730411653880727;-0.8014025992061198;-0.5042836188920994
SG_UF;02_medio_baixo;Patrimônio médio-baixo - imobiliário concentrado com financeiro e societário;PB;2;289;0.006920415224913495;0.026994744386048732;0.02266864262583018;0.2563615763848486;0.3052858232026609;-2.007432916113524;-1.5748227400916686
SG_UF;02_medio_baixo;Patrimônio médio-baixo - imobiliário concentrado com financeiro e societário;AP;1;289;0.0034602076124567475;0.019589106545628284;0.01465503046270377;0.17663937885053593;0.23611057112864975;-1.6128898933171536;-1.1194822850247022
SG_UF;02_medio_baixo;Patrimônio médio-baixo - imobiliário concentrado com financeiro e societário;BR;1;289;0.0034602076124567475;0.00023889154323936931;0.0013173061090070806;14.484429065743946;2.6267301038062283;0.3221316069217378;0.2142901503449667
SG_UF;02_medio_baixo;Patrimônio médio-baixo - imobiliário concentrado com financeiro e societário;PI;1;289;0.0034602076124567475;0.01433349259436216;0.014380591689993963;0.2414071510957324;0.24061649805858581;-1.0873284981905411;-1.0920384077537215
SG_UF;02_medio_baixo;Patrimônio médio-baixo - imobiliário concentrado com financeiro e societário;RR;1;289;0.0034602076124567475;0.019350215002388916;0.01882649980789286;0.17882011192276476;0.18379452621384687;-1.5890007389932168;-1.536629219543611
SG_UF;02_medio_baixo;Patrimônio médio-baixo - societário + veicular;SP;48;326;0.147239263803681;0.12446249402771142;0.13875624348207916;1.1830010715589416;1.0611361341927468;2.2776769775969568;0.8483020321601836
SG_UF;02_medio_baixo;Patrimônio médio-baixo - societário + veicular;RJ;34;326;0.10429447852760736;0.0716674629718108;0.07859926450408913;1.4552556237218812;1.3269141789765913;3.262701555579656;2.5695214023518225
SG_UF;02_medio_baixo;Patrimônio médio-baixo - societário + veicular;MG;25;326;0.07668711656441718;0.09245102723363594;0.09155277457599209;0.8294890696089154;0.8376274440570244;-1.5763910669218757;-1.4865658011574912
SG_UF;02_medio_baixo;Patrimônio médio-baixo - societário + veicular;RS;19;326;0.05828220858895705;0.05661729574773053;0.05351556067841265;1.0294064352463048;1.0890703161868804;0.16649128412265235;0.47666479105444026
SG_UF;02_medio_baixo;Patrimônio médio-baixo - societário + veicular;PR;18;326;0.05521472392638037;0.061156235069278544;0.0633404687414238;0.9028470092024541;0.8717132194235042;-0.5941511142898176;-0.8125744815043425
SG_UF;02_medio_baixo;Patrimônio médio-baixo - societário + veicular;GO;16;326;0.049079754601226995;0.0451505016722408;0.04204401997914265;1.0870256759827313;1.1673421006263116;0.39292529289861944;0.7035734622084344
SG_UF;02_medio_baixo;Patrimônio médio-baixo - societário + veicular;BA;15;326;0.046012269938650305;0.051839464882943144;0.05483286678741973;0.8875915297842866;0.8391366826949649;-0.582719494429284;-0.8820596848769423
SG_UF;02_medio_baixo;Patrimônio médio-baixo - societário + veicular;PA;15;326;0.046012269938650305;0.027233635929288104;0.0305175915253307;1.6895382628350015;1.5077293993026437;1.87786340093622;1.5494678413319605
SG_UF;02_medio_baixo;Patrimônio médio-baixo - societário + veicular;AP;11;326;0.03374233128834356;0.019589106545628284;0.01465503046270377;1.7225048630854407;2.3024402012821397;1.4153224742715274;1.9087300825639788
SG_UF;02_medio_baixo;Patrimônio médio-baixo - societário + veicular;DF;11;326;0.03374233128834356;0.029861442904921164;0.03326197925242878;1.1299631901840492;1.014441474822329;0.38808883834223934;0.04803520359147745
SG_UF;02_medio_baixo;Patrimônio médio-baixo - societário + veicular;ES;11;326;0.03374233128834356;0.027233635929288104;0.026401009934683573;1.238994726079001;1.2780697167200235;0.6508695359055454;0.7341321353659984
SG_UF;02_medio_baixo;Patrimônio médio-baixo - societário + veicular;MA;11;326;0.03374233128834356;0.03201146679407549;0.03156045886162797;1.0540701400970607;1.069133102160576;0.17308644942680695;0.21818724267155878
SG_UF;02_medio_baixo;Patrimônio médio-baixo - societário + veicular;RO;11;326;0.03374233128834356;0.021261347348303872;0.024919040562050607;1.5870269525056868;1.3540782681549146;1.2480983940039687;0.882329072629295
SG_UF;02_medio_baixo;Patrimônio médio-baixo - societário + veicular;SC;11;326;0.03374233128834356;0.04228380315336837;0.04127559141555519;0.7979966032373228;0.8174887416786321;-0.854147186502481;-0.753326012721163
SG_UF;02_medio_baixo;Patrimônio médio-baixo - societário + veicular;AM;9;326;0.027607361963190184;0.023650262780697564;0.021845326307700752;1.1673173452314556;1.2637651447421154;0.39570991824926205;0.5762035655489433
SG_UF;02_medio_baixo;Patrimônio médio-baixo - societário + veicular;PE;8;326;0.024539877300613498;0.03368370759675107;0.03139579559800208;0.7285384849671497;0.7816294135312541;-0.9143830296137575;-0.6855918297388585
SG_UF;02_medio_baixo;Patrimônio médio-baixo - societário + veicular;RR;8;326;0.024539877300613498;0.019350215002388916;0.01882649980789286;1.268196621979853;1.3034752902037239;0.5189662298224582;0.5713377492720637
SG_UF;02_medio_baixo;Patrimônio médio-baixo - societário + veicular;TO;8;326;0.024539877300613498;0.023411371237458192;0.022558867116746255;1.0482033304119194;1.0878151448658815;0.11285060631553052;0.19810101838672428
SG_UF;02_medio_baixo;Patrimônio médio-baixo - societário + veicular;AC;6;326;0.018404907975460124;0.01839464882943144;0.015423459026291235;1.0005577244841048;1.1933061153199571;0.0010259146028684246;0.2981448949168889
SG_UF;02_medio_baixo;Patrimônio médio-baixo - societário + veicular;MS;6;326;0.018404907975460124;0.02460582895365504;0.021625775289532904;0.7479897551968552;0.8510634984896143;-0.6200920978194916;-0.32208673140727806
SG_UF;02_medio_baixo;Patrimônio médio-baixo - societário + veicular;AL;5;326;0.015337423312883436;0.012900143334925944;0.013118173335528843;1.1889343331061122;1.1691737043406834;0.24372799779574916;0.22192499773545926
SG_UF;02_medio_baixo;Patrimônio médio-baixo - societário + veicular;CE;5;326;0.015337423312883436;0.0358337314859054;0.03353641802513859;0.4280163599182004;0.4573363589810529;-2.049630817302196;-1.8198994712255154
SG_UF;02_medio_baixo;Patrimônio médio-baixo - societário + veicular;RN;4;326;0.012269938650306749;0.020305781175346392;0.01954004061693836;0.6042583904727535;0.6279382367133108;-0.8035842525039644;-0.7270101966631611
SG_UF;02_medio_baixo;Patrimônio médio-baixo - societário + veicular;PB;3;326;0.009202453987730062;0.026994744386048732;0.02266864262583018;0.3408979857755579;0.4059552280931089;-1.779229039831867;-1.3466188638100116
SG_UF;02_medio_baixo;Patrimônio médio-baixo - societário + veicular;PI;3;326;0.009202453987730062;0.01433349259436216;0.014380591689993963;0.6420245398773007;0.6399217908490611;-0.5131038606632098;-0.5178137702263901
SG_UF;02_medio_baixo;Patrimônio médio-baixo - societário + veicular;SE;3;326;0.009202453987730062;0.022216913521261348;0.017673856962511662;0.41420938056600043;0.5206817055976832;-1.3014459533531286;-0.84714029747816
SG_UF;02_medio_baixo;Patrimônio médio-baixo - societário + veicular;MT;2;326;0.006134969325153374;0.021261347348303872;0.02085734672594544;0.288550355001034;0.2941394898288667;-1.5126378023150497;-1.4722377400792068
SG_UF;02_medio_baixo;Patrimônio médio-baixo - veicular + financeiro;SP;63;360;0.175;0.12446249402771142;0.13875624348207916;1.406046065259117;1.2612045094936708;5.0537505972288566;3.624375651792083
SG_UF;02_medio_baixo;Patrimônio médio-baixo - veicular + financeiro;RJ;38;360;0.10555555555555556;0.0716674629718108;0.07859926450408913;1.4728518518518519;1.3429585661080075;3.3888092583744758;2.6956291051466423
SG_UF;02_medio_baixo;Patrimônio médio-baixo - veicular + financeiro;MG;36;360;0.1;0.09245102723363594;0.09155277457599209;1.0816537467700258;1.0922661870503598;0.754897276636407;0.8447225424007915
SG_UF;02_medio_baixo;Patrimônio médio-baixo - veicular + financeiro;PR;25;360;0.06944444444444445;0.061156235069278544;0.0633404687414238;1.1355251736111112;1.0963677065280184;0.8288209375165903;0.6103975703020653
SG_UF;02_medio_baixo;Patrimônio médio-baixo - veicular + financeiro;RS;22;360;0.06111111111111111;0.05661729574773053;0.05351556067841265;1.0793717768401312;1.1419316239316237;0.4493815363380581;0.759555043269846
SG_UF;02_medio_baixo;Patrimônio médio-baixo - veicular + financeiro;BA;18;360;0.05;0.051839464882943144;0.05483286678741973;0.9645161290322581;0.9118618618618619;-0.18394648829431412;-0.4832866787419725
SG_UF;02_medio_baixo;Patrimônio médio-baixo - veicular + financeiro;SC;18;360;0.05;0.04228380315336837;0.04127559141555519;1.1824858757062149;1.211369680851064;0.7716196846631634;0.8724408584444815
SG_UF;02_medio_baixo;Patrimônio médio-baixo - veicular + financeiro;DF;14;360;0.03888888888888889;0.029861442904921164;0.03326197925242878;1.3023111111111112;1.1691694169416942;0.9027445983967726;0.5626909636460107
SG_UF;02_medio_baixo;Patrimônio médio-baixo - veicular + financeiro;GO;14;360;0.03888888888888889;0.0451505016722408;0.04204401997914265;0.8613168724279836;0.9249564838990427;-0.6261612783351911;-0.3155131090253761
SG_UF;02_medio_baixo;Patrimônio médio-baixo - veicular + financeiro;CE;13;360;0.03611111111111111;0.0358337314859054;0.03353641802513859;1.0077407407407406;1.07677304964539;0.027737962520570786;0.2574693085972517
SG_UF;02_medio_baixo;Patrimônio médio-baixo - veicular + financeiro;PE;11;360;0.030555555555555555;0.03368370759675107;0.03139579559800208;0.9071315996847912;0.9732371794871796;-0.31281520411955177;-0.0840240042446528
SG_UF;02_medio_baixo;Patrimônio médio-baixo - veicular + financeiro;MA;9;360;0.025;0.03201146679407549;0.03156045886162797;0.7809701492537314;0.7921304347826088;-0.7011466794075487;-0.6560458861627969
SG_UF;02_medio_baixo;Patrimônio médio-baixo - veicular + financeiro;AM;8;360;0.022222222222222223;0.023650262780697564;0.021845326307700752;0.939618406285073;1.0172529313232832;-0.14280405584753408;0.037689591452147106
SG_UF;02_medio_baixo;Patrimônio médio-baixo - veicular + financeiro;ES;8;360;0.022222222222222223;0.027233635929288104;0.026401009934683573;0.8159844054580897;0.8417186417186417;-0.501141370706588;-0.41787877124613504
SG_UF;02_medio_baixo;Patrimônio médio-baixo - veicular + financeiro;MS;8;360;0.022222222222222223;0.02460582895365504;0.021625775289532904;0.9031283710895361;1.027580372250423;-0.2383606731432817;0.05964469326893186
SG_UF;02_medio_baixo;Patrimônio médio-baixo - veicular + financeiro;RN;8;360;0.022222222222222223;0.020305781175346392;0.01954004061693836;1.0943790849673203;1.1372659176029964;0.19164410468758308;0.2682181605283863
SG_UF;02_medio_baixo;Patrimônio médio-baixo - veicular + financeiro;TO;8;360;0.022222222222222223;0.023411371237458192;0.022558867116746255;0.9492063492063493;0.9850770478507704;-0.11891490152359692;-0.033664489452403176
SG_UF;02_medio_baixo;Patrimônio médio-baixo - veicular + financeiro;RO;7;360;0.019444444444444445;0.021261347348303872;0.024919040562050607;0.9145443196004993;0.7803046989720999;-0.1816902903859427;-0.5474596117606163
SG_UF;02_medio_baixo;Patrimônio médio-baixo - veicular + financeiro;PI;6;360;0.016666666666666666;0.01433349259436216;0.014380591689993963;1.1627777777777777;1.158969465648855;0.23331740723045064;0.22860749766727034
SG_UF;02_medio_baixo;Patrimônio médio-baixo - veicular + financeiro;AL;5;360;0.013888888888888888;0.012900143334925944;0.013118173335528843;1.0766460905349793;1.0587517433751743;0.09887455539629442;0.07707155533600452
SG_UF;02_medio_baixo;Patrimônio médio-baixo - veicular + financeiro;MT;5;360;0.013888888888888888;0.021261347348303872;0.02085734672594544;0.6532459425717851;0.6658991228070175;-0.7372458459414983;-0.6968457837056553
SG_UF;02_medio_baixo;Patrimônio médio-baixo - veicular + financeiro;AC;3;360;0.008333333333333333;0.01839464882943144;0.015423459026291235;0.453030303030303;0.5403024911032028;-1.0061315496098107;-0.7090125692957903
SG_UF;02_medio_baixo;Patrimônio médio-baixo - veicular + financeiro;PA;3;360;0.008333333333333333;0.027233635929288104;0.0305175915253307;0.3059941520467836;0.2730665467625899;-1.8900302595954772;-2.218425819199737
SG_UF;02_medio_baixo;Patrimônio médio-baixo - veicular + financeiro;PB;3;360;0.008333333333333333;0.026994744386048732;0.02266864262583018;0.30870206489675517;0.3676150121065375;-1.8661411052715398;-1.4335309292496845
SG_UF;02_medio_baixo;Patrimônio médio-baixo - veicular + financeiro;RR;3;360;0.008333333333333333;0.019350215002388916;0.01882649980789286;0.43065843621399175;0.44263848396501454;-1.1016881669055583;-1.0493166474559528
SG_UF;02_medio_baixo;Patrimônio médio-baixo - veicular + financeiro;SE;3;360;0.008333333333333333;0.022216913521261348;0.017673856962511662;0.375089605734767;0.47150621118012426;-1.3883580187928015;-0.9340523629178329
SG_UF;02_medio_baixo;Patrimônio médio-baixo - veicular + financeiro;AP;1;360;0.002777777777777778;0.019589106545628284;0.01465503046270377;0.14180216802168022;0.1895443196004994;-1.6811328767850506;-1.1877252684925992
SG_UF;02_medio_baixo;Patrimônio médio-baixo - veicular concentrado;MG;37;364;0.10164835164835165;0.09245102723363594;0.09155277457599209;1.099483204134367;1.110270574748992;0.9197324414715713;1.0095577072359556
SG_UF;02_medio_baixo;Patrimônio médio-baixo - veicular concentrado;RJ;26;364;0.07142857142857142;0.0716674629718108;0.07859926450408913;0.9966666666666666;0.9087689545091779;-0.02388915432393751;-0.7170693075517709
SG_UF;02_medio_baixo;Patrimônio médio-baixo - veicular concentrado;SP;26;364;0.07142857142857142;0.12446249402771142;0.13875624348207916;0.5738963531669865;0.5147773508137432;-5.303392259914;-6.732767205350773
SG_UF;02_medio_baixo;Patrimônio médio-baixo - veicular concentrado;SC;20;364;0.054945054945054944;0.04228380315336837;0.04127559141555519;1.2994350282485876;1.3311754734627075;1.2661251791686576;1.3669463529499757
SG_UF;02_medio_baixo;Patrimônio médio-baixo - veicular concentrado;CE;18;364;0.04945054945054945;0.0358337314859054;0.03353641802513859;1.38;1.4745328321433067;1.3616817964644048;1.5914131425410858
SG_UF;02_medio_baixo;Patrimônio médio-baixo - veicular concentrado;ES;18;364;0.04945054945054945;0.027233635929288104;0.026401009934683573;1.8157894736842104;1.8730552192090653;2.2216913521261343;2.3049539515865876
SG_UF;02_medio_baixo;Patrimônio médio-baixo - veicular concentrado;MA;18;364;0.04945054945054945;0.03201146679407549;0.03156045886162797;1.544776119402985;1.5668514094601051;1.743908265647396;1.789009058892148
SG_UF;02_medio_baixo;Patrimônio médio-baixo - veicular concentrado;PA;17;364;0.046703296703296704;0.027233635929288104;0.0305175915253307;1.7149122807017543;1.5303729543837457;1.94696607740086;1.6185705177966005
SG_UF;02_medio_baixo;Patrimônio médio-baixo - veicular concentrado;RS;17;364;0.046703296703296704;0.05661729574773053;0.05351556067841265;0.8248945147679325;0.8727049873203719;-0.9913999044433824;-0.6812263975115945
SG_UF;02_medio_baixo;Patrimônio médio-baixo - veicular concentrado;PE;15;364;0.04120879120879121;0.03368370759675107;0.03139579559800208;1.223404255319149;1.3125576346730194;0.7525083612040135;0.9812995610789126
SG_UF;02_medio_baixo;Patrimônio médio-baixo - veicular concentrado;DF;14;364;0.038461538461538464;0.029861442904921164;0.03326197925242878;1.288;1.1563214013709064;0.86000955566173;0.5199559209109681
SG_UF;02_medio_baixo;Patrimônio médio-baixo - veicular concentrado;AM;13;364;0.03571428571428571;0.023650262780697564;0.021845326307700752;1.51010101010101;1.6348707824838478;1.2064022933588148;1.386895940658496
SG_UF;02_medio_baixo;Patrimônio médio-baixo - veicular concentrado;BA;13;364;0.03571428571428571;0.051839464882943144;0.05483286678741973;0.6889400921658986;0.6513299013299013;-1.612517916865743;-1.9118581073134016
SG_UF;02_medio_baixo;Patrimônio médio-baixo - veicular concentrado;MT;13;364;0.03571428571428571;0.021261347348303872;0.02085734672594544;1.6797752808988762;1.712312030075188;1.445293836598184;1.4856938988340271
SG_UF;02_medio_baixo;Patrimônio médio-baixo - veicular concentrado;GO;11;364;0.03021978021978022;0.0451505016722408;0.04204401997914265;0.6693121693121693;0.7187652425903079;-1.493072145246058;-1.1824239759362432
SG_UF;02_medio_baixo;Patrimônio médio-baixo - veicular concentrado;PR;11;364;0.03021978021978022;0.061156235069278544;0.0633404687414238;0.49414062500000006;0.4771006722913135;-3.0936454849498323;-3.312068852164357
SG_UF;02_medio_baixo;Patrimônio médio-baixo - veicular concentrado;SE;10;364;0.027472527472527472;0.022216913521261348;0.017673856962511662;1.2365591397849462;1.5544160808135965;0.5255613951266124;0.979867051001581
SG_UF;02_medio_baixo;Patrimônio médio-baixo - veicular concentrado;AP;9;364;0.024725274725274724;0.019589106545628284;0.01465503046270377;1.2621951219512195;1.6871527349055437;0.513616817964644;1.0070244262570953
SG_UF;02_medio_baixo;Patrimônio médio-baixo - veicular concentrado;PI;9;364;0.024725274725274724;0.01433349259436216;0.014380591689993963;1.7249999999999999;1.7193503061823672;1.0391782130912564;1.0344683035280762
SG_UF;02_medio_baixo;Patrimônio médio-baixo - veicular concentrado;RR;8;364;0.02197802197802198;0.019350215002388916;0.01882649980789286;1.1358024691358026;1.1673981994681704;0.26278069756330635;0.31515221701291196
SG_UF;02_medio_baixo;Patrimônio médio-baixo - veicular concentrado;AC;7;364;0.019230769230769232;0.01839464882943144;0.015423459026291235;1.0454545454545454;1.2468519025458527;0.08361204013377921;0.38073102044779966
SG_UF;02_medio_baixo;Patrimônio médio-baixo - veicular concentrado;RN;7;364;0.019230769230769232;0.020305781175346392;0.01954004061693836;0.9470588235294118;0.9841724286949007;-0.10750119445771603;-0.030927138616912778
SG_UF;02_medio_baixo;Patrimônio médio-baixo - veicular concentrado;MS;6;364;0.016483516483516484;0.02460582895365504;0.021625775289532904;0.6699029126213593;0.7622162101857534;-0.8122312470138556;-0.5142258806016421
SG_UF;02_medio_baixo;Patrimônio médio-baixo - veicular concentrado;TO;6;364;0.016483516483516484;0.023411371237458192;0.022558867116746255;0.7040816326530613;0.7306890190101869;-0.6927854753941708;-0.6075350633229771
SG_UF;02_medio_baixo;Patrimônio médio-baixo - veicular concentrado;AL;5;364;0.013736263736263736;0.012900143334925944;0.013118173335528843;1.0648148148148149;1.0471171088325901;0.08361204013377921;0.061809040073489314
SG_UF;02_medio_baixo;Patrimônio médio-baixo - veicular concentrado;PB;5;364;0.013736263736263736;0.026994744386048732;0.02266864262583018;0.5088495575221239;0.6059588111646222;-1.3258480649784996;-0.8932378889566442
SG_UF;02_medio_baixo;Patrimônio médio-baixo - veicular concentrado;RO;5;364;0.013736263736263736;0.021261347348303872;0.024919040562050607;0.646067415730337;0.5512356586145132;-0.7525083612040135;-1.118277682578687
