variavel;estrato;perfil_cluster;categoria;candidatos_cluster_categoria;candidatos_cluster;perc_cluster;perc_estrato;perc_base;indice_vs_estrato;indice_vs_base;delta_pp_vs_estrato;delta_pp_vs_base
DS_COR_RACA;04_alto;Alto patrimônio - imobiliário diversificado com societário e créditos e direitos;BRANCA;373;474;0.7869198312236287;0.6786848072562358;0.5504692903013337;1.159477599631207;1.4295435641702356;10.823502396739293;23.6450540922295
DS_COR_RACA;04_alto;Alto patrimônio - imobiliário diversificado com societário e créditos e direitos;PARDA;87;474;0.18354430379746836;0.26825396825396824;0.3273505680882595;0.6842184106059471;0.5606964572243588;-8.470966445649989;-14.380626429079117
DS_COR_RACA;04_alto;Alto patrimônio - imobiliário diversificado com societário e créditos e direitos;AMARELA;7;474;0.014767932489451477;0.006122448979591836;0.0044459081178988965;2.4120956399437414;3.321690889201438;0.8645483509859639;1.032202437155258
DS_COR_RACA;04_alto;Alto patrimônio - imobiliário diversificado com societário e créditos e direitos;NÃO INFORMADO;3;474;0.006329113924050633;0.003401360544217687;0.0025797244634721992;1.8607594936708862;2.453406948559117;0.2927753379832946;0.37493894605784334
DS_COR_RACA;04_alto;Alto patrimônio - imobiliário diversificado com societário e créditos e direitos;PRETA;3;474;0.006329113924050633;0.041723356009070296;0.11054393764751085;0.15169235002751788;0.05725428330798335;-3.5394242085019663;-10.42148237234602
DS_COR_RACA;04_alto;Alto patrimônio - imobiliário diversificado com societário e créditos e direitos;INDÍGENA;1;474;0.002109704641350211;0.0018140589569160999;0.004610571381524782;1.1629746835443036;0.4575798673899939;0.029564568443411092;-0.25008667401745716
DS_COR_RACA;01_baixo;Baixo patrimônio - financeiro concentrado;BRANCA;358;690;0.518840579710145;0.4527493010251631;0.5504692903013337;1.1459776492980354;0.9425422795631799;6.609127868498188;-3.162871059118877
DS_COR_RACA;01_baixo;Baixo patrimônio - financeiro concentrado;PARDA;200;690;0.2898550724637681;0.36495806150978566;0.3273505680882595;0.7942147414546047;0.8854576735776981;-7.510298904601753;-3.7495495624491393
DS_COR_RACA;01_baixo;Baixo patrimônio - financeiro concentrado;PRETA;122;690;0.17681159420289855;0.16812674743709227;0.11054393764751085;1.0516565442334265;1.5994689348473727;0.8684846765806276;6.626765655538771
DS_COR_RACA;01_baixo;Baixo patrimônio - financeiro concentrado;INDÍGENA;7;690;0.010144927536231883;0.00782851817334576;0.004610571381524782;1.2958937198067633;2.2003623188405794;0.2316409362886124;0.5534356154707101
DS_COR_RACA;01_baixo;Baixo patrimônio - financeiro concentrado;AMARELA;2;690;0.002898550724637681;0.00391425908667288;0.0044459081178988965;0.7405106970324362;0.6519592055823941;-0.10157083620351984;-0.15473573932612153
DS_COR_RACA;01_baixo;Baixo patrimônio - financeiro concentrado;NÃO INFORMADO;1;690;0.0014492753623188406;0.002423112767940354;0.0025797244634721992;0.5981047937569677;0.5617946345975948;-0.09738374056215134;-0.11304491011533586
DS_COR_RACA;01_baixo;Baixo patrimônio - veicular concentrado com financeiro e societário;BRANCA;244;427;0.5714285714285714;0.4527493010251631;0.5504692903013337;1.2621302123154736;1.0380752959275246;11.867927040340831;2.095928112723766
DS_COR_RACA;01_baixo;Baixo patrimônio - veicular concentrado com financeiro e societário;PARDA;118;427;0.27634660421545665;0.36495806150978566;0.3273505680882595;0.7572009865249871;0.8441916133805172;-8.8611457294329;-5.100396387280287
DS_COR_RACA;01_baixo;Baixo patrimônio - veicular concentrado com financeiro e societário;PRETA;56;427;0.13114754098360656;0.16812674743709227;0.11054393764751085;0.7800516157173494;1.1863838377260814;-3.697920645348571;2.0603603336095717
DS_COR_RACA;01_baixo;Baixo patrimônio - veicular concentrado com financeiro e societário;AMARELA;6;427;0.01405152224824356;0.00391425908667288;0.0044459081178988965;3.5898293743727;3.1605516523549313;1.0137263161570682;0.9605614130344664
DS_COR_RACA;01_baixo;Baixo patrimônio - veicular concentrado com financeiro e societário;NÃO INFORMADO;2;427;0.00468384074941452;0.002423112767940354;0.0025797244634721992;1.9329850477391464;1.8156360556081519;0.2260727981474166;0.21041162859423207
DS_COR_RACA;01_baixo;Baixo patrimônio - veicular concentrado com financeiro e societário;INDÍGENA;1;427;0.00234192037470726;0.00782851817334576;0.004610571381524782;0.29915244786439166;0.5079458012713282;-0.54865977986385;-0.22686510068175222
DS_COR_RACA;03_medio_alto;Patrimônio médio-alto - imobiliário concentrado com financeiro e societário;BRANCA;267;392;0.6811224489795918;0.5817154091914475;0.5504692903013337;1.170886035022374;1.2373486786278975;9.940703978814437;13.065315867825811
DS_COR_RACA;03_medio_alto;Patrimônio médio-alto - imobiliário concentrado com financeiro e societário;PARDA;97;392;0.24744897959183673;0.3135905627918407;0.3273505680882595;0.7890829921310217;0.7559143124050425;-6.614158320000399;-7.990158849642278
DS_COR_RACA;03_medio_alto;Patrimônio médio-alto - imobiliário concentrado com financeiro e societário;PRETA;24;392;0.061224489795918366;0.09658392725485378;0.11054393764751085;0.633899361271226;0.5538475568976349;-3.535943745893541;-4.9319447851592475
DS_COR_RACA;03_medio_alto;Patrimônio médio-alto - imobiliário concentrado com financeiro e societário;AMARELA;2;392;0.00510204081632653;0.003194888178913738;0.0044459081178988965;1.596938775510204;1.1475812547241118;0.19071526374127923;0.06561326984276336
DS_COR_RACA;03_medio_alto;Patrimônio médio-alto - imobiliário concentrado com financeiro e societário;INDÍGENA;2;392;0.00510204081632653;0.002703366920619317;0.004610571381524782;1.8872912801484227;1.1065962099125362;0.23986738957072132;0.0491469434801748
DS_COR_RACA;03_medio_alto;Patrimônio médio-alto - veicular diversificado;BRANCA;258;398;0.6482412060301508;0.5817154091914475;0.5504692903013337;1.1143614141684342;1.1776155681187872;6.65257968387033;9.777191572881705
DS_COR_RACA;03_medio_alto;Patrimônio médio-alto - veicular diversificado;PARDA;112;398;0.2814070351758794;0.3135905627918407;0.3273505680882595;0.8973708668735528;0.859650364498549;-3.2183527615961327;-4.594353291238012
DS_COR_RACA;03_medio_alto;Patrimônio médio-alto - veicular diversificado;PRETA;25;398;0.06281407035175879;0.09658392725485378;0.11054393764751085;0.6503573848888206;0.5682271835842568;-3.376985690309499;-4.772986729575206
DS_COR_RACA;03_medio_alto;Patrimônio médio-alto - veicular diversificado;NÃO INFORMADO;2;398;0.005025125628140704;0.0022118456623248955;0.0025797244634721992;2.271915131211614;1.947931145087138;0.2813279965815808;0.24454011646685042
DS_COR_RACA;03_medio_alto;Patrimônio médio-alto - veicular diversificado;AMARELA;1;398;0.002512562814070352;0.003194888178913738;0.0044459081178988965;0.7864321608040201;0.565140517401824;-0.06823253648433861;-0.19333453038285447
DS_COR_RACA;02_medio_baixo;Patrimônio médio-baixo - imobiliário concentrado com financeiro e societário;BRANCA;181;289;0.6262975778546713;0.5;0.5504692903013337;1.2525951557093427;1.1377520760728146;12.629757785467133;7.582828755333759
DS_COR_RACA;02_medio_baixo;Patrimônio médio-baixo - imobiliário concentrado com financeiro e societário;PARDA;73;289;0.25259515570934254;0.3607262302914477;0.3273505680882595;0.7002406104631178;0.7716350003132985;-10.813107458210514;-7.475541237891697
DS_COR_RACA;02_medio_baixo;Patrimônio médio-baixo - imobiliário concentrado com financeiro e societário;PRETA;28;289;0.09688581314878893;0.12661251791686573;0.11054393764751085;0.7652151204543971;0.8764461915381259;-2.9726704768076804;-1.365812449872192
DS_COR_RACA;02_medio_baixo;Patrimônio médio-baixo - imobiliário concentrado com financeiro e societário;AMARELA;6;289;0.020761245674740483;0.004777830864787387;0.0044459081178988965;4.345328719723183;4.669742406766628;1.5983414809953096;1.6315337556841585
DS_COR_RACA;02_medio_baixo;Patrimônio médio-baixo - imobiliário concentrado com financeiro e societário;INDÍGENA;1;289;0.0034602076124567475;0.005494505494505495;0.004610571381524782;0.629757785467128;0.7504943153732081;-0.20342978820487473;-0.11503637690680346
DS_COR_RACA;02_medio_baixo;Patrimônio médio-baixo - societário + veicular;BRANCA;186;326;0.5705521472392638;0.5;0.5504692903013337;1.1411042944785277;1.0364831559030958;7.055214723926384;2.0082856937930105
DS_COR_RACA;02_medio_baixo;Patrimônio médio-baixo - societário + veicular;PARDA;121;326;0.37116564417177916;0.3607262302914477;0.3273505680882595;1.0289399910616341;1.1338475639110739;1.0439413880331483;4.381507608351964
DS_COR_RACA;02_medio_baixo;Patrimônio médio-baixo - societário + veicular;PRETA;17;326;0.05214723926380368;0.12661251791686573;0.11054393764751085;0.4118647991665702;0.4717331440651634;-7.446527865306204;-5.839669838370717
DS_COR_RACA;02_medio_baixo;Patrimônio médio-baixo - societário + veicular;AMARELA;1;326;0.003067484662576687;0.004777830864787387;0.0044459081178988965;0.6420245398773006;0.6899568279936379;-0.17103462022106997;-0.13784234553222094
DS_COR_RACA;02_medio_baixo;Patrimônio médio-baixo - societário + veicular;NÃO INFORMADO;1;326;0.003067484662576687;0.0023889154323936935;0.0025797244634721992;1.2840490797546011;1.1890745333507375;0.06785692301829938;0.0487760199104488
DS_COR_RACA;02_medio_baixo;Patrimônio médio-baixo - veicular + financeiro;BRANCA;229;360;0.6361111111111111;0.5;0.5504692903013337;1.2722222222222221;1.155579652341543;13.611111111111107;8.564182080977734
DS_COR_RACA;02_medio_baixo;Patrimônio médio-baixo - veicular + financeiro;PARDA;107;360;0.2972222222222222;0.3607262302914477;0.3273505680882595;0.8239551140544518;0.9079630561144645;-6.350400806922546;-3.01283458660373
DS_COR_RACA;02_medio_baixo;Patrimônio médio-baixo - veicular + financeiro;PRETA;23;360;0.06388888888888888;0.12661251791686573;0.11054393764751085;0.504601677148847;0.5779501820589208;-6.272362902797685;-4.665504875862196
DS_COR_RACA;02_medio_baixo;Patrimônio médio-baixo - veicular + financeiro;AMARELA;1;360;0.002777777777777778;0.004777830864787387;0.0044459081178988965;0.5813888888888888;0.6247942386831277;-0.2000053087009609;-0.16681303401211187
DS_COR_RACA;02_medio_baixo;Patrimônio médio-baixo - veicular concentrado;BRANCA;178;364;0.489010989010989;0.5;0.5504692903013337;0.978021978021978;0.8883528974764392;-1.0989010989011005;-6.145830129034474
DS_COR_RACA;02_medio_baixo;Patrimônio médio-baixo - veicular concentrado;PARDA;148;364;0.4065934065934066;0.3607262302914477;0.3273505680882595;1.1271523178807947;1.2420733190350897;4.586717630195891;7.9242838505147075
DS_COR_RACA;02_medio_baixo;Patrimônio médio-baixo - veicular concentrado;PRETA;34;364;0.09340659340659341;0.12661251791686573;0.11054393764751085;0.7377358490566038;0.8449725547540841;-3.320592451027232;-1.7137344240917438
DS_COR_RACA;02_medio_baixo;Patrimônio médio-baixo - veicular concentrado;NÃO INFORMADO;2;364;0.005494505494505495;0.0023889154323936935;0.0025797244634721992;2.3;2.1298807575403322;0.31055900621118016;0.29147810310332956
DS_COR_RACA;02_medio_baixo;Patrimônio médio-baixo - veicular concentrado;AMARELA;1;364;0.0027472527472527475;0.004777830864787387;0.0044459081178988965;0.575;0.617928367928368;-0.20305781175346393;-0.1698655370646149
DS_COR_RACA;02_medio_baixo;Patrimônio médio-baixo - veicular concentrado;INDÍGENA;1;364;0.0027472527472527475;0.005494505494505495;0.004610571381524782;0.5;0.595859497645212;-0.27472527472527475;-0.18633186342720348
DS_GENERO;04_alto;Alto patrimônio - imobiliário diversificado com societário e créditos e direitos;MASCULINO;420;474;0.8860759493670886;0.8249433106575964;0.7208957681541248;1.074105260227834;1.2291318502755433;6.113263870949215;16.518018121296375
DS_GENERO;04_alto;Alto patrimônio - imobiliário diversificado com societário e créditos e direitos;FEMININO;54;474;0.11392405063291139;0.17505668934240362;0.2791042318458752;0.6507837607398177;0.40817743922930433;-6.113263870949223;-16.51801812129638
DS_GENERO;01_baixo;Baixo patrimônio - financeiro concentrado;MASCULINO;406;690;0.5884057971014492;0.6439888164026095;0.7208957681541248;0.9136894649636107;0.8162148026032666;-5.558301930116027;-13.248997105267557
DS_GENERO;01_baixo;Baixo patrimônio - financeiro concentrado;FEMININO;284;690;0.4115942028985507;0.3560111835973905;0.2791042318458752;1.1561271720160862;1.4746971057244238;5.558301930116022;13.248997105267552
DS_GENERO;01_baixo;Baixo patrimônio - veicular concentrado com financeiro e societário;MASCULINO;276;427;0.6463700234192038;0.6439888164026095;0.7208957681541248;1.0036975906350298;0.8966206377854784;0.23812070165942778;-7.452574473492102
DS_GENERO;01_baixo;Baixo patrimônio - veicular concentrado com financeiro e societário;FEMININO;151;427;0.35362997658079626;0.3560111835973905;0.2791042318458752;0.9933114263643833;1.2670176093068883;-0.23812070165942223;7.452574473492107
DS_GENERO;03_medio_alto;Patrimônio médio-alto - imobiliário concentrado com financeiro e societário;MASCULINO;281;392;0.7168367346938775;0.7407225362496928;0.7208957681541248;0.9677533754045746;0.9943694586103057;-2.388580155581521;-0.40590334602472744
DS_GENERO;03_medio_alto;Patrimônio médio-alto - imobiliário concentrado com financeiro e societário;FEMININO;111;392;0.28316326530612246;0.2592774637503072;0.2791042318458752;1.0921244801238033;1.014543073866715;2.3885801555815265;0.40590334602472744
DS_GENERO;03_medio_alto;Patrimônio médio-alto - veicular diversificado;MASCULINO;315;398;0.7914572864321608;0.7407225362496928;0.7208957681541248;1.0684935960492576;1.0978803336003913;5.073475018246809;7.056151827803603
DS_GENERO;03_medio_alto;Patrimônio médio-alto - veicular diversificado;FEMININO;83;398;0.20854271356783918;0.2592774637503072;0.2791042318458752;0.8043225606706518;0.7471857814144468;-5.073475018246801;-7.0561518278036
DS_GENERO;02_medio_baixo;Patrimônio médio-baixo - imobiliário concentrado com financeiro e societário;MASCULINO;191;289;0.6608996539792388;0.6813186813186813;0.7208957681541248;0.9700301372921085;0.9167756049830784;-2.0419027339442564;-5.9996114174886035
DS_GENERO;02_medio_baixo;Patrimônio médio-baixo - imobiliário concentrado com financeiro e societário;FEMININO;98;289;0.3391003460207612;0.31868131868131866;0.2791042318458752;1.0640734995823888;1.214959528840167;2.0419027339442564;5.9996114174886035
DS_GENERO;02_medio_baixo;Patrimônio médio-baixo - societário + veicular;MASCULINO;260;326;0.7975460122699386;0.6813186813186813;0.7208957681541248;1.1705917276865228;1.106326389336532;11.622733095125726;7.665024411581378
DS_GENERO;02_medio_baixo;Patrimônio médio-baixo - societário + veicular;FEMININO;66;326;0.20245398773006135;0.31868131868131866;0.2791042318458752;0.6352866511529511;0.7253705412888865;-11.622733095125731;-7.665024411581384
DS_GENERO;02_medio_baixo;Patrimônio médio-baixo - veicular + financeiro;MASCULINO;247;360;0.6861111111111111;0.6813186813186813;0.7208957681541248;1.0070340501792114;0.9517480077153444;0.47924297924297754;-3.47846570430137
DS_GENERO;02_medio_baixo;Patrimônio médio-baixo - veicular + financeiro;FEMININO;113;360;0.3138888888888889;0.31868131868131866;0.2791042318458752;0.9849616858237549;1.1246296296296296;-0.47924297924297754;3.47846570430137
DS_GENERO;02_medio_baixo;Patrimônio médio-baixo - veicular concentrado;MASCULINO;281;364;0.771978021978022;0.6813186813186813;0.7208957681541248;1.1330645161290323;1.0708594169649446;9.065934065934067;5.108225382389719
DS_GENERO;02_medio_baixo;Patrimônio médio-baixo - veicular concentrado;FEMININO;83;364;0.22802197802197802;0.31868131868131866;0.2791042318458752;0.7155172413793104;0.8169778598982139;-9.065934065934064;-5.108225382389716
DS_GRAU_INSTRUCAO;04_alto;Alto patrimônio - imobiliário diversificado com societário e créditos e direitos;SUPERIOR COMPLETO;403;474;0.8502109704641351;0.8011337868480726;0.6549206871946869;1.0612596602736586;1.2981892114386588;4.90771836160625;19.529028326944818
DS_GRAU_INSTRUCAO;04_alto;Alto patrimônio - imobiliário diversificado com societário e créditos e direitos;ENSINO MÉDIO COMPLETO;40;474;0.08438818565400844;0.10839002267573696;0.1904056205060651;0.7785604576028812;0.443202177696852;-2.400183702172852;-10.601743485205667
DS_GRAU_INSTRUCAO;04_alto;Alto patrimônio - imobiliário diversificado com societário e créditos e direitos;SUPERIOR INCOMPLETO;18;474;0.0379746835443038;0.053061224489795916;0.0836489379219496;0.7156767283349562;0.45397687630818306;-1.5086540945492117;-4.567425437764581
DS_GRAU_INSTRUCAO;04_alto;Alto patrimônio - imobiliário diversificado com societário e créditos e direitos;ENSINO FUNDAMENTAL COMPLETO;9;474;0.0189873417721519;0.02018140589569161;0.03254843844338328;0.940833451856066;0.5833564582577326;-0.11940641235397113;-1.356109667123138
DS_GRAU_INSTRUCAO;04_alto;Alto patrimônio - imobiliário diversificado com societário e créditos e direitos;ENSINO FUNDAMENTAL INCOMPLETO;2;474;0.004219409282700422;0.00816326530612245;0.0169054283989242;0.5168776371308016;0.24958901857636034;-0.3943856023422028;-1.2686019116223777
DS_GRAU_INSTRUCAO;04_alto;Alto patrimônio - imobiliário diversificado com societário e créditos e direitos;ENSINO MÉDIO INCOMPLETO;2;474;0.004219409282700422;0.007029478458049887;0.01728964268071793;0.6002449979583503;0.2440425959413301;-0.2810069175349465;-1.3070233398017508
DS_GRAU_INSTRUCAO;01_baixo;Baixo patrimônio - financeiro concentrado;SUPERIOR COMPLETO;396;690;0.5739130434782609;0.5086672879776328;0.6549206871946869;1.1282680389376583;0.8763092305674183;6.5245755500628055;-8.1007643716426
DS_GRAU_INSTRUCAO;01_baixo;Baixo patrimônio - financeiro concentrado;ENSINO MÉDIO COMPLETO;154;690;0.22318840579710145;0.2760484622553588;0.1904056205060651;0.8085116793392636;1.1721734117086744;-5.286005645825734;3.278278529103634
DS_GRAU_INSTRUCAO;01_baixo;Baixo patrimônio - financeiro concentrado;SUPERIOR INCOMPLETO;97;690;0.14057971014492754;0.11388630009319664;0.0836489379219496;1.2343864892431036;1.680591692342805;2.6693410051730897;5.693077222297793
DS_GRAU_INSTRUCAO;01_baixo;Baixo patrimônio - financeiro concentrado;ENSINO FUNDAMENTAL COMPLETO;17;690;0.02463768115942029;0.045479962721342033;0.03254843844338328;0.5417260631979093;0.7569543221643816;-2.0842281561921743;-0.7910757283962989
DS_GRAU_INSTRUCAO;01_baixo;Baixo patrimônio - financeiro concentrado;ENSINO FUNDAMENTAL INCOMPLETO;13;690;0.01884057971014493;0.024603914259086673;0.0169054283989242;0.7657553798858147;1.1144692264257483;-0.5763334548941744;0.19351513112207291
DS_GRAU_INSTRUCAO;01_baixo;Baixo patrimônio - financeiro concentrado;ENSINO MÉDIO INCOMPLETO;10;690;0.014492753623188406;0.0255358807082945;0.01728964268071793;0.5675446948058818;0.8382332643202209;-1.1043127085106095;-0.27968890575295247
DS_GRAU_INSTRUCAO;01_baixo;Baixo patrimônio - financeiro concentrado;LÊ E ESCREVE;3;690;0.004347826086956522;0.005778191985088537;0.004281244854273012;0.7524544179523142;1.015551839464883;-0.14303658981320153;0.0066581232683510065
DS_GRAU_INSTRUCAO;01_baixo;Baixo patrimônio - veicular concentrado com financeiro e societário;SUPERIOR COMPLETO;287;427;0.6721311475409836;0.5086672879776328;0.6549206871946869;1.3213571295556528;1.0262786940202129;16.346385956335073;1.7210460346296697
DS_GRAU_INSTRUCAO;01_baixo;Baixo patrimônio - veicular concentrado com financeiro e societário;ENSINO MÉDIO COMPLETO;67;427;0.15690866510538642;0.2760484622553588;0.1904056205060651;0.5684098502973655;0.8240758055794278;-11.913979714997236;-3.349695540067868
DS_GRAU_INSTRUCAO;01_baixo;Baixo patrimônio - veicular concentrado com financeiro e societário;SUPERIOR INCOMPLETO;46;427;0.10772833723653395;0.11388630009319664;0.0836489379219496;0.9459288531489438;1.2878625827509267;-0.6157962856662689;2.4079399314584347
DS_GRAU_INSTRUCAO;01_baixo;Baixo patrimônio - veicular concentrado com financeiro e societário;ENSINO FUNDAMENTAL COMPLETO;12;427;0.02810304449648712;0.045479962721342033;0.03254843844338328;0.617921449687104;0.8634222051964567;-1.7376918224854914;-0.4445393946896161
DS_GRAU_INSTRUCAO;01_baixo;Baixo patrimônio - veicular concentrado com financeiro e societário;ENSINO MÉDIO INCOMPLETO;10;427;0.0234192037470726;0.0255358807082945;0.01728964268071793;0.9171096941828066;1.354522136723542;-0.21166769612218986;0.6129561066354671
DS_GRAU_INSTRUCAO;01_baixo;Baixo patrimônio - veicular concentrado com financeiro e societário;ENSINO FUNDAMENTAL INCOMPLETO;4;427;0.00936768149882904;0.024603914259086673;0.0169054283989242;0.38073947910013484;0.5541226922959944;-1.5236232760257633;-0.7537746900095159
DS_GRAU_INSTRUCAO;01_baixo;Baixo patrimônio - veicular concentrado com financeiro e societário;LÊ E ESCREVE;1;427;0.00234192037470726;0.005778191985088537;0.004281244854273012;0.40530331646143386;0.5470185552152765;-0.3436271610381277;-0.1939324479565752
DS_GRAU_INSTRUCAO;03_medio_alto;Patrimônio médio-alto - imobiliário concentrado com financeiro e societário;SUPERIOR COMPLETO;322;392;0.8214285714285714;0.7296633079380683;0.6549206871946869;1.1257638454506087;1.2542412959149465;9.176526349050306;16.65078842338845
DS_GRAU_INSTRUCAO;03_medio_alto;Patrimônio médio-alto - imobiliário concentrado com financeiro e societário;SUPERIOR INCOMPLETO;31;392;0.07908163265306123;0.07323666748586877;0.0836489379219496;1.0798092727023696;0.9453991242166159;0.5844965167192462;-0.45673052688883775
DS_GRAU_INSTRUCAO;03_medio_alto;Patrimônio médio-alto - imobiliário concentrado com financeiro e societário;ENSINO MÉDIO COMPLETO;27;392;0.06887755102040816;0.1413123617596461;0.1904056205060651;0.487413487133984;0.3617411651890505;-7.243481073923793;-12.152806948565695
DS_GRAU_INSTRUCAO;03_medio_alto;Patrimônio médio-alto - imobiliário concentrado com financeiro e societário;ENSINO FUNDAMENTAL INCOMPLETO;6;392;0.015306122448979591;0.014008355861391006;0.0169054283989242;1.092642320085929;0.9053968990193481;0.1297766587588586;-0.15993059499446077
DS_GRAU_INSTRUCAO;03_medio_alto;Patrimônio médio-alto - imobiliário concentrado com financeiro e societário;ENSINO FUNDAMENTAL COMPLETO;5;392;0.012755102040816327;0.0231014991398378;0.03254843844338328;0.5521330872774641;0.3918806139656537;-1.0346397099021472;-1.9793336402566954
DS_GRAU_INSTRUCAO;03_medio_alto;Patrimônio médio-alto - imobiliário concentrado com financeiro e societário;ENSINO MÉDIO INCOMPLETO;1;392;0.002551020408163265;0.015237159007127058;0.01728964268071793;0.16742100065832785;0.14754616132167153;-1.2686138598963792;-1.4738622272554667
DS_GRAU_INSTRUCAO;03_medio_alto;Patrimônio médio-alto - veicular diversificado;SUPERIOR COMPLETO;272;398;0.6834170854271356;0.7296633079380683;0.6549206871946869;0.936619777906034;1.0435112201975347;-4.624622251093269;2.849639823244876
DS_GRAU_INSTRUCAO;03_medio_alto;Patrimônio médio-alto - veicular diversificado;ENSINO MÉDIO COMPLETO;53;398;0.13316582914572864;0.1413123617596461;0.1904056205060651;0.942350884859078;0.6993797178454972;-0.8146532613917457;-5.7239791360336465
DS_GRAU_INSTRUCAO;03_medio_alto;Patrimônio médio-alto - veicular diversificado;SUPERIOR INCOMPLETO;50;398;0.12562814070351758;0.07323666748586877;0.0836489379219496;1.7153721628275604;1.5018498001820124;5.2391473217648805;4.197920278156797
DS_GRAU_INSTRUCAO;03_medio_alto;Patrimônio médio-alto - veicular diversificado;ENSINO MÉDIO INCOMPLETO;11;398;0.02763819095477387;0.015237159007127058;0.01728964268071793;1.8138677257254014;1.5985403206508737;1.2401031947646812;1.034854827405594
DS_GRAU_INSTRUCAO;03_medio_alto;Patrimônio médio-alto - veicular diversificado;ENSINO FUNDAMENTAL COMPLETO;8;398;0.020100502512562814;0.0231014991398378;0.03254843844338328;0.870095156634235;0.6175565856262765;-0.30009966272749844;-1.2447935930820466
DS_GRAU_INSTRUCAO;03_medio_alto;Patrimônio médio-alto - veicular diversificado;ENSINO FUNDAMENTAL INCOMPLETO;3;398;0.007537688442211055;0.014008355861391006;0.0169054283989242;0.5380851626553821;0.4458738497683221;-0.6470667419179951;-0.9367739956713145
DS_GRAU_INSTRUCAO;03_medio_alto;Patrimônio médio-alto - veicular diversificado;LÊ E ESCREVE;1;398;0.002512562814070352;0.0034406488080609486;0.004281244854273012;0.7302584350323044;0.586876691148048;-0.09280859939905968;-0.17686820402026598
DS_GRAU_INSTRUCAO;02_medio_baixo;Patrimônio médio-baixo - imobiliário concentrado com financeiro e societário;SUPERIOR COMPLETO;215;289;0.7439446366782007;0.6122790253225036;0.6549206871946869;1.2150418451560467;1.135930886325858;13.16656113556971;8.902394948351377
DS_GRAU_INSTRUCAO;02_medio_baixo;Patrimônio médio-baixo - imobiliário concentrado com financeiro e societário;ENSINO MÉDIO COMPLETO;44;289;0.1522491349480969;0.2164357381748686;0.1904056205060651;0.7034380561729952;0.7996042057132825;-6.418660322677172;-3.815648555796822
DS_GRAU_INSTRUCAO;02_medio_baixo;Patrimônio médio-baixo - imobiliário concentrado com financeiro e societário;SUPERIOR INCOMPLETO;24;289;0.08304498269896193;0.08815097945532728;0.0836489379219496;0.9420766872028582;0.9927798817535352;-0.5105996756365347;-0.060395522298767323
DS_GRAU_INSTRUCAO;02_medio_baixo;Patrimônio médio-baixo - imobiliário concentrado com financeiro e societário;ENSINO MÉDIO INCOMPLETO;3;289;0.010380622837370242;0.020066889632107024;0.01728964268071793;0.5173010380622837;0.6003954522985665;-0.9686266794736782;-0.6909019843347689
DS_GRAU_INSTRUCAO;02_medio_baixo;Patrimônio médio-baixo - imobiliário concentrado com financeiro e societário;ENSINO FUNDAMENTAL COMPLETO;2;289;0.006920415224913495;0.038222646918299095;0.03254843844338328;0.1810553633217993;0.21261896287133047;-3.13022316933856;-2.5628023218469784
DS_GRAU_INSTRUCAO;02_medio_baixo;Patrimônio médio-baixo - imobiliário concentrado com financeiro e societário;ENSINO FUNDAMENTAL INCOMPLETO;1;289;0.0034602076124567475;0.019589106545628284;0.0169054283989242;0.17663937885053593;0.20468026782905677;-1.6128898933171536;-1.3445220786467451
DS_GRAU_INSTRUCAO;02_medio_baixo;Patrimônio médio-baixo - societário + veicular;SUPERIOR COMPLETO;189;326;0.5797546012269938;0.6122790253225036;0.6549206871946869;0.946879734973155;0.8852287193894235;-3.2524424095509707;-7.516608596769303
DS_GRAU_INSTRUCAO;02_medio_baixo;Patrimônio médio-baixo - societário + veicular;ENSINO MÉDIO COMPLETO;69;326;0.2116564417177914;0.2164357381748686;0.1904056205060651;0.9779181733230407;1.1116081613307702;-0.4779296457077198;2.1250821211726305
DS_GRAU_INSTRUCAO;02_medio_baixo;Patrimônio médio-baixo - societário + veicular;SUPERIOR INCOMPLETO;44;326;0.13496932515337423;0.08815097945532728;0.0836489379219496;1.531115433853725;1.6135210859378775;4.681834569804695;5.132038723142463
DS_GRAU_INSTRUCAO;02_medio_baixo;Patrimônio médio-baixo - societário + veicular;ENSINO FUNDAMENTAL COMPLETO;15;326;0.046012269938650305;0.038222646918299095;0.03254843844338328;1.2037960122699385;1.4136552209313151;0.778962302035121;1.3463831495267025
DS_GRAU_INSTRUCAO;02_medio_baixo;Patrimônio médio-baixo - societário + veicular;ENSINO FUNDAMENTAL INCOMPLETO;4;326;0.012269938650306749;0.019589106545628284;0.0169054283989242;0.6263654047583421;0.7257987411361645;-0.7319167895321536;-0.46354897486174507
DS_GRAU_INSTRUCAO;02_medio_baixo;Patrimônio médio-baixo - societário + veicular;ENSINO MÉDIO INCOMPLETO;4;326;0.012269938650306749;0.020066889632107024;0.01728964268071793;0.6114519427402862;0.7096698802220275;-0.7796950981800275;-0.5019704030411182
DS_GRAU_INSTRUCAO;02_medio_baixo;Patrimônio médio-baixo - societário + veicular;LÊ E ESCREVE;1;326;0.003067484662576687;0.005255613951266125;0.004281244854273012;0.5836586726157279;0.7164936290703162;-0.2188129288689438;-0.12137601916963245
DS_GRAU_INSTRUCAO;02_medio_baixo;Patrimônio médio-baixo - veicular + financeiro;SUPERIOR COMPLETO;272;360;0.7555555555555555;0.6122790253225036;0.6549206871946869;1.2340052889409112;1.1536596267739412;14.327653023305198;10.063486836086867
DS_GRAU_INSTRUCAO;02_medio_baixo;Patrimônio médio-baixo - veicular + financeiro;ENSINO MÉDIO COMPLETO;42;360;0.11666666666666667;0.2164357381748686;0.1904056205060651;0.5390360559234731;0.612727010665898;-9.976907150820194;-7.373895383939844
DS_GRAU_INSTRUCAO;02_medio_baixo;Patrimônio médio-baixo - veicular + financeiro;SUPERIOR INCOMPLETO;29;360;0.08055555555555556;0.08815097945532728;0.0836489379219496;0.9138361939174948;0.9630194663167105;-0.7595423899771719;-0.3093382366394046
DS_GRAU_INSTRUCAO;02_medio_baixo;Patrimônio médio-baixo - veicular + financeiro;ENSINO FUNDAMENTAL COMPLETO;7;360;0.019444444444444445;0.038222646918299095;0.03254843844338328;0.5087152777777777;0.5974002248454188;-1.877820247385465;-1.3103993998938837
DS_GRAU_INSTRUCAO;02_medio_baixo;Patrimônio médio-baixo - veicular + financeiro;ENSINO MÉDIO INCOMPLETO;5;360;0.013888888888888888;0.020066889632107024;0.01728964268071793;0.6921296296296295;0.8033068783068783;-0.6178000743218136;-0.34007537918290426
DS_GRAU_INSTRUCAO;02_medio_baixo;Patrimônio médio-baixo - veicular + financeiro;ENSINO FUNDAMENTAL INCOMPLETO;4;360;0.011111111111111112;0.019589106545628284;0.0169054283989242;0.5672086720867209;0.6572510822510823;-0.8477995434517173;-0.5794317287813088
DS_GRAU_INSTRUCAO;02_medio_baixo;Patrimônio médio-baixo - veicular + financeiro;LÊ E ESCREVE;1;360;0.002777777777777778;0.005255613951266125;0.004281244854273012;0.5285353535353535;0.6488247863247864;-0.24778361734883472;-0.15034670764952338
DS_GRAU_INSTRUCAO;02_medio_baixo;Patrimônio médio-baixo - veicular concentrado;SUPERIOR COMPLETO;220;364;0.6043956043956044;0.6122790253225036;0.6549206871946869;0.9871244635193133;0.9228531274290577;-0.7883420926899198;-5.052508279908253
DS_GRAU_INSTRUCAO;02_medio_baixo;Patrimônio médio-baixo - veicular concentrado;ENSINO MÉDIO COMPLETO;78;364;0.21428571428571427;0.2164357381748686;0.1904056205060651;0.9900662251655629;1.1254169583659348;-0.21500238891543344;2.388009377964917
DS_GRAU_INSTRUCAO;02_medio_baixo;Patrimônio médio-baixo - veicular concentrado;SUPERIOR INCOMPLETO;37;364;0.10164835164835165;0.08815097945532728;0.0836489379219496;1.1531165311653118;1.2151780306307867;1.3497372193024368;1.799941372640204
DS_GRAU_INSTRUCAO;02_medio_baixo;Patrimônio médio-baixo - veicular concentrado;ENSINO FUNDAMENTAL COMPLETO;15;364;0.04120879120879121;0.038222646918299095;0.03254843844338328;1.078125;1.2660758297351888;0.29861442904921126;0.8660352765407928
DS_GRAU_INSTRUCAO;02_medio_baixo;Patrimônio médio-baixo - veicular concentrado;ENSINO FUNDAMENTAL INCOMPLETO;7;364;0.019230769230769232;0.019589106545628284;0.0169054283989242;0.9817073170731708;1.1375499500499502;-0.035833731485905226;0.23253408318450325
DS_GRAU_INSTRUCAO;02_medio_baixo;Patrimônio médio-baixo - veicular concentrado;ENSINO MÉDIO INCOMPLETO;4;364;0.01098901098901099;0.020066889632107024;0.01728964268071793;0.5476190476190477;0.6355834641548929;-0.9077878643096035;-0.630063169170694
DS_GRAU_INSTRUCAO;02_medio_baixo;Patrimônio médio-baixo - veicular concentrado;LÊ E ESCREVE;3;364;0.008241758241758242;0.005255613951266125;0.004281244854273012;1.5681818181818183;1.9250845308537616;0.2986144290492117;0.39605133874852305
DS_OCUPACAO;04_alto;Alto patrimônio - imobiliário diversificado com societário e créditos e direitos;EMPRESÁRIO;109;474;0.229957805907173;0.18775510204081633;0.1444096821999012;1.2247752705925519;1.5923988087505834;4.220270386635666;8.55481237072718
DS_OCUPACAO;04_alto;Alto patrimônio - imobiliário diversificado com societário e créditos e direitos;DEPUTADO;87;474;0.18354430379746836;0.13560090702947847;0.05757725451451781;1.353562507937852;3.1877918692908254;4.794339676798989;12.596704928295054
DS_OCUPACAO;04_alto;Alto patrimônio - imobiliário diversificado com societário e créditos e direitos;ADVOGADO;69;474;0.14556962025316456;0.12108843537414966;0.08858883583072616;1.20217607737164;1.6432050256458521;2.448118487901489;5.6980784422438395
DS_OCUPACAO;04_alto;Alto patrimônio - imobiliário diversificado com societário e créditos e direitos;MÉDICO;62;474;0.1308016877637131;0.08752834467120181;0.0345243976068939;1.4943923394766185;3.7886740053530823;4.327334309251128;9.627729015681918
DS_OCUPACAO;04_alto;Alto patrimônio - imobiliário diversificado com societário e créditos e direitos;ENGENHEIRO;19;474;0.04008438818565401;0.027891156462585033;0.016027224326252813;1.4371719666563756;2.5010187272412003;1.2193231723068978;2.40571638594012
DS_OCUPACAO;04_alto;Alto patrimônio - imobiliário diversificado com societário e créditos e direitos;ADMINISTRADOR;15;474;0.03164556962025317;0.034013605442176874;0.03271310170700917;0.930379746835443;0.967366833743947;-0.23680358219237072;-0.10675320867560012
DS_OCUPACAO;04_alto;Alto patrimônio - imobiliário diversificado com societário e créditos e direitos;OUTROS;9;474;0.0189873417721519;0.055782312925170066;0.12239969262857457;0.34038283420808896;0.15512573082817732;-3.6794971153018166;-10.341235085642268
DS_OCUPACAO;04_alto;Alto patrimônio - imobiliário diversificado com societário e créditos e direitos;PROFESSOR DE ENSINO SUPERIOR;8;474;0.016877637130801686;0.018367346938775512;0.015039244744497502;0.918893577121425;1.1222396747667005;-0.14897098079738255;0.18383923863041843
DS_OCUPACAO;04_alto;Alto patrimônio - imobiliário diversificado com societário e créditos e direitos;VEREADOR;8;474;0.016877637130801686;0.03605442176870748;0.05055162193314672;0.46811559589204677;0.3338693494962822;-1.9176784637905797;-3.367398480234503
DS_OCUPACAO;04_alto;Alto patrimônio - imobiliário diversificado com societário e créditos e direitos;COMERCIANTE;7;474;0.014767932489451477;0.014965986394557823;0.022833305889456063;0.9867663981588033;0.6467715433300877;-0.01980539051063459;-0.8065373400004585
DS_OCUPACAO;04_alto;Alto patrimônio - imobiliário diversificado com societário e créditos e direitos;SENADOR;6;474;0.012658227848101266;0.005442176870748299;0.0017015203908008123;2.3259493670886076;7.439363005308289;0.7216050977352967;1.0956707457300454
DS_OCUPACAO;04_alto;Alto patrimônio - imobiliário diversificado com societário e créditos e direitos;APOSENTADO (EXCETO SERVIDOR PÚBLICO);5;474;0.010548523206751054;0.02290249433106576;0.029474724189033425;0.460584033086853;0.3578836951653584;-1.2353971124314707;-1.892620098228237
DS_OCUPACAO;04_alto;Alto patrimônio - imobiliário diversificado com societário e créditos e direitos;ECONOMISTA;5;474;0.010548523206751054;0.00816326530612245;0.004610571381524782;1.2921940928270041;2.2878993369499696;0.23852579006286045;0.5937951825226272
DS_OCUPACAO;04_alto;Alto patrimônio - imobiliário diversificado com societário e créditos e direitos;PRODUTOR AGROPECUÁRIO;5;474;0.010548523206751054;0.008616780045351474;0.004830122399692629;1.2241838774150566;2.183903912543153;0.19317431613995809;0.5718400807058426
DS_OCUPACAO;04_alto;Alto patrimônio - imobiliário diversificado com societário e créditos e direitos;SERVIDOR PÚBLICO FEDERAL;5;474;0.010548523206751054;0.015873015873015872;0.01492946923541358;0.6645569620253164;0.7065571481757259;-0.5324492666264817;-0.43809460286625257
DS_OCUPACAO;04_alto;Alto patrimônio - imobiliário diversificado com societário e créditos e direitos;SERVIDOR PÚBLICO CIVIL APOSENTADO;4;474;0.008438818565400843;0.007709750566893424;0.006366979526867556;1.0945644080416976;1.3254037538192929;0.0729067998507419;0.20718390385332874
DS_OCUPACAO;04_alto;Alto patrimônio - imobiliário diversificado com societário e créditos e direitos;AGRICULTOR;3;474;0.006329113924050633;0.009297052154195011;0.009550469290301334;0.6807656684161778;0.6627018769096464;-0.2967938230144378;-0.3221355366250701
DS_OCUPACAO;04_alto;Alto patrimônio - imobiliário diversificado com societário e créditos e direitos;CONTADOR;3;474;0.006329113924050633;0.009523809523809525;0.007080520335913058;0.6645569620253163;0.8938769502502207;-0.31946955997588916;-0.07514064118624249
DS_OCUPACAO;04_alto;Alto patrimônio - imobiliário diversificado com societário e créditos e direitos;INDUSTRIAL;3;474;0.006329113924050633;0.0009070294784580499;0.0006037652999615786;6.977848101265822;10.482738780207134;0.5422084445592582;0.5725348624089055
DS_OCUPACAO;04_alto;Alto patrimônio - imobiliário diversificado com societário e créditos e direitos;JORNALISTA E REDATOR;3;474;0.006329113924050633;0.007709750566893424;0.014764805971787694;0.8209233060312733;0.4286621806032657;-0.13806366428427913;-0.8435692047737062
DS_OCUPACAO;04_alto;Alto patrimônio - imobiliário diversificado com societário e créditos e direitos;MILITAR REFORMADO;3;474;0.006329113924050633;0.010657596371882086;0.010154234590262913;0.593859412873687;0.6232979815258296;-0.4328482447831453;-0.382512066621228
DS_OCUPACAO;04_alto;Alto patrimônio - imobiliário diversificado com societário e créditos e direitos;PECUARISTA;3;474;0.006329113924050633;0.007029478458049887;0.0032383775179757397;0.9003674969375255;1.954408925123364;-0.07003645339992538;0.3090736406074893
DS_OCUPACAO;04_alto;Alto patrimônio - imobiliário diversificado com societário e créditos e direitos;SERVIDOR PÚBLICO ESTADUAL;3;474;0.006329113924050633;0.02471655328798186;0.031011581316208355;0.25606782022993846;0.20408871961465216;-1.8387439363931228;-2.4682467392157723
DS_OCUPACAO;04_alto;Alto patrimônio - imobiliário diversificado com societário e créditos e direitos;AGRÔNOMO;2;474;0.004219409282700422;0.003401360544217687;0.0016466326362588506;1.240506329113924;2.5624472573839663;0.08180487384827347;0.2572776646441571
DS_OCUPACAO;04_alto;Alto patrimônio - imobiliário diversificado com societário e créditos e direitos;CORRETOR DE IMÓVEIS, SEGUROS, TÍTULOS E VALORES;2;474;0.004219409282700422;0.004761904761904762;0.008672265217629947;0.8860759493670884;0.4865406184906264;-0.05424954792043407;-0.44528559349295255
DS_OCUPACAO;04_alto;Alto patrimônio - imobiliário diversificado com societário e créditos e direitos;ODONTÓLOGO;2;474;0.004219409282700422;0.005668934240362812;0.006092540754157747;0.7443037974683544;0.6925533128064774;-0.144952495766239;-0.18731314714573255
DS_OCUPACAO;04_alto;Alto patrimônio - imobiliário diversificado com societário e créditos e direitos;VETERINÁRIO;2;474;0.004219409282700422;0.0036281179138321997;0.002250397936220429;1.1629746835443036;1.8749614078419263;0.059129136886822184;0.19690113464799924
DS_OCUPACAO;04_alto;Alto patrimônio - imobiliário diversificado com societário e créditos e direitos;ASSISTENTE SOCIAL;1;474;0.002109704641350211;0.0018140589569160999;0.006202316263241671;1.1629746835443036;0.34014786602442026;0.029564568443411092;-0.409261162189146
DS_OCUPACAO;04_alto;Alto patrimônio - imobiliário diversificado com societário e créditos e direitos;ATOR E DIRETOR DE ESPETÁCULOS PÚBLICOS;1;474;0.002109704641350211;0.0011337868480725624;0.0013173061090070806;1.8607594936708858;1.6015295358649788;0.09759177932776485;0.07923985323431303
DS_OCUPACAO;04_alto;Alto patrimônio - imobiliário diversificado com societário e créditos e direitos;BANCÁRIO E ECONOMIÁRIO;1;474;0.002109704641350211;0.0029478458049886623;0.003348153027059663;0.7156767283349561;0.630109981323926;-0.08381411636384514;-0.12384483857094523
DS_OCUPACAO;04_alto;Alto patrimônio - imobiliário diversificado com societário e créditos e direitos;BOMBEIRO MILITAR;1;474;0.002109704641350211;0.0020408163265306124;0.004281244854273012;1.0337552742616032;0.4927783187276858;0.006888831481959836;-0.2171540212922801
DS_OCUPACAO;04_alto;Alto patrimônio - imobiliário diversificado com societário e créditos e direitos;DIRETOR DE EMPRESAS;1;474;0.002109704641350211;0.002494331065759637;0.0013173061090070806;0.8457997698504027;1.6015295358649788;-0.038462642440942635;0.07923985323431303
DS_OCUPACAO;04_alto;Alto patrimônio - imobiliário diversificado com societário e créditos e direitos;ENFERMEIRO;1;474;0.002109704641350211;0.004308390022675737;0.008617377463087985;0.4896735509660226;0.24481980166088846;-0.2198685381325526;-0.6507672821737774
DS_OCUPACAO;04_alto;Alto patrimônio - imobiliário diversificado com societário e créditos e direitos;FARMACÊUTICO;1;474;0.002109704641350211;0.0031746031746031746;0.002524836708930238;0.6645569620253164;0.835580627407815;-0.10648985332529638;-0.0415132067580027
DS_OCUPACAO;04_alto;Alto patrimônio - imobiliário diversificado com societário e créditos e direitos;GERENTE;1;474;0.002109704641350211;0.0011337868480725624;0.003018826499807893;1.8607594936708858;0.6988492520138089;0.09759177932776485;-0.09091218584576823
DS_OCUPACAO;04_alto;Alto patrimônio - imobiliário diversificado com societário e créditos e direitos;GOVERNADOR;1;474;0.002109704641350211;0.0013605442176870747;0.0007684285635874636;1.5506329113924051;2.7454792043399636;0.0749160423663136;0.13412760777627472
DS_OCUPACAO;04_alto;Alto patrimônio - imobiliário diversificado com societário e créditos e direitos;LOCUTOR E COMENTARISTA DE RÁDIO E TELEVISÃO E RADIALISTA;1;474;0.002109704641350211;0.0022675736961451248;0.003512816290685548;0.9303797468354429;0.6005735759493671;-0.0157869054794914;-0.1403111649335337
DS_OCUPACAO;04_alto;Alto patrimônio - imobiliário diversificado com societário e créditos e direitos;MOTORISTA DE VEÍCULOS DE TRANSPORTE COLETIVO DE PASSAGEIROS;1;474;0.002109704641350211;0.00022675736961451248;0.002799275481640046;9.303797468354428;0.7536609580541077;0.18829472717356982;-0.06895708402898351
DS_OCUPACAO;04_alto;Alto patrimônio - imobiliário diversificado com societário e créditos e direitos;MÚSICO;1;474;0.002109704641350211;0.0011337868480725624;0.002799275481640046;1.8607594936708858;0.7536609580541077;0.09759177932776485;-0.06895708402898351
DS_OCUPACAO;04_alto;Alto patrimônio - imobiliário diversificado com societário e créditos e direitos;OPERADOR DE EQUIPAMENTO DE RÁDIO, TELEVISÃO, SOM E CINEMA;1;474;0.002109704641350211;0.00045351473922902497;0.00016466326362588507;4.651898734177214;12.81223628691983;0.1656189902121186;0.19450413777243258
DS_OCUPACAO;04_alto;Alto patrimônio - imobiliário diversificado com societário e créditos e direitos;PROFESSOR DE ENSINO MÉDIO;1;474;0.002109704641350211;0.006349206349206349;0.01855206103518305;0.3322784810126582;0.11371807355254288;-0.4239501707856138;-1.644235639383284
DS_OCUPACAO;04_alto;Alto patrimônio - imobiliário diversificado com societário e créditos e direitos;PROFESSOR E INSTRUTOR DE FORMAÇÃO PROFISSIONAL;1;474;0.002109704641350211;0.0036281179138321997;0.004281244854273012;0.5814873417721518;0.4927783187276858;-0.1518413272481989;-0.2171540212922801
DS_OCUPACAO;04_alto;Alto patrimônio - imobiliário diversificado com societário e créditos e direitos;PUBLICITÁRIO;1;474;0.002109704641350211;0.002494331065759637;0.0031286020088918164;0.8457997698504027;0.6743282256273595;-0.038462642440942635;-0.10188973675416056
DS_OCUPACAO;04_alto;Alto patrimônio - imobiliário diversificado com societário e créditos e direitos;QUÍMICO;1;474;0.002109704641350211;0.0006802721088435374;0.0003842142817937318;3.1012658227848102;5.490958408679927;0.14294325325066734;0.17254903595564788
DS_OCUPACAO;04_alto;Alto patrimônio - imobiliário diversificado com societário e créditos e direitos;SENADOR, DEPUTADO E VEREADOR;1;474;0.002109704641350211;0.0013605442176870747;0.0004939897908776552;1.5506329113924051;4.270745428973277;0.0749160423663136;0.16157148504725555
DS_OCUPACAO;04_alto;Alto patrimônio - imobiliário diversificado com societário e créditos e direitos;SERVENTUÁRIO DE JUSTIÇA;1;474;0.002109704641350211;0.00045351473922902497;0.000878204072671387;4.651898734177214;2.4022943037974684;0.1656189902121186;0.12315005686788238
DS_OCUPACAO;04_alto;Alto patrimônio - imobiliário diversificado com societário e créditos e direitos;SERVIDOR PÚBLICO MUNICIPAL;1;474;0.002109704641350211;0.006575963718820862;0.017948295735221474;0.3208206023570493;0.11754345217357641;-0.4466259077470652;-1.5838591093871264
DS_OCUPACAO;04_alto;Alto patrimônio - imobiliário diversificado com societário e créditos e direitos;TABELIÃO;1;474;0.002109704641350211;0.00045351473922902497;0.00021955101816784674;4.651898734177214;9.609177215189874;0.1656189902121186;0.1890153623182364
DS_OCUPACAO;04_alto;Alto patrimônio - imobiliário diversificado com societário e créditos e direitos;TORNEIRO MECÂNICO;1;474;0.002109704641350211;0.00022675736961451248;0.00010977550908392337;9.303797468354428;19.218354430379748;0.18829472717356982;0.19999291322662874
DS_OCUPACAO;01_baixo;Baixo patrimônio - financeiro concentrado;OUTROS;140;690;0.2028985507246377;0.18825722273998136;0.12239969262857457;1.0777729946907735;1.6576720608305713;1.4641327984656338;8.049885809606312
DS_OCUPACAO;01_baixo;Baixo patrimônio - financeiro concentrado;EMPRESÁRIO;52;690;0.07536231884057971;0.12152842497670084;0.1444096821999012;0.6201209211345248;0.5218647232826005;-4.616610613612113;-6.904736335932148
DS_OCUPACAO;01_baixo;Baixo patrimônio - financeiro concentrado;ADVOGADO;50;690;0.07246376811594203;0.05908667287977633;0.08858883583072616;1.2263978420884196;0.8179785571898067;1.3377095236165704;-1.6125067714784127
DS_OCUPACAO;01_baixo;Baixo patrimônio - financeiro concentrado;VEREADOR;48;690;0.06956521739130435;0.04976700838769804;0.05055162193314672;1.3978179449601043;1.3761223622716328;1.9798209003606306;1.901359545815763
DS_OCUPACAO;01_baixo;Baixo patrimônio - financeiro concentrado;ESTUDANTE, BOLSISTA, ESTAGIÁRIO E ASSEMELHADOS;29;690;0.042028985507246375;0.01640260950605778;0.006751193808661288;2.5623353096179184;6.225415341109932;2.5626376001188595;3.527779169858509
DS_OCUPACAO;01_baixo;Baixo patrimônio - financeiro concentrado;DEPUTADO;27;690;0.0391304347826087;0.011556383970177074;0.05757725451451781;3.386044880785414;0.6796161976209226;2.7574050812431623;-1.8446819731909112
DS_OCUPACAO;01_baixo;Baixo patrimônio - financeiro concentrado;ADMINISTRADOR;23;690;0.03333333333333333;0.03224603914259087;0.03271310170700917;1.033718689788054;1.018959731543624;0.1087294190742466;0.0620231626324165
DS_OCUPACAO;01_baixo;Baixo patrimônio - financeiro concentrado;PROFESSOR DE ENSINO MÉDIO;18;690;0.02608695652173913;0.024044734389561975;0.01855206103518305;1.0849342770475228;1.4061487007975302;0.20422221321771544;0.753489548655608
DS_OCUPACAO;01_baixo;Baixo patrimônio - financeiro concentrado;POLICIAL MILITAR;16;690;0.02318840579710145;0.03522833178005592;0.0305175915253307;0.6582317306954988;0.7598373475132937;-1.2039925982954467;-0.7329185728229249
DS_OCUPACAO;01_baixo;Baixo patrimônio - financeiro concentrado;ENFERMEIRO;15;690;0.021739130434782608;0.011929170549860205;0.008617377463087985;1.8223505434782608;2.522708391027416;0.9809959884922402;1.3121752971694622
DS_OCUPACAO;01_baixo;Baixo patrimônio - financeiro concentrado;APOSENTADO (EXCETO SERVIDOR PÚBLICO);14;690;0.020289855072463767;0.027958993476234855;0.029474724189033425;0.7257004830917874;0.6883815075702372;-0.7669138403771089;-0.9184869116569658
DS_OCUPACAO;01_baixo;Baixo patrimônio - financeiro concentrado;COMERCIANTE;14;690;0.020289855072463767;0.028518173345759554;0.022833305889456063;0.7114710618546934;0.8886078595317725;-0.8228318273295787;-0.2543450816992296
DS_OCUPACAO;01_baixo;Baixo patrimônio - financeiro concentrado;JORNALISTA E REDATOR;13;690;0.01884057971014493;0.014165890027958993;0.014764805971787694;1.3299961861174676;1.2760465492160984;0.4674689682185935;0.40757737383572346
DS_OCUPACAO;01_baixo;Baixo patrimônio - financeiro concentrado;SERVIDOR PÚBLICO MUNICIPAL;13;690;0.01884057971014493;0.024603914259086673;0.017948295735221474;0.7657553798858147;1.0497141337588087;-0.5763334548941744;0.08922839749234551
DS_OCUPACAO;01_baixo;Baixo patrimônio - financeiro concentrado;MÉDICO;11;690;0.015942028985507246;0.006896551724137931;0.0345243976068939;2.3115942028985508;0.46176124974078936;0.9045477261369315;-1.8582368621386656
DS_OCUPACAO;01_baixo;Baixo patrimônio - financeiro concentrado;PROFESSOR DE ENSINO FUNDAMENTAL;11;690;0.015942028985507246;0.01733457595526561;0.0110324386629343;0.9196665108306061;1.445014060134112;-0.13925469697583653;0.4909590322572946
DS_OCUPACAO;01_baixo;Baixo patrimônio - financeiro concentrado;SERVIDOR PÚBLICO ESTADUAL;11;690;0.015942028985507246;0.02516309412861137;0.031011581316208355;0.6335480407944176;0.5140669488264716;-0.9221065143104122;-1.5069552330701108
DS_OCUPACAO;01_baixo;Baixo patrimônio - financeiro concentrado;ASSISTENTE SOCIAL;10;690;0.014492753623188406;0.009133271202236719;0.006202316263241671;1.5868086364980776;2.336667949211235;0.5359482420951687;0.8290437359946735
DS_OCUPACAO;01_baixo;Baixo patrimônio - financeiro concentrado;CORRETOR DE IMÓVEIS, SEGUROS, TÍTULOS E VALORES;10;690;0.014492753623188406;0.01342031686859273;0.008672265217629947;1.0799114331723028;1.67116125481563;0.10724367545956753;0.5820488405558458
DS_OCUPACAO;01_baixo;Baixo patrimônio - financeiro concentrado;SERVIDOR PÚBLICO FEDERAL;8;690;0.011594202898550725;0.01174277726001864;0.01492946923541358;0.9873475960432482;0.7765984654731457;-0.01485743614679149;-0.33352663368628555
DS_OCUPACAO;01_baixo;Baixo patrimônio - financeiro concentrado;ENGENHEIRO;7;690;0.010144927536231883;0.008014911463187325;0.016027224326252813;1.2657566565554432;0.6329809410363311;0.21300160730445583;-0.5882296790020929
DS_OCUPACAO;01_baixo;Baixo patrimônio - financeiro concentrado;SACERDOTE OU MEMBRO DE ORDEM OU SEITA RELIGIOSA;7;690;0.010144927536231883;0.004846225535880708;0.003951918327021241;2.0933667781493868;2.567089371980676;0.5298702000351175;0.6193009209210643
DS_OCUPACAO;01_baixo;Baixo patrimônio - financeiro concentrado;MILITAR REFORMADO;6;690;0.008695652173913044;0.00820130475302889;0.010154234590262913;1.0602766798418972;0.8563572267920093;0.04943474208841531;-0.14585824163498695
DS_OCUPACAO;01_baixo;Baixo patrimônio - financeiro concentrado;POLICIAL CIVIL;6;690;0.008695652173913044;0.005778191985088537;0.007958724408584444;1.5049088359046283;1.0925937031484259;0.29174601888245066;0.07369277653285991
DS_OCUPACAO;01_baixo;Baixo patrimônio - financeiro concentrado;AGRICULTOR;4;690;0.005797101449275362;0.00950605778191985;0.009550469290301334;0.6098323387325946;0.6069965017491254;-0.37089563326444874;-0.3753367841025972
DS_OCUPACAO;01_baixo;Baixo patrimônio - financeiro concentrado;AUXILIAR DE ESCRITÓRIO E ASSEMELHADOS;4;690;0.005797101449275362;0.006337371854613234;0.002799275481640046;0.9147485080988917;2.070929241261722;-0.05402704053378716;0.29978259676353164
DS_OCUPACAO;01_baixo;Baixo patrimônio - financeiro concentrado;CABELEIREIRO E BARBEIRO;4;690;0.005797101449275362;0.004473438956197577;0.003018826499807893;1.2958937198067635;1.9203162055335967;0.13236624930777857;0.2778274949467469
DS_OCUPACAO;01_baixo;Baixo patrimônio - financeiro concentrado;DONA DE CASA;4;690;0.005797101449275362;0.00820130475302889;0.004830122399692629;0.7068511198945983;1.2001976284584979;-0.24042033037535282;0.09669790495827335
DS_OCUPACAO;01_baixo;Baixo patrimônio - financeiro concentrado;ODONTÓLOGO;4;690;0.005797101449275362;0.005032618825722274;0.006092540754157747;1.151905528717123;0.9515080297688994;0.0764482623553088;-0.029543930488238473
DS_OCUPACAO;01_baixo;Baixo patrimônio - financeiro concentrado;PEDAGOGO;4;690;0.005797101449275362;0.004659832246039142;0.004994785663318514;1.2440579710144928;1.1606306736741518;0.11372692032362201;0.08023157859568487
DS_OCUPACAO;01_baixo;Baixo patrimônio - financeiro concentrado;PROFESSOR DE ENSINO SUPERIOR;4;690;0.005797101449275362;0.007455731593662628;0.015039244744497502;0.777536231884058;0.3854649317676928;-0.16586301443872656;-0.9242143295222139
DS_OCUPACAO;01_baixo;Baixo patrimônio - financeiro concentrado;PSICÓLOGO;4;690;0.005797101449275362;0.004100652376514445;0.0034579285361435864;1.4137022397891965;1.6764665286404417;0.16964490727609172;0.2339172913131776
DS_OCUPACAO;01_baixo;Baixo patrimônio - financeiro concentrado;AGENTE POSTAL;3;690;0.004347826086956522;0.0014911463187325257;0.0004391020363356935;2.9157608695652173;9.901630434782609;0.28566797682239964;0.3908724050620828
DS_OCUPACAO;01_baixo;Baixo patrimônio - financeiro concentrado;ARQUITETO;3;690;0.004347826086956522;0.0016775396085740913;0.0024150611998463144;2.5917874396135265;1.800296442687747;0.26702864783824304;0.19327648871102074
DS_OCUPACAO;01_baixo;Baixo patrimônio - financeiro concentrado;MANICURE E MAQUILADOR;3;690;0.004347826086956522;0.0011183597390493941;0.00032932652725177014;3.88768115942029;13.202173913043477;0.3229466347907128;0.4018499559704751
DS_OCUPACAO;01_baixo;Baixo patrimônio - financeiro concentrado;PRODUTOR DE ESPETÁCULOS PÚBLICOS;3;690;0.004347826086956522;0.0011183597390493941;0.0009330918272133488;3.88768115942029;4.659590792838874;0.3229466347907128;0.3414734259743173
DS_OCUPACAO;01_baixo;Baixo patrimônio - financeiro concentrado;PROFESSOR E INSTRUTOR DE FORMAÇÃO PROFISSIONAL;3;690;0.004347826086956522;0.004846225535880708;0.004281244854273012;0.8971571906354516;1.015551839464883;-0.04983994489241861;0.0066581232683510065
DS_OCUPACAO;01_baixo;Baixo patrimônio - financeiro concentrado;TÉCNICO DE ENFERMAGEM E ASSEMELHADOS (EXCETO ENFERMEIRO);3;690;0.004347826086956522;0.008014911463187325;0.0038421428179373183;0.5424671385237614;1.131614906832298;-0.3667085376230803;0.05056832690192034
DS_OCUPACAO;01_baixo;Baixo patrimônio - financeiro concentrado;VENDEDOR DE COMÉRCIO VAREJISTA E ATACADISTA;3;690;0.004347826086956522;0.005964585274930103;0.003348153027059663;0.7289402173913043;1.2985744832501782;-0.1616759187973581;0.09996730598968587
DS_OCUPACAO;01_baixo;Baixo patrimônio - financeiro concentrado;VIGILANTE;3;690;0.004347826086956522;0.0065237651444548;0.0036225917997694712;0.6664596273291925;1.200197628458498;-0.2175939057498278;0.07252342871870505
DS_OCUPACAO;01_baixo;Baixo patrimônio - financeiro concentrado;ATOR E DIRETOR DE ESPETÁCULOS PÚBLICOS;2;690;0.002898550724637681;0.001863932898415657;0.0013173061090070806;1.555072463768116;2.20036231884058;0.10346178262220242;0.15812446156306006
DS_OCUPACAO;01_baixo;Baixo patrimônio - financeiro concentrado;BOMBEIRO MILITAR;2;690;0.002898550724637681;0.004473438956197577;0.004281244854273012;0.6479468599033817;0.6770345596432553;-0.15748882315598953;-0.13826941296353307
DS_OCUPACAO;01_baixo;Baixo patrimônio - financeiro concentrado;CANTOR E COMPOSITOR;2;690;0.002898550724637681;0.003168685927306617;0.0023601734453043526;0.9147485080988917;1.2281092012133468;-0.02701352026689358;0.053837727933332864
DS_OCUPACAO;01_baixo;Baixo patrimônio - financeiro concentrado;COMERCIÁRIO;2;690;0.002898550724637681;0.00260950605778192;0.001262418354465119;1.110766045548654;2.296030245746692;0.028904466685576117;0.16361323701725622
DS_OCUPACAO;01_baixo;Baixo patrimônio - financeiro concentrado;ECONOMISTA;2;690;0.002898550724637681;0.0029822926374650513;0.004610571381524782;0.9719202898550725;0.6286749482401656;-0.008374191282737014;-0.1712020656887101
DS_OCUPACAO;01_baixo;Baixo patrimônio - financeiro concentrado;FISIOTERAPEUTA E TERAPEUTA OCUPACIONAL;2;690;0.002898550724637681;0.0027958993476234857;0.002524836708930238;1.0367149758454106;1.148015122873346;0.010265137701419551;0.03737140157074434
DS_OCUPACAO;01_baixo;Baixo patrimônio - financeiro concentrado;GERENTE;2;690;0.002898550724637681;0.003727865796831314;0.003018826499807893;0.777536231884058;0.9601581027667984;-0.08293150721936328;-0.012027577517021186
DS_OCUPACAO;01_baixo;Baixo patrimônio - financeiro concentrado;LOCUTOR E COMENTARISTA DE RÁDIO E TELEVISÃO E RADIALISTA;2;690;0.002898550724637681;0.004100652376514445;0.003512816290685548;0.7068511198945983;0.8251358695652175;-0.12021016518767641;-0.06142655660478667
DS_OCUPACAO;01_baixo;Baixo patrimônio - financeiro concentrado;MOTORISTA DE VEÍCULOS DE TRANSPORTE DE CARGA;2;690;0.002898550724637681;0.0033550792171481826;0.002469948954388276;0.8639291465378423;1.1735265700483093;-0.04565284925105015;0.04286017702494053
DS_OCUPACAO;01_baixo;Baixo patrimônio - financeiro concentrado;PROFESSOR DE ENSINO DE PRIMEIRO E SEGUNDO GRAUS;2;690;0.002898550724637681;0.00391425908667288;0.0036225917997694712;0.7405106970324362;0.8001317523056654;-0.10157083620351984;-0.07240410751317901
DS_OCUPACAO;01_baixo;Baixo patrimônio - financeiro concentrado;SERVIDOR PÚBLICO CIVIL APOSENTADO;2;690;0.002898550724637681;0.004100652376514445;0.006366979526867556;0.7068511198945983;0.4552473763118441;-0.12021016518767641;-0.3468428802229874
DS_OCUPACAO;01_baixo;Baixo patrimônio - financeiro concentrado;SOCIÓLOGO;2;690;0.002898550724637681;0.0016775396085740913;0.001427081618091004;1.7278582930756845;2.031103678929766;0.12210111160635899;0.14714691065466773
DS_OCUPACAO;01_baixo;Baixo patrimônio - financeiro concentrado;TRABALHADOR DE CONSTRUÇÃO CIVIL;2;690;0.002898550724637681;0.0022367194780987883;0.0010977550908392337;1.2958937198067635;2.640434782608696;0.06618312465388929;0.18007956337984476
DS_OCUPACAO;01_baixo;Baixo patrimônio - financeiro concentrado;TÉCNICO DE ELETRICIDADE, ELETRÔNICA E TELECOMUNICAÇÕES;2;690;0.002898550724637681;0.001863932898415657;0.001042867336297272;1.555072463768116;2.779405034324943;0.10346178262220242;0.18556833883404092
DS_OCUPACAO;01_baixo;Baixo patrimônio - financeiro concentrado;TÉCNICO DE MECÂNICA;2;690;0.002898550724637681;0.0009319664492078285;0.0004391020363356935;3.110144927536232;6.60108695652174;0.1966584275429853;0.24594486883019878
DS_OCUPACAO;01_baixo;Baixo patrimônio - financeiro concentrado;TÉCNICO EM AGRONOMIA E AGRIMENSURA;2;690;0.002898550724637681;0.0009319664492078285;0.0006586530545035403;3.110144927536232;4.40072463768116;0.1966584275429853;0.2239897670134141
DS_OCUPACAO;01_baixo;Baixo patrimônio - financeiro concentrado;AGENTE ADMINISTRATIVO;1;690;0.0014492753623188406;0.003727865796831314;0.002799275481640046;0.388768115942029;0.5177323103154305;-0.22785904345124733;-0.13500001193212052
DS_OCUPACAO;01_baixo;Baixo patrimônio - financeiro concentrado;AGENTE DE SAÚDE E SANITARISTA;1;690;0.0014492753623188406;0.0027958993476234857;0.001591744881716889;0.5183574879227053;0.9104947526236882;-0.13466239853046452;-0.014246951939804832
DS_OCUPACAO;01_baixo;Baixo patrimônio - financeiro concentrado;ARTISTA DE CIRCO;1;690;0.0014492753623188406;0.0003727865796831314;0.00016466326362588507;3.88768115942029;8.80144927536232;0.10764887826357093;0.12846120986929555
DS_OCUPACAO;01_baixo;Baixo patrimônio - financeiro concentrado;ARTISTA PLÁSTICO E ASSEMELHADOS;1;690;0.0014492753623188406;0.0007455731593662628;0.0005488775454196168;1.943840579710145;2.640434782608696;0.07037022029525777;0.09003978168992238
DS_OCUPACAO;01_baixo;Baixo patrimônio - financeiro concentrado;BANCÁRIO E ECONOMIÁRIO;1;690;0.0014492753623188406;0.0020503261882572226;0.003348153027059663;0.7068511198945983;0.4328581610833927;-0.060105082593838205;-0.18988776647408226
DS_OCUPACAO;01_baixo;Baixo patrimônio - financeiro concentrado;BIÓLOGO;1;690;0.0014492753623188406;0.0007455731593662628;0.0009330918272133488;1.943840579710145;1.5531969309462914;0.07037022029525777;0.051618353510549185
DS_OCUPACAO;01_baixo;Baixo patrimônio - financeiro concentrado;BOMBEIRO CIVIL;1;690;0.0014492753623188406;0.0007455731593662628;0.0003842142817937318;1.943840579710145;3.772049689440994;0.07037022029525777;0.10650610805251087
DS_OCUPACAO;01_baixo;Baixo patrimônio - financeiro concentrado;CABELEIREIRO, BARBEIRO, MANICURE, MAQUILADOR, ESTETICISTA E MASSAGISTA;1;690;0.0014492753623188406;0.0007455731593662628;0.00032932652725177014;1.943840579710145;4.40072463768116;0.07037022029525777;0.11199488350670705
DS_OCUPACAO;01_baixo;Baixo patrimônio - financeiro concentrado;CIENTISTA POLÍTICO;1;690;0.0014492753623188406;0.0011183597390493941;0.0009330918272133488;1.2958937198067635;1.5531969309462914;0.03309156232694464;0.051618353510549185
DS_OCUPACAO;01_baixo;Baixo patrimônio - financeiro concentrado;CONTADOR;1;690;0.0014492753623188406;0.005405405405405406;0.007080520335913058;0.2681159420289855;0.20468486686889115;-0.39561300430865654;-0.5631244973594217
DS_OCUPACAO;01_baixo;Baixo patrimônio - financeiro concentrado;DECORADOR;1;690;0.0014492753623188406;0.0003727865796831314;0.00021955101816784674;3.88768115942029;6.60108695652174;0.10764887826357093;0.12297243441509939
DS_OCUPACAO;01_baixo;Baixo patrimônio - financeiro concentrado;DESENHISTA;1;690;0.0014492753623188406;0.0003727865796831314;0.00016466326362588507;3.88768115942029;8.80144927536232;0.10764887826357093;0.12846120986929555
DS_OCUPACAO;01_baixo;Baixo patrimônio - financeiro concentrado;DIRETOR DE EMPRESAS;1;690;0.0014492753623188406;0.0001863932898415657;0.0013173061090070806;7.77536231884058;1.10018115942029;0.1262882072477275;0.013196925331176003
DS_OCUPACAO;01_baixo;Baixo patrimônio - financeiro concentrado;DIRETOR DE ESTABELECIMENTO DE ENSINO;1;690;0.0014492753623188406;0.0009319664492078285;0.0005488775454196168;1.555072463768116;2.640434782608696;0.05173089131110121;0.09003978168992238
DS_OCUPACAO;01_baixo;Baixo patrimônio - financeiro concentrado;ESCRITOR E CRÍTICO;1;690;0.0014492753623188406;0.0011183597390493941;0.000713540809045502;1.2958937198067635;2.031103678929766;0.03309156232694464;0.07357345532733386
DS_OCUPACAO;01_baixo;Baixo patrimônio - financeiro concentrado;ESTETICISTA;1;690;0.0014492753623188406;0.00130475302889096;0.000713540809045502;1.110766045548654;2.031103678929766;0.014452233342788058;0.07357345532733386
DS_OCUPACAO;01_baixo;Baixo patrimônio - financeiro concentrado;FOTÓGRAFO E ASSEMELHADOS;1;690;0.0014492753623188406;0.001863932898415657;0.0009879795817553103;0.777536231884058;1.4669082125603865;-0.04146575360968164;0.04612957805635303
DS_OCUPACAO;01_baixo;Baixo patrimônio - financeiro concentrado;GARI OU LIXEIRO;1;690;0.0014492753623188406;0.0016775396085740913;0.0007684285635874636;0.8639291465378423;1.886024844720497;-0.022826424625525074;0.0680846798731377
DS_OCUPACAO;01_baixo;Baixo patrimônio - financeiro concentrado;GEÓGRAFO;1;690;0.0014492753623188406;0.0003727865796831314;0.0004391020363356935;3.88768115942029;3.30054347826087;0.10764887826357093;0.10101733259831472
DS_OCUPACAO;01_baixo;Baixo patrimônio - financeiro concentrado;GUIA DE TURISMO;1;690;0.0014492753623188406;0.00130475302889096;0.000713540809045502;1.110766045548654;2.031103678929766;0.014452233342788058;0.07357345532733386
DS_OCUPACAO;01_baixo;Baixo patrimônio - financeiro concentrado;HISTORIADOR;1;690;0.0014492753623188406;0.00130475302889096;0.0004939897908776552;1.110766045548654;2.933816425120773;0.014452233342788058;0.09552855714411855
DS_OCUPACAO;01_baixo;Baixo patrimônio - financeiro concentrado;JARDINEIRO;1;690;0.0014492753623188406;0.0007455731593662628;0.00032932652725177014;1.943840579710145;4.40072463768116;0.07037022029525777;0.11199488350670705
DS_OCUPACAO;01_baixo;Baixo patrimônio - financeiro concentrado;MASSAGISTA;1;690;0.0014492753623188406;0.0009319664492078285;0.00032932652725177014;1.555072463768116;4.40072463768116;0.05173089131110121;0.11199488350670705
DS_OCUPACAO;01_baixo;Baixo patrimônio - financeiro concentrado;MEMBRO DAS FORÇAS ARMADAS;1;690;0.0014492753623188406;0.0020503261882572226;0.002469948954388276;0.7068511198945983;0.5867632850241546;-0.060105082593838205;-0.10206735920694353
DS_OCUPACAO;01_baixo;Baixo patrimônio - financeiro concentrado;MOTORISTA DE VEÍCULOS DE TRANSPORTE COLETIVO DE PASSAGEIROS;1;690;0.0014492753623188406;0.004659832246039142;0.002799275481640046;0.3110144927536232;0.5177323103154305;-0.32105568837203013;-0.13500001193212052
DS_OCUPACAO;01_baixo;Baixo patrimônio - financeiro concentrado;MOTORISTA PARTICULAR;1;690;0.0014492753623188406;0.008387698042870456;0.00521433668148636;0.17278582930756844;0.27794050343249427;-0.6938422680551616;-0.376506131916752
DS_OCUPACAO;01_baixo;Baixo patrimônio - financeiro concentrado;MÚSICO;1;690;0.0014492753623188406;0.0027958993476234857;0.002799275481640046;0.5183574879227053;0.5177323103154305;-0.13466239853046452;-0.13500001193212052
DS_OCUPACAO;01_baixo;Baixo patrimônio - financeiro concentrado;NUTRICIONISTA E ASSEMELHADOS;1;690;0.0014492753623188406;0.0011183597390493941;0.0010977550908392337;1.2958937198067635;1.320217391304348;0.03309156232694464;0.035152027147960695
DS_OCUPACAO;01_baixo;Baixo patrimônio - financeiro concentrado;PADEIRO, CONFEITEIRO E ASSEMELHADOS;1;690;0.0014492753623188406;0.0005591798695246971;0.00021955101816784674;2.591787439613527;6.60108695652174;0.08900954927941435;0.12297243441509939
DS_OCUPACAO;01_baixo;Baixo patrimônio - financeiro concentrado;PECUARISTA;1;690;0.0014492753623188406;0.0014911463187325257;0.0032383775179757397;0.9719202898550725;0.44753131908621957;-0.004187095641368507;-0.17891021556568992
DS_OCUPACAO;01_baixo;Baixo patrimônio - financeiro concentrado;PESCADOR;1;690;0.0014492753623188406;0.0005591798695246971;0.000713540809045502;2.591787439613527;2.031103678929766;0.08900954927941435;0.07357345532733386
DS_OCUPACAO;01_baixo;Baixo patrimônio - financeiro concentrado;PRODUTOR AGROPECUÁRIO;1;690;0.0014492753623188406;0.001863932898415657;0.004830122399692629;0.777536231884058;0.30004940711462447;-0.04146575360968164;-0.3380847037373788
DS_OCUPACAO;01_baixo;Baixo patrimônio - financeiro concentrado;RECEPCIONISTA;1;690;0.0014492753623188406;0.00130475302889096;0.0004391020363356935;1.110766045548654;3.30054347826087;0.014452233342788058;0.10101733259831472
DS_OCUPACAO;01_baixo;Baixo patrimônio - financeiro concentrado;RELAÇÕES-PÚBLICAS;1;690;0.0014492753623188406;0.0005591798695246971;0.0004939897908776552;2.591787439613527;2.933816425120773;0.08900954927941435;0.09552855714411855
DS_OCUPACAO;01_baixo;Baixo patrimônio - financeiro concentrado;REPRESENTANTE COMERCIAL;1;690;0.0014492753623188406;0.0033550792171481826;0.0031286020088918164;0.4319645732689211;0.46323417238749043;-0.1905803854829342;-0.1679326646572976
DS_OCUPACAO;01_baixo;Baixo patrimônio - financeiro concentrado;SECRETÁRIO E DATILÓGRAFO;1;690;0.0014492753623188406;0.0009319664492078285;0.0006037652999615786;1.555072463768116;2.4003952569169957;0.05173089131110121;0.0845510062357262
DS_OCUPACAO;01_baixo;Baixo patrimônio - financeiro concentrado;SERVENTUÁRIO DE JUSTIÇA;1;690;0.0014492753623188406;0.0001863932898415657;0.000878204072671387;7.77536231884058;1.650271739130435;0.1262882072477275;0.05710712896474536
DS_OCUPACAO;01_baixo;Baixo patrimônio - financeiro concentrado;SUPERVISOR, INSPETOR E AGENTE DE COMPRAS E VENDAS;1;690;0.0014492753623188406;0.0009319664492078285;0.0006586530545035403;1.555072463768116;2.20036231884058;0.05173089131110121;0.07906223078153003
DS_OCUPACAO;01_baixo;Baixo patrimônio - financeiro concentrado;TAXISTA;1;690;0.0014492753623188406;0.003168685927306617;0.0020308469180525825;0.45737425404944587;0.7136310223266745;-0.17194105649877764;-0.05815715557337419
DS_OCUPACAO;01_baixo;Baixo patrimônio - financeiro concentrado;TERAPEUTA;1;690;0.0014492753623188406;0.0014911463187325257;0.0007684285635874636;0.9719202898550725;1.886024844720497;-0.004187095641368507;0.0680846798731377
DS_OCUPACAO;01_baixo;Baixo patrimônio - financeiro concentrado;TRABALHADOR RURAL;1;690;0.0014492753623188406;0.00130475302889096;0.0007684285635874636;1.110766045548654;1.886024844720497;0.014452233342788058;0.0680846798731377
DS_OCUPACAO;01_baixo;Baixo patrimônio - financeiro concentrado;VENDEDOR PRACISTA, REPRESENTANTE, CAIXEIRO-VIAJANTE E ASSEMELHADOS;1;690;0.0014492753623188406;0.004100652376514445;0.0020308469180525825;0.35342555994729913;0.7136310223266745;-0.26513770141956045;-0.05815715557337419
DS_OCUPACAO;01_baixo;Baixo patrimônio - financeiro concentrado;VETERINÁRIO;1;690;0.0014492753623188406;0.0011183597390493941;0.002250397936220429;1.2958937198067635;0.6440084835630965;0.03309156232694464;-0.08011225739015886
DS_OCUPACAO;01_baixo;Baixo patrimônio - veicular concentrado com financeiro e societário;OUTROS;55;427;0.1288056206088993;0.18825722273998136;0.12239969262857457;0.6842001530363809;1.0523361443379087;-5.945160213108205;0.640592798032473
DS_OCUPACAO;01_baixo;Baixo patrimônio - veicular concentrado com financeiro e societário;VEREADOR;40;427;0.0936768149882904;0.04976700838769804;0.05055162193314672;1.8823075371242624;1.853092174019178;4.3909806600592365;4.3125193055143685
DS_OCUPACAO;01_baixo;Baixo patrimônio - veicular concentrado com financeiro e societário;EMPRESÁRIO;38;427;0.08899297423887588;0.12152842497670084;0.1444096821999012;0.7322811453858421;0.6162535148833447;-3.253545073782496;-5.541670796102531
DS_OCUPACAO;01_baixo;Baixo patrimônio - veicular concentrado com financeiro e societário;ADVOGADO;32;427;0.07494145199063232;0.05908667287977633;0.08858883583072616;1.2683308830591242;0.8459469106674908;1.585477911085599;-1.364738384009384
DS_OCUPACAO;01_baixo;Baixo patrimônio - veicular concentrado com financeiro e societário;POLICIAL MILITAR;25;427;0.0585480093676815;0.03522833178005592;0.0305175915253307;1.6619580436910648;1.9185003285427864;2.3319677587625582;2.8030417842350803
DS_OCUPACAO;01_baixo;Baixo patrimônio - veicular concentrado com financeiro e societário;SERVIDOR PÚBLICO ESTADUAL;17;427;0.03981264637002342;0.02516309412861137;0.031011581316208355;1.582184057593894;1.2837992994963836;1.4649552241412054;0.8801065053815067
DS_OCUPACAO;01_baixo;Baixo patrimônio - veicular concentrado com financeiro e societário;SERVIDOR PÚBLICO MUNICIPAL;14;427;0.03278688524590164;0.024603914259086673;0.017948295735221474;1.332588176850472;1.8267408632877125;0.8182970986814968;1.4838589510680167
DS_OCUPACAO;01_baixo;Baixo patrimônio - veicular concentrado com financeiro e societário;ADMINISTRADOR;12;427;0.02810304449648712;0.03224603914259087;0.03271310170700917;0.8715192700789214;0.8590761202709711;-0.41429946461037476;-0.46100572105220483
DS_OCUPACAO;01_baixo;Baixo patrimônio - veicular concentrado com financeiro e societário;APOSENTADO (EXCETO SERVIDOR PÚBLICO);11;427;0.02576112412177986;0.027958993476234855;0.029474724189033425;0.9213895394223264;0.8740073005115592;-0.2197869354454995;-0.37136000672535646
DS_OCUPACAO;01_baixo;Baixo patrimônio - veicular concentrado com financeiro e societário;PROFESSOR DE ENSINO FUNDAMENTAL;11;427;0.02576112412177986;0.01733457595526561;0.0110324386629343;1.4861121603585907;2.335034429724912;0.8426548166514249;1.472868545884556
DS_OCUPACAO;01_baixo;Baixo patrimônio - veicular concentrado com financeiro e societário;PROFESSOR DE ENSINO MÉDIO;10;427;0.0234192037470726;0.024044734389561975;0.01855206103518305;0.9739847139770892;1.2623505120352536;-0.06255306424893733;0.4867142711889552
DS_OCUPACAO;01_baixo;Baixo patrimônio - veicular concentrado com financeiro e societário;JORNALISTA E REDATOR;8;427;0.01873536299765808;0.014165890027958993;0.014764805971787694;1.3225687168741527;1.2689203660012363;0.45694729696990866;0.39705570258703854
DS_OCUPACAO;01_baixo;Baixo patrimônio - veicular concentrado com financeiro e societário;MILITAR REFORMADO;8;427;0.01873536299765808;0.00820130475302889;0.010154234590262913;2.284436874600809;1.8450788024558515;1.053405824462919;0.8581128407395167
DS_OCUPACAO;01_baixo;Baixo patrimônio - veicular concentrado com financeiro e societário;COMERCIANTE;7;427;0.01639344262295082;0.028518173345759554;0.022833305889456063;0.5748419586413801;0.7179618537200505;-1.2124730722808734;-0.6439863266505242
DS_OCUPACAO;01_baixo;Baixo patrimônio - veicular concentrado com financeiro e societário;PROFESSOR DE ENSINO DE PRIMEIRO E SEGUNDO GRAUS;7;427;0.01639344262295082;0.00391425908667288;0.0036225917997694712;4.188134270101483;4.525335320417288;1.247918353627794;1.277085082318135
DS_OCUPACAO;01_baixo;Baixo patrimônio - veicular concentrado com financeiro e societário;SERVIDOR PÚBLICO FEDERAL;7;427;0.01639344262295082;0.01174277726001864;0.01492946923541358;1.3960447567004943;1.098059305689489;0.4650665362932181;0.14639733875372404
DS_OCUPACAO;01_baixo;Baixo patrimônio - veicular concentrado com financeiro e societário;DEPUTADO;6;427;0.01405152224824356;0.011556383970177074;0.05757725451451781;1.2159099493843015;0.2440464097623922;0.24951382780664857;-4.352573226627425
DS_OCUPACAO;01_baixo;Baixo patrimônio - veicular concentrado com financeiro e societário;ENGENHEIRO;6;427;0.01405152224824356;0.008014911463187325;0.016027224326252813;1.7531724851587605;0.876728369317635;0.6036610785056234;-0.1975702078009253
DS_OCUPACAO;01_baixo;Baixo patrimônio - veicular concentrado com financeiro e societário;MÉDICO;5;427;0.0117096018735363;0.006896551724137931;0.0345243976068939;1.6978922716627636;0.33916889751026685;0.48130501493983696;-2.2814795733357602
DS_OCUPACAO;01_baixo;Baixo patrimônio - veicular concentrado com financeiro e societário;PEDAGOGO;5;427;0.0117096018735363;0.004659832246039142;0.004994785663318514;2.5128805620608903;2.3443652366368997;0.7049769627497159;0.6714816210217787
DS_OCUPACAO;01_baixo;Baixo patrimônio - veicular concentrado com financeiro e societário;PROFESSOR DE ENSINO SUPERIOR;5;427;0.0117096018735363;0.007455731593662628;0.015039244744497502;1.5705503512880563;0.7786030530436419;0.42538702798736727;-0.33296428709612014
DS_OCUPACAO;01_baixo;Baixo patrimônio - veicular concentrado com financeiro e societário;ASSISTENTE SOCIAL;4;427;0.00936768149882904;0.009133271202236719;0.006202316263241671;1.0256655355350572;1.5103521170545688;0.0234410296592321;0.3165365235587369
DS_OCUPACAO;01_baixo;Baixo patrimônio - veicular concentrado com financeiro e societário;ENFERMEIRO;4;427;0.00936768149882904;0.011929170549860205;0.008617377463087985;0.785275175644028;1.087068721192142;-0.25614890510311655;0.07503040357410545
DS_OCUPACAO;01_baixo;Baixo patrimônio - veicular concentrado com financeiro e societário;PUBLICITÁRIO;4;427;0.00936768149882904;0.004287045666356011;0.0031286020088918164;2.185113532226861;2.9942068285467767;0.5080635832473029;0.6239079489937224
DS_OCUPACAO;01_baixo;Baixo patrimônio - veicular concentrado com financeiro e societário;VENDEDOR DE COMÉRCIO VAREJISTA E ATACADISTA;4;427;0.00936768149882904;0.005964585274930103;0.003348153027059663;1.570550351288056;2.7978653971666603;0.3403096223898937;0.6019528471769376
DS_OCUPACAO;01_baixo;Baixo patrimônio - veicular concentrado com financeiro e societário;AGRICULTOR;3;427;0.00702576112412178;0.00950605778191985;0.009550469290301334;0.739082518253203;0.7356456432205443;-0.24802966577980703;-0.2524708166179554
DS_OCUPACAO;01_baixo;Baixo patrimônio - veicular concentrado com financeiro e societário;ANALISTA DE SISTEMAS;3;427;0.00702576112412178;0.001863932898415657;0.0020308469180525825;3.769320843091335;3.4595227546047216;0.5161828225706122;0.49949142060691976
DS_OCUPACAO;01_baixo;Baixo patrimônio - veicular concentrado com financeiro e societário;CONTADOR;3;427;0.00702576112412178;0.005405405405405406;0.007080520335913058;1.2997658079625292;0.9922662164370133;0.16203557187163742;-0.00547592117912778
DS_OCUPACAO;01_baixo;Baixo patrimônio - veicular concentrado com financeiro e societário;CORRETOR DE IMÓVEIS, SEGUROS, TÍTULOS E VALORES;3;427;0.00702576112412178;0.01342031686859273;0.008672265217629947;0.5235167837626854;0.8101414045593336;-0.6394555744470951;-0.16465040935081673
DS_OCUPACAO;01_baixo;Baixo patrimônio - veicular concentrado com financeiro e societário;DONA DE CASA;3;427;0.00702576112412178;0.00820130475302889;0.004830122399692629;0.8566638279753034;1.4545720672769853;-0.11755436289071107;0.2195638724429151
DS_OCUPACAO;01_baixo;Baixo patrimônio - veicular concentrado com financeiro e societário;ECONOMISTA;3;427;0.00702576112412178;0.0029822926374650513;0.004610571381524782;2.3558255269320845;1.5238374038139846;0.40434684866567283;0.24151897425969976
DS_OCUPACAO;01_baixo;Baixo patrimônio - veicular concentrado com financeiro e societário;ESTUDANTE, BOLSISTA, ESTAGIÁRIO E ASSEMELHADOS;3;427;0.00702576112412178;0.01640260950605778;0.006751193808661288;0.4283319139876517;1.0406694465071114;-0.9376848381936;0.02745673154604918
DS_OCUPACAO;01_baixo;Baixo patrimônio - veicular concentrado com financeiro e societário;FISIOTERAPEUTA E TERAPEUTA OCUPACIONAL;3;427;0.00702576112412178;0.0027958993476234857;0.002524836708930238;2.51288056206089;2.7826596069646676;0.42298617764982943;0.45009244151915423
DS_OCUPACAO;01_baixo;Baixo patrimônio - veicular concentrado com financeiro e societário;GERENTE;3;427;0.00702576112412178;0.003727865796831314;0.003018826499807893;1.8846604215456675;2.3273153076431763;0.3297895327290466;0.4006934624313887
DS_OCUPACAO;01_baixo;Baixo patrimônio - veicular concentrado com financeiro e societário;MOTORISTA DE VEÍCULOS DE TRANSPORTE COLETIVO DE PASSAGEIROS;3;427;0.00702576112412178;0.004659832246039142;0.002799275481640046;1.507728337236534;2.5098498415759747;0.23659288780826376;0.4226485642481734
DS_OCUPACAO;01_baixo;Baixo patrimônio - veicular concentrado com financeiro e societário;MOTORISTA DE VEÍCULOS DE TRANSPORTE DE CARGA;3;427;0.00702576112412178;0.0033550792171481826;0.002469948954388276;2.0940671350507416;2.844496487119438;0.36706819069735974;0.4555812169733504
DS_OCUPACAO;01_baixo;Baixo patrimônio - veicular concentrado com financeiro e societário;MOTORISTA PARTICULAR;3;427;0.00702576112412178;0.008387698042870456;0.00521433668148636;0.8376268540202967;1.3473930728460495;-0.13619369187486763;0.18114244426354195
DS_OCUPACAO;01_baixo;Baixo patrimônio - veicular concentrado com financeiro e societário;SERVIDOR PÚBLICO CIVIL APOSENTADO;3;427;0.00702576112412178;0.004100652376514445;0.006366979526867556;1.7133276559506068;1.1034684648308164;0.29251087476073345;0.06587815972542241
DS_OCUPACAO;01_baixo;Baixo patrimônio - veicular concentrado com financeiro e societário;TÉCNICO DE ENFERMAGEM E ASSEMELHADOS (EXCETO ENFERMEIRO);3;427;0.00702576112412178;0.008014911463187325;0.0038421428179373183;0.8765862425793802;1.8286048845767815;-0.0989150339065545;0.31836183061844614
DS_OCUPACAO;01_baixo;Baixo patrimônio - veicular concentrado com financeiro e societário;AGENTE DE SAÚDE E SANITARISTA;2;427;0.00468384074941452;0.0027958993476234857;0.001591744881716889;1.6752537080405931;2.942582572882177;0.18879414017910343;0.3092095867697631
DS_OCUPACAO;01_baixo;Baixo patrimônio - veicular concentrado com financeiro e societário;BIÓLOGO;2;427;0.00468384074941452;0.0007455731593662628;0.0009330918272133488;6.282201405152224;5.019699683151949;0.3938267590048257;0.37507489222011714
DS_OCUPACAO;01_baixo;Baixo patrimônio - veicular concentrado com financeiro e societário;ODONTÓLOGO;2;427;0.00468384074941452;0.005032618825722274;0.006092540754157747;0.9306965044669961;0.7687828343566049;-0.03487780763077545;-0.14087000047432272
DS_OCUPACAO;01_baixo;Baixo patrimônio - veicular concentrado com financeiro e societário;POLICIAL CIVIL;2;427;0.00468384074941452;0.005778191985088537;0.007958724408584444;0.8106066329228677;0.5885165145764355;-0.1094351235674017;-0.32748836591699243
DS_OCUPACAO;01_baixo;Baixo patrimônio - veicular concentrado com financeiro e societário;REPRESENTANTE COMERCIAL;2;427;0.00468384074941452;0.0033550792171481826;0.0031286020088918164;1.3960447567004943;1.4971034142733883;0.13287615322663374;0.15552387405227036
DS_OCUPACAO;01_baixo;Baixo patrimônio - veicular concentrado com financeiro e societário;ARQUITETO;1;427;0.00234192037470726;0.0016775396085740913;0.0024150611998463144;1.3960447567004943;0.9697147115179902;0.06643807661331687;-0.007314082513905449
DS_OCUPACAO;01_baixo;Baixo patrimônio - veicular concentrado com financeiro e societário;AUXILIAR DE ESCRITÓRIO E ASSEMELHADOS;1;427;0.00234192037470726;0.006337371854613234;0.002799275481640046;0.36954125912660146;0.8366166138586583;-0.3995451479905974;-0.045735510693278594
DS_OCUPACAO;01_baixo;Baixo patrimônio - veicular concentrado com financeiro e societário;BANCÁRIO E ECONOMIÁRIO;1;427;0.00234192037470726;0.0020503261882572226;0.003348153027059663;1.1422184373004045;0.6994663492916651;0.02915941864500373;-0.10062326523524032
DS_OCUPACAO;01_baixo;Baixo patrimônio - veicular concentrado com financeiro e societário;BOMBEIRO CIVIL;1;427;0.00234192037470726;0.0007455731593662628;0.0003842142817937318;3.141100702576112;6.095349615255938;0.15963472153409972;0.19577060929135282
DS_OCUPACAO;01_baixo;Baixo patrimônio - veicular concentrado com financeiro e societário;BOMBEIRO MILITAR;1;427;0.00234192037470726;0.004473438956197577;0.004281244854273012;0.5235167837626854;0.5470185552152765;-0.21315185814903165;-0.1939324479565752
DS_OCUPACAO;01_baixo;Baixo patrimônio - veicular concentrado com financeiro e societário;CATADOR DE RECICLÁVEIS;1;427;0.00234192037470726;0.0003727865796831314;0.00021955101816784674;6.282201405152224;10.666861826697893;0.19691337950241286;0.21223693565394133
DS_OCUPACAO;01_baixo;Baixo patrimônio - veicular concentrado com financeiro e societário;COZINHEIRO;1;427;0.00234192037470726;0.001863932898415657;0.0007684285635874636;1.256440281030445;3.047674807627969;0.047798747629160296;0.15734918111197962
DS_OCUPACAO;01_baixo;Baixo patrimônio - veicular concentrado com financeiro e societário;DIRETOR DE ESTABELECIMENTO DE ENSINO;1;427;0.00234192037470726;0.0009319664492078285;0.0005488775454196168;2.51288056206089;4.266744730679157;0.14099539254994314;0.17930428292876432
DS_OCUPACAO;01_baixo;Baixo patrimônio - veicular concentrado com financeiro e societário;EMPREGADO DOMÉSTICO;1;427;0.00234192037470726;0.0009319664492078285;0.0004391020363356935;2.51288056206089;5.333430913348947;0.14099539254994314;0.19028183383715666
DS_OCUPACAO;01_baixo;Baixo patrimônio - veicular concentrado com financeiro e societário;ENCANADOR, SOLDADOR, CHAPEADOR E CALDEIREIRO;1;427;0.00234192037470726;0.0001863932898415657;0.00010977550908392337;12.564402810304449;21.333723653395786;0.21555270848656943;0.22321448656233367
DS_OCUPACAO;01_baixo;Baixo patrimônio - veicular concentrado com financeiro e societário;ESTETICISTA;1;427;0.00234192037470726;0.00130475302889096;0.000713540809045502;1.7949146871863497;3.282111331291659;0.10371673458163;0.1628379565661758
DS_OCUPACAO;01_baixo;Baixo patrimônio - veicular concentrado com financeiro e societário;FARMACÊUTICO;1;427;0.00234192037470726;0.0020503261882572226;0.002524836708930238;1.1422184373004045;0.9275532023215558;0.02915941864500373;-0.01829163342229778
DS_OCUPACAO;01_baixo;Baixo patrimônio - veicular concentrado com financeiro e societário;HISTORIADOR;1;427;0.00234192037470726;0.00130475302889096;0.0004939897908776552;1.7949146871863497;4.740827478532397;0.10371673458163;0.18479305838296048
DS_OCUPACAO;01_baixo;Baixo patrimônio - veicular concentrado com financeiro e societário;LANTERNEIRO E PINTOR DE VEÍCULOS;1;427;0.00234192037470726;0.0001863932898415657;0.00010977550908392337;12.564402810304449;21.333723653395786;0.21555270848656943;0.22321448656233367
DS_OCUPACAO;01_baixo;Baixo patrimônio - veicular concentrado com financeiro e societário;MOTOBOY;1;427;0.00234192037470726;0.00260950605778192;0.0011526428453811955;0.8974573435931749;2.0317832050853126;-0.026758568307466007;0.11892775293260643
DS_OCUPACAO;01_baixo;Baixo patrimônio - veicular concentrado com financeiro e societário;MÚSICO;1;427;0.00234192037470726;0.0027958993476234857;0.002799275481640046;0.8376268540202966;0.8366166138586583;-0.04539789729162257;-0.045735510693278594
DS_OCUPACAO;01_baixo;Baixo patrimônio - veicular concentrado com financeiro e societário;NUTRICIONISTA E ASSEMELHADOS;1;427;0.00234192037470726;0.0011183597390493941;0.0010977550908392337;2.0940671350507416;2.1333723653395786;0.12235606356578659;0.12441652838680263
DS_OCUPACAO;01_baixo;Baixo patrimônio - veicular concentrado com financeiro e societário;OPERADOR DE APARELHOS DE PRODUÇÃO INDUSTRIAL;1;427;0.00234192037470726;0.00130475302889096;0.0005488775454196168;1.7949146871863497;4.266744730679157;0.10371673458163;0.17930428292876432
DS_OCUPACAO;01_baixo;Baixo patrimônio - veicular concentrado com financeiro e societário;PROFESSOR E INSTRUTOR DE FORMAÇÃO PROFISSIONAL;1;427;0.00234192037470726;0.004846225535880708;0.004281244854273012;0.4832462619347866;0.5470185552152765;-0.2504305161173448;-0.1939324479565752
DS_OCUPACAO;01_baixo;Baixo patrimônio - veicular concentrado com financeiro e societário;QUÍMICO;1;427;0.00234192037470726;0.0001863932898415657;0.0003842142817937318;12.564402810304449;6.095349615255938;0.21555270848656943;0.19577060929135282
DS_OCUPACAO;01_baixo;Baixo patrimônio - veicular concentrado com financeiro e societário;SACERDOTE OU MEMBRO DE ORDEM OU SEITA RELIGIOSA;1;427;0.00234192037470726;0.004846225535880708;0.003951918327021241;0.4832462619347866;0.5926034348165496;-0.2504305161173448;-0.16099979523139812
DS_OCUPACAO;01_baixo;Baixo patrimônio - veicular concentrado com financeiro e societário;SENADOR;1;427;0.00234192037470726;0.0001863932898415657;0.0017015203908008123;12.564402810304449;1.3763692679610184;0.21555270848656943;0.06403999839064477
DS_OCUPACAO;01_baixo;Baixo patrimônio - veicular concentrado com financeiro e societário;SUPERVISOR, INSPETOR E AGENTE DE COMPRAS E VENDAS;1;427;0.00234192037470726;0.0009319664492078285;0.0006586530545035403;2.51288056206089;3.5556206088992974;0.14099539254994314;0.16832673202037196
DS_OCUPACAO;01_baixo;Baixo patrimônio - veicular concentrado com financeiro e societário;TÉCNICO CONTABILIDADE, ESTATÍSTICA, ECONOMIA DOMÉSTICA E ADMINISTRAÇÃO;1;427;0.00234192037470726;0.001863932898415657;0.0015368571271749273;1.256440281030445;1.5238374038139846;0.047798747629160296;0.08050632475323327
DS_OCUPACAO;01_baixo;Baixo patrimônio - veicular concentrado com financeiro e societário;TÉCNICO DE LABORATÓRIO E RAIOS X;1;427;0.00234192037470726;0.001863932898415657;0.0009330918272133488;1.256440281030445;2.5098498415759747;0.047798747629160296;0.14088285474939113
DS_OCUPACAO;01_baixo;Baixo patrimônio - veicular concentrado com financeiro e societário;TÉCNICO DE MINERAÇÃO, METALURGIA E GEOLOGIA;1;427;0.00234192037470726;0.0001863932898415657;0.00016466326362588507;12.564402810304449;14.22248243559719;0.21555270848656943;0.21772571110813746
DS_OCUPACAO;01_baixo;Baixo patrimônio - veicular concentrado com financeiro e societário;TÉCNICO DE OBRAS CIVIS, ESTRADAS, SANEAMENTO E ASSEMELHADOS;1;427;0.00234192037470726;0.0011183597390493941;0.0004391020363356935;2.0940671350507416;5.333430913348947;0.12235606356578659;0.19028183383715666
DS_OCUPACAO;01_baixo;Baixo patrimônio - veicular concentrado com financeiro e societário;VENDEDOR PRACISTA, REPRESENTANTE, CAIXEIRO-VIAJANTE E ASSEMELHADOS;1;427;0.00234192037470726;0.004100652376514445;0.0020308469180525825;0.5711092186502023;1.1531742515349073;-0.17587320018071853;0.031107345665467745
DS_OCUPACAO;01_baixo;Baixo patrimônio - veicular concentrado com financeiro e societário;VETERINÁRIO;1;427;0.00234192037470726;0.0011183597390493941;0.002250397936220429;2.0940671350507416;1.0406694465071114;0.12235606356578659;0.009152243848683074
DS_OCUPACAO;01_baixo;Baixo patrimônio - veicular concentrado com financeiro e societário;VIGILANTE;1;427;0.00234192037470726;0.0065237651444548;0.0036225917997694712;0.35898293743727;0.6464764743453268;-0.41818447697475397;-0.12806714250622112
DS_OCUPACAO;03_medio_alto;Patrimônio médio-alto - imobiliário concentrado com financeiro e societário;ADVOGADO;59;392;0.15051020408163265;0.10592283116244777;0.08858883583072616;1.4209420427103556;1.6989748501631137;4.458737291918488;6.19213682509065
DS_OCUPACAO;03_medio_alto;Patrimônio médio-alto - imobiliário concentrado com financeiro e societário;DEPUTADO;51;392;0.13010204081632654;0.06316048169083313;0.05757725451451781;2.059864607321528;2.259608276103578;6.69415591254934;7.252478630180873
DS_OCUPACAO;03_medio_alto;Patrimônio médio-alto - imobiliário concentrado com financeiro e societário;EMPRESÁRIO;46;392;0.11734693877551021;0.13099041533546327;0.1444096821999012;0.8958437033349925;0.8125974449072675;-1.3643476559953058;-2.706274342439098
DS_OCUPACAO;03_medio_alto;Patrimônio médio-alto - imobiliário concentrado com financeiro e societário;OUTROS;26;392;0.0663265306122449;0.09437208159252888;0.12239969262857457;0.7028194090136054;0.5418847808181568;-2.804555098028398;-5.607316201632967
DS_OCUPACAO;03_medio_alto;Patrimônio médio-alto - imobiliário concentrado com financeiro e societário;VEREADOR;22;392;0.05612244897959184;0.06045711477021381;0.05055162193314672;0.9283018085282894;1.110200757827561;-0.4334665790621972;0.5570827046445119
DS_OCUPACAO;03_medio_alto;Patrimônio médio-alto - imobiliário concentrado com financeiro e societário;ADMINISTRADOR;17;392;0.04336734693877551;0.030474318014254115;0.03271310170700917;1.4230785055957866;1.3256874058348171;1.2893028924521395;1.0654245231766342
DS_OCUPACAO;03_medio_alto;Patrimônio médio-alto - imobiliário concentrado com financeiro e societário;APOSENTADO (EXCETO SERVIDOR PÚBLICO);15;392;0.03826530612244898;0.033423445564020646;0.029474724189033425;1.1448641956782712;1.29824136358454;0.4841860558428335;0.8790581933415555
DS_OCUPACAO;03_medio_alto;Patrimônio médio-alto - imobiliário concentrado com financeiro e societário;MÉDICO;14;392;0.03571428571428571;0.030965839272548538;0.0345243976068939;1.153344671201814;1.0344651374063139;0.47484464417371747;0.11898881073918108
DS_OCUPACAO;03_medio_alto;Patrimônio médio-alto - imobiliário concentrado com financeiro e societário;SERVIDOR PÚBLICO ESTADUAL;14;392;0.03571428571428571;0.040304743180142544;0.031011581316208355;0.8861062717770034;1.1516434892541085;-0.45904574658568315;0.47027043980773575
DS_OCUPACAO;03_medio_alto;Patrimônio médio-alto - imobiliário concentrado com financeiro e societário;JORNALISTA E REDATOR;12;392;0.030612244897959183;0.020152371590071272;0.014764805971787694;1.5190393230462915;2.0733252408770197;1.045987330788791;1.5847438926171489
DS_OCUPACAO;03_medio_alto;Patrimônio médio-alto - imobiliário concentrado com financeiro e societário;PROFESSOR DE ENSINO SUPERIOR;10;392;0.025510204081632654;0.01941508970262964;0.015039244744497502;1.31393696719194;1.6962423655593626;0.6095114379003015;1.047095933713515
DS_OCUPACAO;03_medio_alto;Patrimônio médio-alto - imobiliário concentrado com financeiro e societário;SERVIDOR PÚBLICO FEDERAL;8;392;0.02040816326530612;0.020889653477512902;0.01492946923541358;0.9769507803121248;1.366971788715486;-0.0481490212206781;0.5478694029892541
DS_OCUPACAO;03_medio_alto;Patrimônio médio-alto - imobiliário concentrado com financeiro e societário;POLICIAL MILITAR;7;392;0.017857142857142856;0.033423445564020646;0.0305175915253307;0.5342699579831932;0.5851426002055498;-1.556630270687779;-1.2660448668187843
DS_OCUPACAO;03_medio_alto;Patrimônio médio-alto - imobiliário concentrado com financeiro e societário;BANCÁRIO E ECONOMIÁRIO;6;392;0.015306122448979591;0.005652494470385844;0.003348153027059663;2.7078527062999114;4.571512211441954;0.9653627978593747;1.195796942191993
DS_OCUPACAO;03_medio_alto;Patrimônio médio-alto - imobiliário concentrado com financeiro e societário;ODONTÓLOGO;6;392;0.015306122448979591;0.00786434013271074;0.006092540754157747;1.9462691326530612;2.512272476558191;0.7441782316268852;0.9213581694821844
DS_OCUPACAO;03_medio_alto;Patrimônio médio-alto - imobiliário concentrado com financeiro e societário;PROFESSOR DE ENSINO MÉDIO;6;392;0.015306122448979591;0.020889653477512902;0.01855206103518305;0.7327130852340936;0.825036227508755;-0.5583531028533311;-0.32459385862034573
DS_OCUPACAO;03_medio_alto;Patrimônio médio-alto - imobiliário concentrado com financeiro e societário;ENGENHEIRO;5;392;0.012755102040816327;0.01646596215286311;0.016027224326252813;0.7746344806579348;0.7958397400055913;-0.3710860112046785;-0.32721222854364856
DS_OCUPACAO;03_medio_alto;Patrimônio médio-alto - imobiliário concentrado com financeiro e societário;COMERCIANTE;4;392;0.01020408163265306;0.020889653477512902;0.022833305889456063;0.4884753901560624;0.4468946232339089;-1.0685571844859842;-1.2629224256803002
DS_OCUPACAO;03_medio_alto;Patrimônio médio-alto - imobiliário concentrado com financeiro e societário;POLICIAL CIVIL;4;392;0.01020408163265306;0.012288031457360531;0.007958724408584444;0.8304081632653061;1.2821252638986629;-0.20839498247074706;0.2245357224068616
DS_OCUPACAO;03_medio_alto;Patrimônio médio-alto - imobiliário concentrado com financeiro e societário;SERVIDOR PÚBLICO MUNICIPAL;4;392;0.01020408163265306;0.01867780781518801;0.017948295735221474;0.5463211600429645;0.5685264931660737;-0.8473726182534949;-0.7744214102568413
DS_OCUPACAO;03_medio_alto;Patrimônio médio-alto - imobiliário concentrado com financeiro e societário;ATOR E DIRETOR DE ESPETÁCULOS PÚBLICOS;3;392;0.007653061224489796;0.0014745637748832638;0.0013173061090070806;5.190051020408163;5.809630102040816;0.6178497449606533;0.6335755115482715
DS_OCUPACAO;03_medio_alto;Patrimônio médio-alto - imobiliário concentrado com financeiro e societário;CONTADOR;3;392;0.007653061224489796;0.006389776357827476;0.007080520335913058;1.1977040816326532;1.0808614143331752;0.126328486666232;0.05725408885767381
DS_OCUPACAO;03_medio_alto;Patrimônio médio-alto - imobiliário concentrado com financeiro e societário;CORRETOR DE IMÓVEIS, SEGUROS, TÍTULOS E VALORES;3;392;0.007653061224489796;0.006389776357827476;0.008672265217629947;1.1977040816326532;0.8824754585378455;0.126328486666232;-0.10192039931401514
DS_OCUPACAO;03_medio_alto;Patrimônio médio-alto - imobiliário concentrado com financeiro e societário;ANALISTA DE SISTEMAS;2;392;0.00510204081632653;0.002703366920619317;0.0020308469180525825;1.8872912801484227;2.5122724765581905;0.23986738957072132;0.3071193898273948
DS_OCUPACAO;03_medio_alto;Patrimônio médio-alto - imobiliário concentrado com financeiro e societário;ARQUITETO;2;392;0.00510204081632653;0.0034406488080609486;0.0024150611998463144;1.482871720116618;2.1125927643784785;0.16613920082655817;0.26869796164802157
DS_OCUPACAO;03_medio_alto;Patrimônio médio-alto - imobiliário concentrado com financeiro e societário;ESTUDANTE, BOLSISTA, ESTAGIÁRIO E ASSEMELHADOS;2;392;0.00510204081632653;0.0022118456623248955;0.006751193808661288;2.306689342403628;0.7557242409158784;0.28901951540016346;-0.16491529923347578
DS_OCUPACAO;03_medio_alto;Patrimônio médio-alto - imobiliário concentrado com financeiro e societário;PROFESSOR DE ENSINO DE PRIMEIRO E SEGUNDO GRAUS;2;392;0.00510204081632653;0.0034406488080609486;0.0036225917997694712;1.482871720116618;1.408395176252319;0.16613920082655817;0.1479449016557059
DS_OCUPACAO;03_medio_alto;Patrimônio médio-alto - imobiliário concentrado com financeiro e societário;PROFESSOR DE ENSINO FUNDAMENTAL;2;392;0.00510204081632653;0.009338903907594004;0.0110324386629343;0.5463211600429645;0.4624581175753883;-0.42368630912674743;-0.593039784660777
DS_OCUPACAO;03_medio_alto;Patrimônio médio-alto - imobiliário concentrado com financeiro e societário;PROFESSOR E INSTRUTOR DE FORMAÇÃO PROFISSIONAL;2;392;0.00510204081632653;0.004423691324649791;0.004281244854273012;1.153344671201814;1.1917189952904237;0.06783494916767392;0.08207959620535185
DS_OCUPACAO;03_medio_alto;Patrimônio médio-alto - imobiliário concentrado com financeiro e societário;SACERDOTE OU MEMBRO DE ORDEM OU SEITA RELIGIOSA;2;392;0.00510204081632653;0.0034406488080609486;0.003951918327021241;1.482871720116618;1.2910289115646258;0.16613920082655817;0.11501224893052889
DS_OCUPACAO;03_medio_alto;Patrimônio médio-alto - imobiliário concentrado com financeiro e societário;SERVIDOR PÚBLICO CIVIL APOSENTADO;2;392;0.00510204081632653;0.007618579503563529;0.006366979526867556;0.6696840026333114;0.8013282899366643;-0.2516538687236999;-0.12649387105410254
DS_OCUPACAO;03_medio_alto;Patrimônio médio-alto - imobiliário concentrado com financeiro e societário;SOCIÓLOGO;2;392;0.00510204081632653;0.001966085033177685;0.001427081618091004;2.595025510204082;3.575156985871271;0.31359557831488455;0.3674959198235526
DS_OCUPACAO;03_medio_alto;Patrimônio médio-alto - imobiliário concentrado com financeiro e societário;AGENTE ADMINISTRATIVO;1;392;0.002551020408163265;0.001966085033177685;0.002799275481640046;1.297512755102041;0.9113145258103241;0.05849353749855803;-0.024825507347678084
DS_OCUPACAO;03_medio_alto;Patrimônio médio-alto - imobiliário concentrado com financeiro e societário;AGRICULTOR;1;392;0.002551020408163265;0.009338903907594004;0.009550469290301334;0.27316058002148225;0.2671094299788881;-0.6787883499430739;-0.699944888213807
DS_OCUPACAO;03_medio_alto;Patrimônio médio-alto - imobiliário concentrado com financeiro e societário;AGRÔNOMO;1;392;0.002551020408163265;0.0014745637748832638;0.0016466326362588506;1.7300170068027207;1.549234693877551;0.10764566332800013;0.09043877719044145
DS_OCUPACAO;03_medio_alto;Patrimônio médio-alto - imobiliário concentrado com financeiro e societário;ASSISTENTE SOCIAL;1;392;0.002551020408163265;0.005406733841238634;0.006202316263241671;0.4718228200371057;0.41130124616218167;-0.28557134330753686;-0.3651295855078406
DS_OCUPACAO;03_medio_alto;Patrimônio médio-alto - imobiliário concentrado com financeiro e societário;ATLETA PROFISSIONAL E TÉCNICO EM DESPORTOS;1;392;0.002551020408163265;0.0007372818874416319;0.0007684285635874636;3.4600340136054415;3.319788629737609;0.18137385207216333;0.17825918445758016
DS_OCUPACAO;03_medio_alto;Patrimônio médio-alto - imobiliário concentrado com financeiro e societário;BOMBEIRO MILITAR;1;392;0.002551020408163265;0.005898255099533055;0.004281244854273012;0.4325042517006802;0.5958594976452118;-0.33472346913697903;-0.17302244461097466
DS_OCUPACAO;03_medio_alto;Patrimônio médio-alto - imobiliário concentrado com financeiro e societário;CABELEIREIRO E BARBEIRO;1;392;0.002551020408163265;0.0017203244040304743;0.003018826499807893;1.482871720116618;0.8450371057513913;0.08306960041327908;-0.04678060916446279
DS_OCUPACAO;03_medio_alto;Patrimônio médio-alto - imobiliário concentrado com financeiro e societário;COMERCIÁRIO;1;392;0.002551020408163265;0.0014745637748832638;0.001262418354465119;1.7300170068027207;2.020740905057675;0.10764566332800013;0.12886020536981463
DS_OCUPACAO;03_medio_alto;Patrimônio médio-alto - imobiliário concentrado com financeiro e societário;DONA DE CASA;1;392;0.002551020408163265;0.00393217006635537;0.004830122399692629;0.6487563775510204;0.5281481910946196;-0.13811496581921046;-0.22791019915293637
DS_OCUPACAO;03_medio_alto;Patrimônio médio-alto - imobiliário concentrado com financeiro e societário;ECONOMISTA;1;392;0.002551020408163265;0.0034406488080609486;0.004610571381524782;0.741435860058309;0.5532981049562681;-0.08896283998976835;-0.20595509733615172
DS_OCUPACAO;03_medio_alto;Patrimônio médio-alto - imobiliário concentrado com financeiro e societário;ENFERMEIRO;1;392;0.002551020408163265;0.00860162202015237;0.008617377463087985;0.2965743440233236;0.29603210711036004;-0.6050601611989106;-0.606635705492472
DS_OCUPACAO;03_medio_alto;Patrimônio médio-alto - imobiliário concentrado com financeiro e societário;FARMACÊUTICO;1;392;0.002551020408163265;0.003194888178913738;0.002524836708930238;0.798469387755102;1.0103704525288375;-0.06438677707504728;0.0026183699233027317
DS_OCUPACAO;03_medio_alto;Patrimônio médio-alto - imobiliário concentrado com financeiro e societário;FISIOTERAPEUTA E TERAPEUTA OCUPACIONAL;1;392;0.002551020408163265;0.002457606291472106;0.002524836708930238;1.0380102040816326;1.0103704525288375;0.00934141166911589;0.0026183699233027317
DS_OCUPACAO;03_medio_alto;Patrimônio médio-alto - imobiliário concentrado com financeiro e societário;GERENTE;1;392;0.002551020408163265;0.0029491275497665276;0.003018826499807893;0.8650085034013604;0.8450371057513913;-0.03981071416032625;-0.04678060916446279
DS_OCUPACAO;03_medio_alto;Patrimônio médio-alto - imobiliário concentrado com financeiro e societário;GOVERNADOR;1;392;0.002551020408163265;0.0002457606291472106;0.0007684285635874636;10.380102040816327;3.319788629737609;0.23052597790160545;0.17825918445758016
DS_OCUPACAO;03_medio_alto;Patrimônio médio-alto - imobiliário concentrado com financeiro e societário;GUIA DE TURISMO;1;392;0.002551020408163265;0.0004915212582944212;0.000713540809045502;5.190051020408164;3.575156985871271;0.20594991498688442;0.1837479599117763
DS_OCUPACAO;03_medio_alto;Patrimônio médio-alto - imobiliário concentrado com financeiro e societário;LOCUTOR E COMENTARISTA DE RÁDIO E TELEVISÃO E RADIALISTA;1;392;0.002551020408163265;0.0034406488080609486;0.003512816290685548;0.741435860058309;0.726203762755102;-0.08896283998976835;-0.09617958825222828
DS_OCUPACAO;03_medio_alto;Patrimônio médio-alto - imobiliário concentrado com financeiro e societário;MILITAR REFORMADO;1;392;0.002551020408163265;0.013762595232243794;0.010154234590262913;0.18535896501457724;0.25122724765581905;-1.121157482408053;-0.7603214182099648
DS_OCUPACAO;03_medio_alto;Patrimônio médio-alto - imobiliário concentrado com financeiro e societário;MÚSICO;1;392;0.002551020408163265;0.0029491275497665276;0.002799275481640046;0.8650085034013604;0.9113145258103241;-0.03981071416032625;-0.024825507347678084
DS_OCUPACAO;03_medio_alto;Patrimônio médio-alto - imobiliário concentrado com financeiro e societário;NUTRICIONISTA E ASSEMELHADOS;1;392;0.002551020408163265;0.0017203244040304743;0.0010977550908392337;1.482871720116618;2.323852040816327;0.08306960041327908;0.14532653173240315
DS_OCUPACAO;03_medio_alto;Patrimônio médio-alto - imobiliário concentrado com financeiro e societário;PRODUTOR AGROPECUÁRIO;1;392;0.002551020408163265;0.004423691324649791;0.004830122399692629;0.576672335600907;0.5281481910946196;-0.1872670916486526;-0.22791019915293637
DS_OCUPACAO;03_medio_alto;Patrimônio médio-alto - imobiliário concentrado com financeiro e societário;PRODUTOR DE ESPETÁCULOS PÚBLICOS;1;392;0.002551020408163265;0.001228803145736053;0.0009330918272133488;2.076020408163265;2.733943577430972;0.1322217262427212;0.16179285809499164
DS_OCUPACAO;03_medio_alto;Patrimônio médio-alto - imobiliário concentrado com financeiro e societário;PROGRAMADOR DE COMPUTADOR;1;392;0.002551020408163265;0.0009830425165888424;0.00032932652725177014;2.595025510204082;7.746173469387754;0.15679778915744227;0.2221693880911495
DS_OCUPACAO;03_medio_alto;Patrimônio médio-alto - imobiliário concentrado com financeiro e societário;PUBLICITÁRIO;1;392;0.002551020408163265;0.002457606291472106;0.0031286020088918164;1.0380102040816326;0.8153866809881847;0.00934141166911589;-0.05775816007285513
DS_OCUPACAO;03_medio_alto;Patrimônio médio-alto - imobiliário concentrado com financeiro e societário;REPRESENTANTE COMERCIAL;1;392;0.002551020408163265;0.003194888178913738;0.0031286020088918164;0.798469387755102;0.8153866809881847;-0.06438677707504728;-0.05775816007285513
DS_OCUPACAO;03_medio_alto;Patrimônio médio-alto - imobiliário concentrado com financeiro e societário;SENADOR;1;392;0.002551020408163265;0.0009830425165888424;0.0017015203908008123;2.595025510204082;1.4992593811718236;0.15679778915744227;0.08495000173624528
DS_OCUPACAO;03_medio_alto;Patrimônio médio-alto - imobiliário concentrado com financeiro e societário;VENDEDOR DE COMÉRCIO VAREJISTA E ATACADISTA;1;392;0.002551020408163265;0.0022118456623248955;0.003348153027059663;1.153344671201814;0.7619187019069922;0.03391747458383696;-0.0797132618896398
DS_OCUPACAO;03_medio_alto;Patrimônio médio-alto - imobiliário concentrado com financeiro e societário;VENDEDOR PRACISTA, REPRESENTANTE, CAIXEIRO-VIAJANTE E ASSEMELHADOS;1;392;0.002551020408163265;0.001228803145736053;0.0020308469180525825;2.076020408163265;1.2561362382790953;0.1322217262427212;0.05201734901106826
DS_OCUPACAO;03_medio_alto;Patrimônio médio-alto - imobiliário concentrado com financeiro e societário;VETERINÁRIO;1;392;0.002551020408163265;0.002703366920619317;0.002250397936220429;0.9436456400742114;1.1335863613738177;-0.01523465124560518;0.03006224719428359
DS_OCUPACAO;03_medio_alto;Patrimônio médio-alto - veicular diversificado;EMPRESÁRIO;93;398;0.23366834170854273;0.13099041533546327;0.1444096821999012;1.7838583159700943;1.6180933172132042;10.267792637307945;8.925865950864154
DS_OCUPACAO;03_medio_alto;Patrimônio médio-alto - veicular diversificado;DEPUTADO;49;398;0.12311557788944724;0.06316048169083313;0.05757725451451781;1.9492501417593806;2.138267601113288;5.995509619861411;6.553832337492943
DS_OCUPACAO;03_medio_alto;Patrimônio médio-alto - veicular diversificado;ADVOGADO;43;398;0.10804020100502512;0.10592283116244777;0.08858883583072616;1.0199897398827082;1.2195690347649026;0.2117369842577349;1.9451365174298962
DS_OCUPACAO;03_medio_alto;Patrimônio médio-alto - veicular diversificado;OUTROS;28;398;0.07035175879396985;0.09437208159252888;0.12239969262857457;0.7454721524288107;0.5747707145593438;-2.4020322798559035;-5.204793383460473
DS_OCUPACAO;03_medio_alto;Patrimônio médio-alto - veicular diversificado;VEREADOR;27;398;0.0678391959798995;0.06045711477021381;0.05055162193314672;1.1221044245618337;1.341978622755471;0.7382081209685691;1.7287574046752783
DS_OCUPACAO;03_medio_alto;Patrimônio médio-alto - veicular diversificado;MÉDICO;16;398;0.04020100502512563;0.030965839272548538;0.0345243976068939;1.2982372178352077;1.164423069241278;0.9235165752577091;0.5676607418231727
DS_OCUPACAO;03_medio_alto;Patrimônio médio-alto - veicular diversificado;ENGENHEIRO;12;398;0.03015075376884422;0.01646596215286311;0.016027224326252813;1.8310957773944347;1.8812211743649756;1.368479161598111;1.4123529442591407
DS_OCUPACAO;03_medio_alto;Patrimônio médio-alto - veicular diversificado;SERVIDOR PÚBLICO ESTADUAL;12;398;0.03015075376884422;0.040304743180142544;0.031011581316208355;0.7480696163745556;0.9722417396718103;-1.0153989411298323;-0.08608275473641347
DS_OCUPACAO;03_medio_alto;Patrimônio médio-alto - veicular diversificado;ADMINISTRADOR;11;398;0.02763819095477387;0.030474318014254115;0.03271310170700917;0.9069338628627007;0.8448661090688341;-0.28361270594802446;-0.5074910752235297
DS_OCUPACAO;03_medio_alto;Patrimônio médio-alto - veicular diversificado;COMERCIANTE;10;398;0.02512562814070352;0.020889653477512902;0.022833305889456063;1.2027785988767368;1.10039379590259;0.4235974663190617;0.22923222512474561
DS_OCUPACAO;03_medio_alto;Patrimônio médio-alto - veicular diversificado;JORNALISTA E REDATOR;10;398;0.02512562814070352;0.020152371590071272;0.014764805971787694;1.2467826939575928;1.701724234555678;0.4973256550632247;1.0360822168915824
DS_OCUPACAO;03_medio_alto;Patrimônio médio-alto - veicular diversificado;APOSENTADO (EXCETO SERVIDOR PÚBLICO);8;398;0.020100502512562814;0.033423445564020646;0.029474724189033425;0.6013892994383683;0.6819572723954971;-1.3322943051457832;-0.9374221676470611
DS_OCUPACAO;03_medio_alto;Patrimônio médio-alto - veicular diversificado;SERVIDOR PÚBLICO FEDERAL;7;398;0.017587939698492462;0.020889653477512902;0.01492946923541358;0.8419450192137157;1.1780686520839492;-0.330171377902044;0.2658470463078882
DS_OCUPACAO;03_medio_alto;Patrimônio médio-alto - veicular diversificado;POLICIAL MILITAR;5;398;0.01256281407035176;0.033423445564020646;0.0305175915253307;0.3758683121489802;0.41165811069737174;-2.086063149366889;-1.795477745497894
DS_OCUPACAO;03_medio_alto;Patrimônio médio-alto - veicular diversificado;PROFESSOR DE ENSINO MÉDIO;5;398;0.01256281407035176;0.020889653477512902;0.01855206103518305;0.6013892994383684;0.6771654128631324;-0.8326839407161143;-0.598924696483129
DS_OCUPACAO;03_medio_alto;Patrimônio médio-alto - veicular diversificado;MILITAR REFORMADO;4;398;0.010050251256281407;0.013762595232243794;0.010154234590262913;0.7302584350323044;0.9897596088550862;-0.3712343975962387;-0.010398333398150585
DS_OCUPACAO;03_medio_alto;Patrimônio médio-alto - veicular diversificado;PROFESSOR DE ENSINO FUNDAMENTAL;4;398;0.010050251256281407;0.009338903907594004;0.0110324386629343;1.0761703253107642;0.910972774319358;0.07113473486874029;-0.09821874066528927
DS_OCUPACAO;03_medio_alto;Patrimônio médio-alto - veicular diversificado;ENFERMEIRO;3;398;0.007537688442211055;0.00860162202015237;0.008617377463087985;0.8763101220387653;0.8747079345773453;-0.10639335779413159;-0.10796890208769304
DS_OCUPACAO;03_medio_alto;Patrimônio médio-alto - veicular diversificado;PECUARISTA;3;398;0.007537688442211055;0.0017203244040304743;0.0032383775179757397;4.381550610193826;2.327612639468529;0.581736403818058;0.42993109242353156
DS_OCUPACAO;03_medio_alto;Patrimônio médio-alto - veicular diversificado;POLICIAL CIVIL;3;398;0.007537688442211055;0.012288031457360531;0.007958724408584444;0.6134170854271357;0.9470975567492635;-0.47503430151494763;-0.042103596637338946
DS_OCUPACAO;03_medio_alto;Patrimônio médio-alto - veicular diversificado;PROFESSOR DE ENSINO SUPERIOR;3;398;0.007537688442211055;0.01941508970262964;0.015039244744497502;0.38823866166274407;0.5012012617833694;-1.1877401260418583;-0.7501556302286447
DS_OCUPACAO;03_medio_alto;Patrimônio médio-alto - veicular diversificado;ASSISTENTE SOCIAL;2;398;0.005025125628140704;0.005406733841238634;0.006202316263241671;0.929419826404751;0.8102014497265086;-0.03816082130979302;-0.11771906351009673
DS_OCUPACAO;03_medio_alto;Patrimônio médio-alto - veicular diversificado;CANTOR E COMPOSITOR;2;398;0.005025125628140704;0.0017203244040304743;0.0023601734453043526;2.9210337401292175;2.129134042304546;0.3304801224110229;0.2664952182836351
DS_OCUPACAO;03_medio_alto;Patrimônio médio-alto - veicular diversificado;ECONOMISTA;2;398;0.005025125628140704;0.0034406488080609486;0.004610571381524782;1.4605168700646087;1.0899138549892318;0.1584476820079755;0.04145542466159214
DS_OCUPACAO;03_medio_alto;Patrimônio médio-alto - veicular diversificado;FISIOTERAPEUTA E TERAPEUTA OCUPACIONAL;2;398;0.005025125628140704;0.002457606291472106;0.002524836708930238;2.0447236180904524;1.9902774743281624;0.2567519336668597;0.2500288919210466
DS_OCUPACAO;03_medio_alto;Patrimônio médio-alto - veicular diversificado;LOCUTOR E COMENTARISTA DE RÁDIO E TELEVISÃO E RADIALISTA;2;398;0.005025125628140704;0.0034406488080609486;0.003512816290685548;1.4605168700646087;1.430511934673367;0.1584476820079755;0.15123093374551558
DS_OCUPACAO;03_medio_alto;Patrimônio médio-alto - veicular diversificado;MÚSICO;2;398;0.005025125628140704;0.0029491275497665276;0.002799275481640046;1.7039363484087102;1.7951522317469704;0.2075998078374176;0.22258501465006578
DS_OCUPACAO;03_medio_alto;Patrimônio médio-alto - veicular diversificado;ODONTÓLOGO;2;398;0.005025125628140704;0.00786434013271074;0.006092540754157747;0.6389761306532664;0.8247996740459053;-0.28392145045700357;-0.10674151260170435
DS_OCUPACAO;03_medio_alto;Patrimônio médio-alto - veicular diversificado;PROFESSOR E INSTRUTOR DE FORMAÇÃO PROFISSIONAL;2;398;0.005025125628140704;0.004423691324649791;0.004281244854273012;1.135957565605807;1.173753382296096;0.06014343034909126;0.07438807738676918
DS_OCUPACAO;03_medio_alto;Patrimônio médio-alto - veicular diversificado;PUBLICITÁRIO;2;398;0.005025125628140704;0.002457606291472106;0.0031286020088918164;2.0447236180904524;1.6061888389314996;0.2567519336668597;0.1896523619248887
DS_OCUPACAO;03_medio_alto;Patrimônio médio-alto - veicular diversificado;REPRESENTANTE COMERCIAL;2;398;0.005025125628140704;0.003194888178913738;0.0031286020088918164;1.5728643216080402;1.6061888389314996;0.18302374492269657;0.1896523619248887
DS_OCUPACAO;03_medio_alto;Patrimônio médio-alto - veicular diversificado;VETERINÁRIO;2;398;0.005025125628140704;0.002703366920619317;0.002250397936220429;1.858839652809502;2.2329942394901336;0.23217587075213866;0.27747276919202746
DS_OCUPACAO;03_medio_alto;Patrimônio médio-alto - veicular diversificado;AGRICULTOR;1;398;0.002512562814070352;0.009338903907594004;0.009550469290301334;0.26904258132769104;0.2630826546525732;-0.6826341093523652;-0.7037906476230982
DS_OCUPACAO;03_medio_alto;Patrimônio médio-alto - veicular diversificado;AGRÔNOMO;1;398;0.002512562814070352;0.0014745637748832638;0.0016466326362588506;1.7039363484087102;1.5258793969849247;0.1037999039187088;0.08659301778115013
DS_OCUPACAO;03_medio_alto;Patrimônio médio-alto - veicular diversificado;ARQUITETO;1;398;0.002512562814070352;0.0034406488080609486;0.0024150611998463144;0.7302584350323044;1.040372316126085;-0.09280859939905968;0.009750161422403735
DS_OCUPACAO;03_medio_alto;Patrimônio médio-alto - veicular diversificado;ATOR E DIRETOR DE ESPETÁCULOS PÚBLICOS;1;398;0.002512562814070352;0.0014745637748832638;0.0013173061090070806;1.7039363484087102;1.9073492462311556;0.1037999039187088;0.11952567050632712
DS_OCUPACAO;03_medio_alto;Patrimônio médio-alto - veicular diversificado;DIRETOR DE ESTABELECIMENTO DE ENSINO;1;398;0.002512562814070352;0.0002457606291472106;0.0005488775454196168;10.223618090452263;4.577638190954774;0.22668021849231412;0.1963685268650735
DS_OCUPACAO;03_medio_alto;Patrimônio médio-alto - veicular diversificado;DONA DE CASA;1;398;0.002512562814070352;0.00393217006635537;0.004830122399692629;0.6389761306532664;0.5201861580630425;-0.14196072522850178;-0.23175595856222772
DS_OCUPACAO;03_medio_alto;Patrimônio médio-alto - veicular diversificado;ESCRITOR E CRÍTICO;1;398;0.002512562814070352;0.0009830425165888424;0.000713540809045502;2.5559045226130657;3.5212601468882876;0.15295202974815095;0.17990220050248498
DS_OCUPACAO;03_medio_alto;Patrimônio médio-alto - veicular diversificado;GERENTE;1;398;0.002512562814070352;0.0029491275497665276;0.003018826499807893;0.8519681742043551;0.8322978529008679;-0.04365647356961758;-0.050626368573754126
DS_OCUPACAO;03_medio_alto;Patrimônio médio-alto - veicular diversificado;MOTORISTA DE VEÍCULOS DE TRANSPORTE DE CARGA;1;398;0.002512562814070352;0.002703366920619317;0.002469948954388276;0.929419826404751;1.0172529313232832;-0.01908041065489651;0.00426138596820759
DS_OCUPACAO;03_medio_alto;Patrimônio médio-alto - veicular diversificado;MOTORISTA PARTICULAR;1;398;0.002512562814070352;0.004915212582944212;0.00521433668148636;0.5111809045226131;0.4818566516794499;-0.24026497688738607;-0.27017738674160086
DS_OCUPACAO;03_medio_alto;Patrimônio médio-alto - veicular diversificado;NUTRICIONISTA E ASSEMELHADOS;1;398;0.002512562814070352;0.0017203244040304743;0.0010977550908392337;1.4605168700646087;2.288819095477387;0.07922384100398774;0.14148077232311182
DS_OCUPACAO;03_medio_alto;Patrimônio médio-alto - veicular diversificado;PEDAGOGO;1;398;0.002512562814070352;0.005160973212091423;0.004994785663318514;0.48683895668820293;0.5030371638411839;-0.2648410398021071;-0.24822228492481618
DS_OCUPACAO;03_medio_alto;Patrimônio médio-alto - veicular diversificado;PESCADOR;1;398;0.002512562814070352;0.0009830425165888424;0.000713540809045502;2.5559045226130657;3.5212601468882876;0.15295202974815095;0.17990220050248498
DS_OCUPACAO;03_medio_alto;Patrimônio médio-alto - veicular diversificado;PRODUTOR AGROPECUÁRIO;1;398;0.002512562814070352;0.004423691324649791;0.004830122399692629;0.5679787828029035;0.5201861580630425;-0.19111285105794393;-0.23175595856222772
DS_OCUPACAO;03_medio_alto;Patrimônio médio-alto - veicular diversificado;PROGRAMADOR DE COMPUTADOR;1;398;0.002512562814070352;0.0009830425165888424;0.00032932652725177014;2.5559045226130657;7.629396984924623;0.15295202974815095;0.21832362868185817
DS_OCUPACAO;03_medio_alto;Patrimônio médio-alto - veicular diversificado;PSICÓLOGO;1;398;0.002512562814070352;0.0036864094372081593;0.0034579285361435864;0.6815745393634841;0.726609236659488;-0.11738466231378075;-0.09453657220732346
DS_OCUPACAO;03_medio_alto;Patrimônio médio-alto - veicular diversificado;SERVIDOR PÚBLICO CIVIL APOSENTADO;1;398;0.002512562814070352;0.007618579503563529;0.006366979526867556;0.32979413195007296;0.39462398197885984;-0.5106016689493178;-0.3854416712797204
DS_OCUPACAO;03_medio_alto;Patrimônio médio-alto - veicular diversificado;SERVIDOR PÚBLICO MUNICIPAL;1;398;0.002512562814070352;0.01867780781518801;0.017948295735221474;0.13452129066384552;0.1399889355032041;-1.6165245001117656;-1.5435732921151122
DS_OCUPACAO;03_medio_alto;Patrimônio médio-alto - veicular diversificado;TÉCNICO DE ELETRICIDADE, ELETRÔNICA E TELECOMUNICAÇÕES;1;398;0.002512562814070352;0.001228803145736053;0.001042867336297272;2.0447236180904524;2.4092832583972497;0.12837596683342986;0.14696954777730797
DS_OCUPACAO;03_medio_alto;Patrimônio médio-alto - veicular diversificado;ZOOTECNISTA;1;398;0.002512562814070352;0.0002457606291472106;0.00016466326362588507;10.223618090452263;15.258793969849245;0.22668021849231412;0.23478995504444666
DS_OCUPACAO;02_medio_baixo;Patrimônio médio-baixo - imobiliário concentrado com financeiro e societário;ADVOGADO;39;289;0.13494809688581316;0.07381748686096512;0.08858883583072616;1.8281318238317603;1.5233081642891142;6.113061002484804;4.6359261055087
DS_OCUPACAO;02_medio_baixo;Patrimônio médio-baixo - imobiliário concentrado com financeiro e societário;EMPRESÁRIO;25;289;0.08650519031141868;0.12804586717630195;0.1444096821999012;0.6755797138873109;0.5990262494426974;-4.154067686488327;-5.790449188848251
DS_OCUPACAO;02_medio_baixo;Patrimônio médio-baixo - imobiliário concentrado com financeiro e societário;OUTROS;25;289;0.08650519031141868;0.13999044433827043;0.12239969262857457;0.6179363935897586;0.7067435256877743;-5.348525402685175;-3.589450231715589
DS_OCUPACAO;02_medio_baixo;Patrimônio médio-baixo - imobiliário concentrado com financeiro e societário;VEREADOR;24;289;0.08304498269896193;0.05924510272336359;0.05055162193314672;1.4017189418461882;1.6427758303934716;2.379987997559834;3.2493360765815216
DS_OCUPACAO;02_medio_baixo;Patrimônio médio-baixo - imobiliário concentrado com financeiro e societário;DEPUTADO;23;289;0.07958477508650519;0.027472527472527472;0.05757725451451781;2.896885813148789;1.3822259459495119;5.211224761397772;2.200752057198738
DS_OCUPACAO;02_medio_baixo;Patrimônio médio-baixo - imobiliário concentrado com financeiro e societário;ADMINISTRADOR;12;289;0.04152249134948097;0.03511705685618729;0.03271310170700917;1.1824023727137913;1.2692923991546874;0.6405434493293678;0.8809389642471799
DS_OCUPACAO;02_medio_baixo;Patrimônio médio-baixo - imobiliário concentrado com financeiro e societário;APOSENTADO (EXCETO SERVIDOR PÚBLICO);10;289;0.03460207612456748;0.03487816531294792;0.029474724189033425;0.9920841825852018;1.1739575882932867;-0.02760891883804434;0.5127351935534051
DS_OCUPACAO;02_medio_baixo;Patrimônio médio-baixo - imobiliário concentrado com financeiro e societário;PROFESSOR DE ENSINO SUPERIOR;8;289;0.02768166089965398;0.017200191113234592;0.015039244744497502;1.6093810073048826;1.8406283939080141;1.0481469786419388;1.2642416155156477
DS_OCUPACAO;02_medio_baixo;Patrimônio médio-baixo - imobiliário concentrado com financeiro e societário;SERVIDOR PÚBLICO MUNICIPAL;8;289;0.02768166089965398;0.02150023889154324;0.017948295735221474;1.2875048058439063;1.5423002444366845;0.618142200811074;0.9733365164432507
DS_OCUPACAO;02_medio_baixo;Patrimônio médio-baixo - imobiliário concentrado com financeiro e societário;JORNALISTA E REDATOR;7;289;0.02422145328719723;0.01839464882943144;0.014764805971787694;1.3167662787039949;1.6404857153882764;0.5826804457765792;0.9456647315409538
DS_OCUPACAO;02_medio_baixo;Patrimônio médio-baixo - imobiliário concentrado com financeiro e societário;MÉDICO;7;289;0.02422145328719723;0.016244624940277116;0.0345243976068939;1.4910441685324647;0.7015749720817908;0.7976828346920116;-1.030294431969667
DS_OCUPACAO;02_medio_baixo;Patrimônio médio-baixo - imobiliário concentrado com financeiro e societário;PROFESSOR DE ENSINO MÉDIO;7;289;0.02422145328719723;0.022694696607740088;0.01855206103518305;1.0672737206337644;1.3055936610634509;0.1526756679457144;0.5669392252014183
DS_OCUPACAO;02_medio_baixo;Patrimônio médio-baixo - imobiliário concentrado com financeiro e societário;SERVIDOR PÚBLICO ESTADUAL;7;289;0.02422145328719723;0.037267080745341616;0.031011581316208355;0.6499423298731257;0.7810454113972501;-1.3045627458144384;-0.6790128029011123
DS_OCUPACAO;02_medio_baixo;Patrimônio médio-baixo - imobiliário concentrado com financeiro e societário;COMERCIANTE;5;289;0.01730103806228374;0.026516961299569996;0.022833305889456063;0.6524517597181957;0.7577106068671813;-0.9215923237286258;-0.5532267827172324
DS_OCUPACAO;02_medio_baixo;Patrimônio médio-baixo - imobiliário concentrado com financeiro e societário;ASSISTENTE SOCIAL;4;289;0.01384083044982699;0.008122312470138558;0.006202316263241671;1.704050478322817;2.2315583182778576;0.5718517979688432;0.7638514186585319
DS_OCUPACAO;02_medio_baixo;Patrimônio médio-baixo - imobiliário concentrado com financeiro e societário;CORRETOR DE IMÓVEIS, SEGUROS, TÍTULOS E VALORES;4;289;0.01384083044982699;0.009316770186335404;0.008672265217629947;1.4855824682814303;1.5959879111734045;0.4524060263491586;0.5168565232197043
DS_OCUPACAO;02_medio_baixo;Patrimônio médio-baixo - imobiliário concentrado com financeiro e societário;ENGENHEIRO;4;289;0.01384083044982699;0.012900143334925944;0.016027224326252813;1.0729206715365884;0.8635824998814998;0.09406871149010461;-0.21863938764258226
DS_OCUPACAO;02_medio_baixo;Patrimônio médio-baixo - imobiliário concentrado com financeiro e societário;AGENTE ADMINISTRATIVO;3;289;0.010380622837370242;0.004777830864787387;0.002799275481640046;2.1726643598615913;3.7083248524323222;0.5602791972582855;0.7581347355730196
DS_OCUPACAO;02_medio_baixo;Patrimônio médio-baixo - imobiliário concentrado com financeiro e societário;BANCÁRIO E ECONOMIÁRIO;3;289;0.010380622837370242;0.0033444816053511705;0.003348153027059663;3.1038062283737022;3.1004027454762038;0.7036141232019072;0.7032469810310579
DS_OCUPACAO;02_medio_baixo;Patrimônio médio-baixo - imobiliário concentrado com financeiro e societário;ENFERMEIRO;3;289;0.010380622837370242;0.009316770186335404;0.008617377463087985;1.1141868512110726;1.2046150794525377;0.10638526510348377;0.17632453742822563
DS_OCUPACAO;02_medio_baixo;Patrimônio médio-baixo - imobiliário concentrado com financeiro e societário;POLICIAL CIVIL;3;289;0.010380622837370242;0.005972288580984233;0.007958724408584444;1.7381314878892733;1.3043073618899892;0.44083342563860084;0.24218984287857973
DS_OCUPACAO;02_medio_baixo;Patrimônio médio-baixo - imobiliário concentrado com financeiro e societário;POLICIAL MILITAR;3;289;0.010380622837370242;0.03153368370759675;0.0305175915253307;0.3291915696759987;0.3401520997734684;-2.115306087022651;-2.0136968687960457
DS_OCUPACAO;02_medio_baixo;Patrimônio médio-baixo - imobiliário concentrado com financeiro e societário;SACERDOTE OU MEMBRO DE ORDEM OU SEITA RELIGIOSA;3;289;0.010380622837370242;0.004300047778308648;0.003951918327021241;2.414071510957324;2.6267301038062283;0.6080575059061594;0.6428704510349
DS_OCUPACAO;02_medio_baixo;Patrimônio médio-baixo - imobiliário concentrado com financeiro e societário;SERVIDOR PÚBLICO CIVIL APOSENTADO;3;289;0.010380622837370242;0.00692785475394171;0.006366979526867556;1.4983892136976495;1.6303842023624866;0.3452768083428532;0.4013643310502686
DS_OCUPACAO;02_medio_baixo;Patrimônio médio-baixo - imobiliário concentrado com financeiro e societário;AUXILIAR DE ESCRITÓRIO E ASSEMELHADOS;2;289;0.006920415224913495;0.002866698518872432;0.002799275481640046;2.4140715109573243;2.472216568288215;0.4053716706041063;0.4121139743273449
DS_OCUPACAO;02_medio_baixo;Patrimônio médio-baixo - imobiliário concentrado com financeiro e societário;ECONOMISTA;2;289;0.006920415224913495;0.00358337314859054;0.004610571381524782;1.9312572087658593;1.5009886307464162;0.3337042076322955;0.23098438433887128
DS_OCUPACAO;02_medio_baixo;Patrimônio médio-baixo - imobiliário concentrado com financeiro e societário;GERENTE;2;289;0.006920415224913495;0.004300047778308648;0.003018826499807893;1.6093810073048826;2.2924189996854354;0.2620367446604847;0.3901588725105602
DS_OCUPACAO;02_medio_baixo;Patrimônio médio-baixo - imobiliário concentrado com financeiro e societário;GOVERNADOR;2;289;0.006920415224913495;0.00047778308647873863;0.0007684285635874636;14.484429065743946;9.005931784478499;0.6442632138434756;0.6151986661326031
DS_OCUPACAO;02_medio_baixo;Patrimônio médio-baixo - imobiliário concentrado com financeiro e societário;MILITAR REFORMADO;2;289;0.006920415224913495;0.009077878643096034;0.010154234590262913;0.7623383718812603;0.6815299728794538;-0.21574634181825392;-0.3233819365349418
DS_OCUPACAO;02_medio_baixo;Patrimônio médio-baixo - imobiliário concentrado com financeiro e societário;ODONTÓLOGO;2;289;0.006920415224913495;0.006450071667462972;0.006092540754157747;1.0729206715365884;1.1358832881324232;0.047034355745052304;0.08278744707557478
DS_OCUPACAO;02_medio_baixo;Patrimônio médio-baixo - imobiliário concentrado com financeiro e societário;PRODUTOR AGROPECUÁRIO;2;289;0.006920415224913495;0.00358337314859054;0.004830122399692629;1.9312572087658593;1.4327618748033972;0.3337042076322955;0.2090292825220866
DS_OCUPACAO;02_medio_baixo;Patrimônio médio-baixo - imobiliário concentrado com financeiro e societário;PROFESSOR DE ENSINO DE PRIMEIRO E SEGUNDO GRAUS;2;289;0.006920415224913495;0.004300047778308648;0.0036225917997694712;1.6093810073048826;1.9103491664045298;0.2620367446604847;0.32978234251440236
DS_OCUPACAO;02_medio_baixo;Patrimônio médio-baixo - imobiliário concentrado com financeiro e societário;PROFESSOR DE ENSINO FUNDAMENTAL;2;289;0.006920415224913495;0.013377926421404682;0.0110324386629343;0.5173010380622838;0.6272788307596964;-0.6457511196491187;-0.4112023438020805
DS_OCUPACAO;02_medio_baixo;Patrimônio médio-baixo - imobiliário concentrado com financeiro e societário;PROFESSOR E INSTRUTOR DE FORMAÇÃO PROFISSIONAL;2;289;0.006920415224913495;0.004061156235069279;0.004281244854273012;1.704050478322817;1.6164492946499867;0.2859258989844216;0.26391703706404834
DS_OCUPACAO;02_medio_baixo;Patrimônio médio-baixo - imobiliário concentrado com financeiro e societário;PUBLICITÁRIO;2;289;0.006920415224913495;0.003105590062111801;0.0031286020088918164;2.2283737024221457;2.211983245310508;0.3814825162801694;0.3791813216021679
DS_OCUPACAO;02_medio_baixo;Patrimônio médio-baixo - imobiliário concentrado com financeiro e societário;SERVIDOR PÚBLICO FEDERAL;2;289;0.006920415224913495;0.012900143334925944;0.01492946923541358;0.5364603357682942;0.4635406065540403;-0.5979728110012449;-0.8009054010500085
DS_OCUPACAO;02_medio_baixo;Patrimônio médio-baixo - imobiliário concentrado com financeiro e societário;ANALISTA DE SISTEMAS;1;289;0.0034602076124567475;0.002150023889154324;0.0020308469180525825;1.6093810073048826;1.7038249321986347;0.13101837233024236;0.1429360694404165
DS_OCUPACAO;02_medio_baixo;Patrimônio médio-baixo - imobiliário concentrado com financeiro e societário;BIBLIOTECÁRIO;1;289;0.0034602076124567475;0.00023889154323936931;0.00010977550908392337;14.484429065743946;31.52076124567474;0.3221316069217378;0.3350432103372824
DS_OCUPACAO;02_medio_baixo;Patrimônio médio-baixo - imobiliário concentrado com financeiro e societário;CANTOR E COMPOSITOR;1;289;0.0034602076124567475;0.003105590062111801;0.0023601734453043526;1.1141868512110729;1.4660819184034763;0.03546175503449465;0.1100034167152395
DS_OCUPACAO;02_medio_baixo;Patrimônio médio-baixo - imobiliário concentrado com financeiro e societário;CIENTISTA POLÍTICO;1;289;0.0034602076124567475;0.0011944577161968467;0.0009330918272133488;2.896885813148789;3.7083248524323222;0.22657498962599004;0.2527115785243399
DS_OCUPACAO;02_medio_baixo;Patrimônio médio-baixo - imobiliário concentrado com financeiro e societário;CONTADOR;1;289;0.0034602076124567475;0.007405637840420449;0.007080520335913058;0.46723964728206274;0.4886939728011588;-0.39454302279637016;-0.36203127234563104
DS_OCUPACAO;02_medio_baixo;Patrimônio médio-baixo - imobiliário concentrado com financeiro e societário;ESCRITOR E CRÍTICO;1;289;0.0034602076124567475;0.00047778308647873863;0.000713540809045502;7.242214532871973;4.84934788394996;0.2982424525978009;0.27466668034112457
DS_OCUPACAO;02_medio_baixo;Patrimônio médio-baixo - imobiliário concentrado com financeiro e societário;ESTUDANTE, BOLSISTA, ESTAGIÁRIO E ASSEMELHADOS;1;289;0.0034602076124567475;0.005255613951266125;0.006751193808661288;0.6583831393519975;0.5125327031817031;-0.17954063388093774;-0.32909861962045406
DS_OCUPACAO;02_medio_baixo;Patrimônio médio-baixo - imobiliário concentrado com financeiro e societário;FISIOTERAPEUTA E TERAPEUTA OCUPACIONAL;1;289;0.0034602076124567475;0.002150023889154324;0.002524836708930238;1.6093810073048826;1.3704678802467278;0.13101837233024236;0.09353709035265097
DS_OCUPACAO;02_medio_baixo;Patrimônio médio-baixo - imobiliário concentrado com financeiro e societário;FONOAUDIÓLOGO;1;289;0.0034602076124567475;0.00047778308647873863;0.0005488775454196168;7.242214532871973;6.304152249134949;0.2982424525978009;0.29113300670371306
DS_OCUPACAO;02_medio_baixo;Patrimônio médio-baixo - imobiliário concentrado com financeiro e societário;FOTÓGRAFO E ASSEMELHADOS;1;289;0.0034602076124567475;0.0011944577161968467;0.0009879795817553103;2.896885813148789;3.5023068050749715;0.22657498962599004;0.2472228030701437
DS_OCUPACAO;02_medio_baixo;Patrimônio médio-baixo - imobiliário concentrado com financeiro e societário;GARI OU LIXEIRO;1;289;0.0034602076124567475;0.0011944577161968467;0.0007684285635874636;2.896885813148789;4.502965892239249;0.22657498962599004;0.2691779048869284
DS_OCUPACAO;02_medio_baixo;Patrimônio médio-baixo - imobiliário concentrado com financeiro e societário;HISTORIADOR;1;289;0.0034602076124567475;0.00047778308647873863;0.0004939897908776552;7.242214532871973;7.004613610149943;0.2982424525978009;0.29662178215790924
DS_OCUPACAO;02_medio_baixo;Patrimônio médio-baixo - imobiliário concentrado com financeiro e societário;MOTORISTA PARTICULAR;1;289;0.0034602076124567475;0.006688963210702341;0.00521433668148636;0.5173010380622838;0.6635949735931524;-0.32287555982455934;-0.1754129069029613
DS_OCUPACAO;02_medio_baixo;Patrimônio médio-baixo - imobiliário concentrado com financeiro e societário;PETROLEIRO;1;289;0.0034602076124567475;0.00023889154323936931;0.00016466326362588507;14.484429065743946;21.013840830449826;0.3221316069217378;0.3295544348830862
DS_OCUPACAO;02_medio_baixo;Patrimônio médio-baixo - imobiliário concentrado com financeiro e societário;PORTEIRO DE EDIFÍCIO, ASCENSORISTA, GARAGISTA E ZELADOR;1;289;0.0034602076124567475;0.00047778308647873863;0.000713540809045502;7.242214532871973;4.84934788394996;0.2982424525978009;0.27466668034112457
DS_OCUPACAO;02_medio_baixo;Patrimônio médio-baixo - imobiliário concentrado com financeiro e societário;PSICÓLOGO;1;289;0.0034602076124567475;0.005255613951266125;0.0034579285361435864;0.6583831393519975;1.0006590871642775;-0.17954063388093774;0.00022790763131610818
DS_OCUPACAO;02_medio_baixo;Patrimônio médio-baixo - imobiliário concentrado com financeiro e societário;RELAÇÕES-PÚBLICAS;1;289;0.0034602076124567475;0.0009555661729574773;0.0004939897908776552;3.6211072664359865;7.004613610149943;0.25046414394992705;0.29662178215790924
DS_OCUPACAO;02_medio_baixo;Patrimônio médio-baixo - imobiliário concentrado com financeiro e societário;SECRETÁRIO E DATILÓGRAFO;1;289;0.0034602076124567475;0.001433349259436216;0.0006037652999615786;2.4140715109573243;5.731047499213589;0.20268583530205314;0.2856442312495169
DS_OCUPACAO;02_medio_baixo;Patrimônio médio-baixo - imobiliário concentrado com financeiro e societário;TRABALHADOR METALÚRGICO E SIDERÚRGICO;1;289;0.0034602076124567475;0.0009555661729574773;0.0003842142817937318;3.6211072664359865;9.005931784478499;0.25046414394992705;0.30759933306630155
DS_OCUPACAO;02_medio_baixo;Patrimônio médio-baixo - imobiliário concentrado com financeiro e societário;TÉCNICO CONTABILIDADE, ESTATÍSTICA, ECONOMIA DOMÉSTICA E ADMINISTRAÇÃO;1;289;0.0034602076124567475;0.002150023889154324;0.0015368571271749273;1.6093810073048826;2.2514829461196246;0.13101837233024236;0.19233504852818203
DS_OCUPACAO;02_medio_baixo;Patrimônio médio-baixo - imobiliário concentrado com financeiro e societário;TÉCNICO DE ELETRICIDADE, ELETRÔNICA E TELECOMUNICAÇÕES;1;289;0.0034602076124567475;0.00047778308647873863;0.001042867336297272;7.242214532871973;3.3179748679657624;0.2982424525978009;0.24173402761594756
DS_OCUPACAO;02_medio_baixo;Patrimônio médio-baixo - imobiliário concentrado com financeiro e societário;TÉCNICO DE ENFERMAGEM E ASSEMELHADOS (EXCETO ENFERMEIRO);1;289;0.0034602076124567475;0.005016722408026756;0.0038421428179373183;0.6897347174163784;0.9005931784478497;-0.15565147955700084;-0.03819352054805708
DS_OCUPACAO;02_medio_baixo;Patrimônio médio-baixo - imobiliário concentrado com financeiro e societário;TÉCNICO DE LABORATÓRIO E RAIOS X;1;289;0.0034602076124567475;0.001433349259436216;0.0009330918272133488;2.4140715109573243;3.7083248524323222;0.20268583530205314;0.2527115785243399
DS_OCUPACAO;02_medio_baixo;Patrimônio médio-baixo - imobiliário concentrado com financeiro e societário;VENDEDOR DE COMÉRCIO VAREJISTA E ATACADISTA;1;289;0.0034602076124567475;0.004300047778308648;0.003348153027059663;0.8046905036524413;1.0334675818254013;-0.08398401658519004;0.011205458539708443
DS_OCUPACAO;02_medio_baixo;Patrimônio médio-baixo - imobiliário concentrado com financeiro e societário;VETERINÁRIO;1;289;0.0034602076124567475;0.0019111323459149545;0.002250397936220429;1.8105536332179932;1.5375981095451094;0.1549075266541793;0.12098096762363184
DS_OCUPACAO;02_medio_baixo;Patrimônio médio-baixo - societário + veicular;EMPRESÁRIO;130;326;0.3987730061349693;0.12804586717630195;0.1444096821999012;3.114298141195861;2.7614007597008765;27.072713895866734;25.43633239350681
DS_OCUPACAO;02_medio_baixo;Patrimônio médio-baixo - societário + veicular;OUTROS;28;326;0.08588957055214724;0.13999044433827043;0.12239969262857457;0.6135388094390586;0.701713939860794;-5.410087378612319;-3.651012207642733
DS_OCUPACAO;02_medio_baixo;Patrimônio médio-baixo - societário + veicular;ADVOGADO;26;326;0.07975460122699386;0.07381748686096512;0.08858883583072616;1.0804296463954572;0.9002782402444865;0.5937114366028742;-0.8834234603732296
DS_OCUPACAO;02_medio_baixo;Patrimônio médio-baixo - societário + veicular;MÉDICO;14;326;0.04294478527607362;0.016244624940277116;0.0345243976068939;2.6436304583182966;1.243896729641948;2.6700160335796506;0.842038766917972
DS_OCUPACAO;02_medio_baixo;Patrimônio médio-baixo - societário + veicular;VEREADOR;14;326;0.04294478527607362;0.05924510272336359;0.05055162193314672;0.7248664159905007;0.849523390819528;-1.6300317447289971;-0.7606836657073096
DS_OCUPACAO;02_medio_baixo;Patrimônio médio-baixo - societário + veicular;ADMINISTRADOR;12;326;0.03680981595092025;0.03511705685618729;0.03271310170700917;1.0482033304119196;1.1252316053855973;0.16927590947329596;0.40967142439110804
DS_OCUPACAO;02_medio_baixo;Patrimônio médio-baixo - societário + veicular;COMERCIANTE;10;326;0.03067484662576687;0.026516961299569996;0.022833305889456063;1.1568009727518929;1.3434255545068428;0.4157885326196875;0.7841540736310808
DS_OCUPACAO;02_medio_baixo;Patrimônio médio-baixo - societário + veicular;JORNALISTA E REDATOR;9;326;0.027607361963190184;0.01839464882943144;0.014764805971787694;1.500836586726157;1.869808652815472;0.9212713133758744;1.284255599140249
DS_OCUPACAO;02_medio_baixo;Patrimônio médio-baixo - societário + veicular;DEPUTADO;7;326;0.02147239263803681;0.027472527472527472;0.05757725451451781;0.7815950920245399;0.3729318603168662;-0.6000134834490661;-3.6104861876481
DS_OCUPACAO;02_medio_baixo;Patrimônio médio-baixo - societário + veicular;ENGENHEIRO;6;326;0.018404907975460124;0.012900143334925944;0.016027224326252813;1.4267211997273348;1.1483528027565342;0.550476464053418;0.23776836492073114
DS_OCUPACAO;02_medio_baixo;Patrimônio médio-baixo - societário + veicular;APOSENTADO (EXCETO SERVIDOR PÚBLICO);5;326;0.015337423312883436;0.03487816531294792;0.029474724189033425;0.4397428355323977;0.5203585015594475;-1.9540742000064484;-1.413730087614999
DS_OCUPACAO;02_medio_baixo;Patrimônio médio-baixo - societário + veicular;POLICIAL MILITAR;5;326;0.015337423312883436;0.03153368370759675;0.0305175915253307;0.4863822271797732;0.5025764664342146;-1.6196260394713315;-1.5180168212447265
DS_OCUPACAO;02_medio_baixo;Patrimônio médio-baixo - societário + veicular;CANTOR E COMPOSITOR;3;326;0.009202453987730062;0.003105590062111801;0.0023601734453043526;2.96319018404908;3.899058353545442;0.6096863925618261;0.6842280542425709
DS_OCUPACAO;02_medio_baixo;Patrimônio médio-baixo - societário + veicular;FARMACÊUTICO;3;326;0.009202453987730062;0.0019111323459149545;0.002524836708930238;4.815184049079755;3.6447719391837823;0.7291321641815108;0.6677617278799823
DS_OCUPACAO;02_medio_baixo;Patrimônio médio-baixo - societário + veicular;ODONTÓLOGO;3;326;0.009202453987730062;0.006450071667462972;0.006092540754157747;1.4267211997273348;1.510446028850937;0.275238232026709;0.3109913233572315
DS_OCUPACAO;02_medio_baixo;Patrimônio médio-baixo - societário + veicular;REPRESENTANTE COMERCIAL;3;326;0.009202453987730062;0.005255613951266125;0.0031286020088918164;1.7509760178471836;2.9413948982886664;0.3946840036463937;0.6073851978838246
DS_OCUPACAO;02_medio_baixo;Patrimônio médio-baixo - societário + veicular;SERVIDOR PÚBLICO ESTADUAL;3;326;0.009202453987730062;0.037267080745341616;0.031011581316208355;0.24693251533742333;0.2967424941636354;-2.8064626757611553;-2.1809127328478293
DS_OCUPACAO;02_medio_baixo;Patrimônio médio-baixo - societário + veicular;VENDEDOR DE COMÉRCIO VAREJISTA E ATACADISTA;3;326;0.009202453987730062;0.004300047778308648;0.003348153027059663;2.140081799591002;2.7485165443025243;0.4902406209421414;0.5854300960670399
DS_OCUPACAO;02_medio_baixo;Patrimônio médio-baixo - societário + veicular;CONTADOR;2;326;0.006134969325153374;0.007405637840420449;0.007080520335913058;0.8284187611320009;0.8664574118989871;-0.12706685152670746;-0.09455510107596833
DS_OCUPACAO;02_medio_baixo;Patrimônio médio-baixo - societário + veicular;DIRETOR DE EMPRESAS;2;326;0.006134969325153374;0.0019111323459149545;0.0013173061090070806;3.2101226993865035;4.657208588957055;0.42238369792384195;0.48176632161462934
DS_OCUPACAO;02_medio_baixo;Patrimônio médio-baixo - societário + veicular;ECONOMISTA;2;326;0.006134969325153374;0.00358337314859054;0.004610571381524782;1.7120654396728017;1.3306310254163014;0.2551596176562834;0.1524397943628592
DS_OCUPACAO;02_medio_baixo;Patrimônio médio-baixo - societário + veicular;FERROVIÁRIO;2;326;0.006134969325153374;0.00047778308647873863;0.00010977550908392337;12.840490797546014;55.88650306748467;0.5657186238674635;0.6025193816069451
DS_OCUPACAO;02_medio_baixo;Patrimônio médio-baixo - societário + veicular;FISIOTERAPEUTA E TERAPEUTA OCUPACIONAL;2;326;0.006134969325153374;0.002150023889154324;0.002524836708930238;2.8534423994546696;2.429847959455855;0.39849454359990505;0.3610132616223137
DS_OCUPACAO;02_medio_baixo;Patrimônio médio-baixo - societário + veicular;PEDAGOGO;2;326;0.006134969325153374;0.008600095556617296;0.004994785663318514;0.7133605998636674;1.2282747926919706;-0.24651262314639216;0.11401836618348607
DS_OCUPACAO;02_medio_baixo;Patrimônio médio-baixo - societário + veicular;PRODUTOR AGROPECUÁRIO;2;326;0.006134969325153374;0.00358337314859054;0.004830122399692629;1.7120654396728017;1.2701477969882877;0.2551596176562834;0.13048469254607456
DS_OCUPACAO;02_medio_baixo;Patrimônio médio-baixo - societário + veicular;PROFESSOR DE ENSINO FUNDAMENTAL;2;326;0.006134969325153374;0.013377926421404682;0.0110324386629343;0.45858895705521474;0.5560846076366633;-0.7242957096251308;-0.48974693377809253
DS_OCUPACAO;02_medio_baixo;Patrimônio médio-baixo - societário + veicular;PROFESSOR DE ENSINO SUPERIOR;2;326;0.006134969325153374;0.017200191113234592;0.015039244744497502;0.3566802999318337;0.4079306793247056;-1.1065221788081219;-0.8904275419344129
DS_OCUPACAO;02_medio_baixo;Patrimônio médio-baixo - societário + veicular;PSICÓLOGO;2;326;0.006134969325153374;0.005255613951266125;0.0034579285361435864;1.1673173452314558;1.7741747005550688;0.08793553738872494;0.2677040789009788
DS_OCUPACAO;02_medio_baixo;Patrimônio médio-baixo - societário + veicular;PUBLICITÁRIO;2;326;0.006134969325153374;0.003105590062111801;0.0031286020088918164;1.9754601226993866;1.9609299321924443;0.30293792630415733;0.3006367316261558
DS_OCUPACAO;02_medio_baixo;Patrimônio médio-baixo - societário + veicular;SERVIDOR PÚBLICO MUNICIPAL;2;326;0.006134969325153374;0.02150023889154324;0.017948295735221474;0.2853442399454669;0.3418134744188664;-1.5365269566389865;-1.18133264100681
DS_OCUPACAO;02_medio_baixo;Patrimônio médio-baixo - societário + veicular;AGRICULTOR;1;326;0.003067484662576687;0.009794553272814142;0.009550469290301334;0.31318270237917106;0.3211867992384176;-0.6727068610237456;-0.6482984627724647
DS_OCUPACAO;02_medio_baixo;Patrimônio médio-baixo - societário + veicular;AGRÔNOMO;1;326;0.003067484662576687;0.0009555661729574773;0.0016466326362588506;3.2101226993865035;1.862883435582822;0.21119184896192097;0.14208520263178365
DS_OCUPACAO;02_medio_baixo;Patrimônio médio-baixo - societário + veicular;ANALISTA DE SISTEMAS;1;326;0.003067484662576687;0.002150023889154324;0.0020308469180525825;1.4267211997273348;1.510446028850937;0.09174607734223632;0.10366377445241047
DS_OCUPACAO;02_medio_baixo;Patrimônio médio-baixo - societário + veicular;ARQUITETO;1;326;0.003067484662576687;0.0023889154323936935;0.0024150611998463144;1.2840490797546011;1.2701477969882877;0.06785692301829938;0.06524234627303728
DS_OCUPACAO;02_medio_baixo;Patrimônio médio-baixo - societário + veicular;BOMBEIRO MILITAR;1;326;0.003067484662576687;0.005016722408026756;0.004281244854273012;0.6114519427402862;0.7164936290703162;-0.19492377454500687;-0.12137601916963245
DS_OCUPACAO;02_medio_baixo;Patrimônio médio-baixo - societário + veicular;CORRETOR DE IMÓVEIS, SEGUROS, TÍTULOS E VALORES;1;326;0.003067484662576687;0.009316770186335404;0.008672265217629947;0.3292433537832311;0.35371204473091555;-0.6249285523758717;-0.560478055505326
DS_OCUPACAO;02_medio_baixo;Patrimônio médio-baixo - societário + veicular;DESPACHANTE;1;326;0.003067484662576687;0.0011944577161968467;0.0004939897908776552;2.5680981595092023;6.209611451942741;0.18730269463798405;0.2573494871699032
DS_OCUPACAO;02_medio_baixo;Patrimônio médio-baixo - societário + veicular;DONA DE CASA;1;326;0.003067484662576687;0.005016722408026756;0.004830122399692629;0.6114519427402862;0.6350738984941439;-0.19492377454500687;-0.17626377371159416
DS_OCUPACAO;02_medio_baixo;Patrimônio médio-baixo - societário + veicular;ENFERMEIRO;1;326;0.003067484662576687;0.009316770186335404;0.008617377463087985;0.3292433537832311;0.3559649876909851;-0.6249285523758717;-0.5549892800511299
DS_OCUPACAO;02_medio_baixo;Patrimônio médio-baixo - societário + veicular;ESTUDANTE, BOLSISTA, ESTAGIÁRIO E ASSEMELHADOS;1;326;0.003067484662576687;0.005255613951266125;0.006751193808661288;0.5836586726157279;0.45436181355678584;-0.2188129288689438;-0.3683709146084601
DS_OCUPACAO;02_medio_baixo;Patrimônio médio-baixo - societário + veicular;FISCAL DE TRANSPORTE COLETIVO;1;326;0.003067484662576687;0.00023889154323936931;5.4887754541961686e-05;12.840490797546014;55.88650306748467;0.28285931193373176;0.30125969080347254
DS_OCUPACAO;02_medio_baixo;Patrimônio médio-baixo - societário + veicular;LOCUTOR E COMENTARISTA DE RÁDIO E TELEVISÃO E RADIALISTA;1;326;0.003067484662576687;0.004300047778308648;0.003512816290685548;0.7133605998636674;0.8732266104294479;-0.12325631157319608;-0.04453316281088607
DS_OCUPACAO;02_medio_baixo;Patrimônio médio-baixo - societário + veicular;MILITAR REFORMADO;1;326;0.003067484662576687;0.009077878643096034;0.010154234590262913;0.33790765256700034;0.30208920577018733;-0.6010393980519347;-0.7086749927686227
DS_OCUPACAO;02_medio_baixo;Patrimônio médio-baixo - societário + veicular;MÚSICO;1;326;0.003067484662576687;0.004538939321548017;0.002799275481640046;0.6758153051340007;1.0958137856369543;-0.14714546589713298;0.026820918093664124
DS_OCUPACAO;02_medio_baixo;Patrimônio médio-baixo - societário + veicular;PROFESSOR DE ENSINO MÉDIO;1;326;0.003067484662576687;0.022694696607740088;0.01855206103518305;0.13516306102680012;0.16534468363161145;-1.96272119451634;-1.5484576372606362
DS_OCUPACAO;02_medio_baixo;Patrimônio médio-baixo - societário + veicular;SERVIDOR PÚBLICO FEDERAL;1;326;0.003067484662576687;0.012900143334925944;0.01492946923541358;0.23778686662122245;0.2054650848069289;-0.9832658672349257;-1.1861984572836892
DS_OCUPACAO;02_medio_baixo;Patrimônio médio-baixo - societário + veicular;TAXISTA;1;326;0.003067484662576687;0.0026278069756330625;0.0020308469180525825;1.1673173452314558;1.510446028850937;0.04396776869436247;0.10366377445241047
DS_OCUPACAO;02_medio_baixo;Patrimônio médio-baixo - societário + veicular;TÉCNICO DE MECÂNICA;1;326;0.003067484662576687;0.00047778308647873863;0.0004391020363356935;6.420245398773007;6.9858128834355835;0.25897015760979486;0.2628382626240994
DS_OCUPACAO;02_medio_baixo;Patrimônio médio-baixo - veicular + financeiro;ADVOGADO;42;360;0.11666666666666667;0.07381748686096512;0.08858883583072616;1.5804746494066884;1.3169454770755886;4.284917980570155;2.807783083594051
DS_OCUPACAO;02_medio_baixo;Patrimônio médio-baixo - veicular + financeiro;DEPUTADO;34;360;0.09444444444444444;0.027472527472527472;0.05757725451451781;3.437777777777778;1.6403082300603749;6.697191697191697;3.686718992992663
DS_OCUPACAO;02_medio_baixo;Patrimônio médio-baixo - veicular + financeiro;OUTROS;33;360;0.09166666666666666;0.13999044433827043;0.12239969262857457;0.654806598407281;0.7489125560538116;-4.832377767160377;-3.073302596190791
DS_OCUPACAO;02_medio_baixo;Patrimônio médio-baixo - veicular + financeiro;VEREADOR;33;360;0.09166666666666666;0.05924510272336359;0.05055162193314672;1.5472446236559139;1.8133279044516828;3.2421563943303067;4.111504473351994
DS_OCUPACAO;02_medio_baixo;Patrimônio médio-baixo - veicular + financeiro;EMPRESÁRIO;29;360;0.08055555555555556;0.12804586717630195;0.1444096821999012;0.6291148424543948;0.557826555175472;-4.7490311620746395;-6.385412664434563
DS_OCUPACAO;02_medio_baixo;Patrimônio médio-baixo - veicular + financeiro;JORNALISTA E REDATOR;12;360;0.03333333333333333;0.01839464882943144;0.014764805971787694;1.812121212121212;2.257620817843866;1.4938684503901893;1.856852736154564
DS_OCUPACAO;02_medio_baixo;Patrimônio médio-baixo - veicular + financeiro;SERVIDOR PÚBLICO ESTADUAL;12;360;0.03333333333333333;0.037267080745341616;0.031011581316208355;0.8944444444444444;1.0748672566371682;-0.39337474120082827;0.23217520171249784
DS_OCUPACAO;02_medio_baixo;Patrimônio médio-baixo - veicular + financeiro;APOSENTADO (EXCETO SERVIDOR PÚBLICO);11;360;0.030555555555555555;0.03487816531294792;0.029474724189033425;0.8760654490106545;1.0366697703289882;-0.43226097573923655;0.10808313665221295
DS_OCUPACAO;02_medio_baixo;Patrimônio médio-baixo - veicular + financeiro;ADMINISTRADOR;10;360;0.027777777777777776;0.03511705685618729;0.03271310170700917;0.791005291005291;0.8491331096196867;-0.7339279078409512;-0.49353239292313916
DS_OCUPACAO;02_medio_baixo;Patrimônio médio-baixo - veicular + financeiro;ENGENHEIRO;10;360;0.027777777777777776;0.012900143334925944;0.016027224326252813;2.1532921810699586;1.733162100456621;1.4877634442851833;1.1750553451524963
DS_OCUPACAO;02_medio_baixo;Patrimônio médio-baixo - veicular + financeiro;COMERCIANTE;8;360;0.022222222222222223;0.026516961299569996;0.022833305889456063;0.838038038038038;0.9732371794871795;-0.4294739077347773;-0.06110836672338395
DS_OCUPACAO;02_medio_baixo;Patrimônio médio-baixo - veicular + financeiro;MÉDICO;8;360;0.022222222222222223;0.016244624940277116;0.0345243976068939;1.3679738562091504;0.6436671966083731;0.5977597281945107;-1.2302175384671679
DS_OCUPACAO;02_medio_baixo;Patrimônio médio-baixo - veicular + financeiro;POLICIAL MILITAR;8;360;0.022222222222222223;0.03153368370759675;0.0305175915253307;0.7047138047138047;0.7281774580335731;-0.9311461485374529;-0.8295369303108476
DS_OCUPACAO;02_medio_baixo;Patrimônio médio-baixo - veicular + financeiro;PROFESSOR DE ENSINO SUPERIOR;8;360;0.022222222222222223;0.017200191113234592;0.015039244744497502;1.2919753086419754;1.4776155717761559;0.5022031108987631;0.7182977477724721
DS_OCUPACAO;02_medio_baixo;Patrimônio médio-baixo - veicular + financeiro;PROFESSOR DE ENSINO MÉDIO;7;360;0.019444444444444445;0.022694696607740088;0.01855206103518305;0.8567836257309941;1.0481015779092704;-0.32502521632956427;0.08923834092613957
DS_OCUPACAO;02_medio_baixo;Patrimônio médio-baixo - veicular + financeiro;ASSISTENTE SOCIAL;6;360;0.016666666666666666;0.008122312470138558;0.006202316263241671;2.0519607843137253;2.6871681415929203;0.8544354196528109;1.0464350403424996
DS_OCUPACAO;02_medio_baixo;Patrimônio médio-baixo - veicular + financeiro;MILITAR REFORMADO;4;360;0.011111111111111112;0.009077878643096034;0.010154234590262913;1.2239766081871346;1.0942342342342342;0.20332324680150776;0.09568765208481986
DS_OCUPACAO;02_medio_baixo;Patrimônio médio-baixo - veicular + financeiro;PROFESSOR DE ENSINO DE PRIMEIRO E SEGUNDO GRAUS;4;360;0.011111111111111112;0.004300047778308648;0.0036225917997694712;2.583950617283951;3.0671717171717177;0.6811063332802464;0.748851931134164
DS_OCUPACAO;02_medio_baixo;Patrimônio médio-baixo - veicular + financeiro;SERVIDOR PÚBLICO FEDERAL;4;360;0.011111111111111112;0.012900143334925944;0.01492946923541358;0.8613168724279836;0.7442401960784314;-0.17890322238148323;-0.38183581243024683
DS_OCUPACAO;02_medio_baixo;Patrimônio médio-baixo - veicular + financeiro;AGRICULTOR;3;360;0.008333333333333333;0.009794553272814142;0.009550469290301334;0.8508130081300813;0.8725574712643678;-0.1461219939480809;-0.12171359569680007
DS_OCUPACAO;02_medio_baixo;Patrimônio médio-baixo - veicular + financeiro;ECONOMISTA;3;360;0.008333333333333333;0.00358337314859054;0.004610571381524782;2.3255555555555554;1.807440476190476;0.4749960184742793;0.3722761951808551
DS_OCUPACAO;02_medio_baixo;Patrimônio médio-baixo - veicular + financeiro;ENFERMEIRO;3;360;0.008333333333333333;0.009316770186335404;0.008617377463087985;0.8944444444444444;0.9670382165605095;-0.09834368530020707;-0.028404412975465212
DS_OCUPACAO;02_medio_baixo;Patrimônio médio-baixo - veicular + financeiro;INDUSTRIAL;3;360;0.008333333333333333;0.0009555661729574773;0.0006037652999615786;8.720833333333333;13.802272727272726;0.7377767160375857;0.7729568033371754
DS_OCUPACAO;02_medio_baixo;Patrimônio médio-baixo - veicular + financeiro;ODONTÓLOGO;3;360;0.008333333333333333;0.006450071667462972;0.006092540754157747;1.2919753086419752;1.3677927927927929;0.18832616658703613;0.22407925791755862
DS_OCUPACAO;02_medio_baixo;Patrimônio médio-baixo - veicular + financeiro;PSICÓLOGO;3;360;0.008333333333333333;0.005255613951266125;0.0034579285361435864;1.5856060606060607;2.409920634920635;0.30777193820672083;0.48754047971897463
DS_OCUPACAO;02_medio_baixo;Patrimônio médio-baixo - veicular + financeiro;SERVIDOR PÚBLICO MUNICIPAL;3;360;0.008333333333333333;0.02150023889154324;0.017948295735221474;0.3875925925925926;0.4642966360856269;-1.3166905558209907;-0.9614962401888141
DS_OCUPACAO;02_medio_baixo;Patrimônio médio-baixo - veicular + financeiro;ANALISTA DE SISTEMAS;2;360;0.005555555555555556;0.002150023889154324;0.0020308469180525825;2.583950617283951;2.7355855855855857;0.3405531666401232;0.35247086375029735
DS_OCUPACAO;02_medio_baixo;Patrimônio médio-baixo - veicular + financeiro;ARQUITETO;2;360;0.005555555555555556;0.0023889154323936935;0.0024150611998463144;2.3255555555555554;2.300378787878788;0.31666401231618624;0.31404943557092413
DS_OCUPACAO;02_medio_baixo;Patrimônio médio-baixo - veicular + financeiro;BANCÁRIO E ECONOMIÁRIO;2;360;0.005555555555555556;0.0033444816053511705;0.003348153027059663;1.6611111111111112;1.6592896174863387;0.22110739502043852;0.22074025284958926
DS_OCUPACAO;02_medio_baixo;Patrimônio médio-baixo - veicular + financeiro;CANTOR E COMPOSITOR;2;360;0.005555555555555556;0.003105590062111801;0.0023601734453043526;1.788888888888889;2.353875968992248;0.24499654934437548;0.3195382110251203
DS_OCUPACAO;02_medio_baixo;Patrimônio médio-baixo - veicular + financeiro;CIENTISTA POLÍTICO;2;360;0.005555555555555556;0.0011944577161968467;0.0009330918272133488;4.651111111111111;5.953921568627451;0.43610978393587085;0.4622463728342207
DS_OCUPACAO;02_medio_baixo;Patrimônio médio-baixo - veicular + financeiro;CONTADOR;2;360;0.005555555555555556;0.007405637840420449;0.007080520335913058;0.750179211469534;0.784625322997416;-0.18500822848648932;-0.1524964780357502
DS_OCUPACAO;02_medio_baixo;Patrimônio médio-baixo - veicular + financeiro;ESTUDANTE, BOLSISTA, ESTAGIÁRIO E ASSEMELHADOS;2;360;0.005555555555555556;0.005255613951266125;0.006751193808661288;1.057070707070707;0.8228997289972899;0.029994160428943074;-0.11956382531057323
DS_OCUPACAO;02_medio_baixo;Patrimônio médio-baixo - veicular + financeiro;GERENTE;2;360;0.005555555555555556;0.004300047778308648;0.003018826499807893;1.2919753086419754;1.8403030303030303;0.12555077772469078;0.2536729055747663
DS_OCUPACAO;02_medio_baixo;Patrimônio médio-baixo - veicular + financeiro;LOCUTOR E COMENTARISTA DE RÁDIO E TELEVISÃO E RADIALISTA;2;360;0.005555555555555556;0.004300047778308648;0.003512816290685548;1.2919753086419754;1.5815104166666667;0.12555077772469078;0.2042739264870008
DS_OCUPACAO;02_medio_baixo;Patrimônio médio-baixo - veicular + financeiro;MECÂNICO DE MANUTENÇÃO;2;360;0.005555555555555556;0.0023889154323936935;0.0019759591635106206;2.3255555555555554;2.8115740740740742;0.31666401231618624;0.35795963920449353
DS_OCUPACAO;02_medio_baixo;Patrimônio médio-baixo - veicular + financeiro;PEDAGOGO;2;360;0.005555555555555556;0.008600095556617296;0.004994785663318514;0.6459876543209877;1.1122710622710623;-0.304454000106174;0.05607698922370421
DS_OCUPACAO;02_medio_baixo;Patrimônio médio-baixo - veicular + financeiro;POLICIAL CIVIL;2;360;0.005555555555555556;0.005972288580984233;0.007958724408584444;0.9302222222222223;0.6980459770114943;-0.041673302542867725;-0.24031688530288886
DS_OCUPACAO;02_medio_baixo;Patrimônio médio-baixo - veicular + financeiro;PROFESSOR DE ENSINO FUNDAMENTAL;2;360;0.005555555555555556;0.013377926421404682;0.0110324386629343;0.4152777777777778;0.5035655058043118;-0.7822370865849128;-0.5476883107378744
DS_OCUPACAO;02_medio_baixo;Patrimônio médio-baixo - veicular + financeiro;SACERDOTE OU MEMBRO DE ORDEM OU SEITA RELIGIOSA;2;360;0.005555555555555556;0.004300047778308648;0.003951918327021241;1.2919753086419754;1.4057870370370371;0.12555077772469078;0.16036372285343145
DS_OCUPACAO;02_medio_baixo;Patrimônio médio-baixo - veicular + financeiro;SERVIDOR PÚBLICO CIVIL APOSENTADO;2;360;0.005555555555555556;0.00692785475394171;0.006366979526867556;0.8019157088122606;0.8725574712643679;-0.13722991983861543;-0.0811423971312
DS_OCUPACAO;02_medio_baixo;Patrimônio médio-baixo - veicular + financeiro;ARTISTA PLÁSTICO E ASSEMELHADOS;1;360;0.002777777777777778;0.0009555661729574773;0.0005488775454196168;2.9069444444444446;5.060833333333334;0.18222116048203008;0.2228900232358161
DS_OCUPACAO;02_medio_baixo;Patrimônio médio-baixo - veicular + financeiro;ATOR E DIRETOR DE ESPETÁCULOS PÚBLICOS;1;360;0.002777777777777778;0.000716674629718108;0.0013173061090070806;3.8759259259259258;2.1086805555555554;0.20611031480596698;0.14604716687706973
DS_OCUPACAO;02_medio_baixo;Patrimônio médio-baixo - veicular + financeiro;AUXILIAR DE ESCRITÓRIO E ASSEMELHADOS;1;360;0.002777777777777778;0.002866698518872432;0.002799275481640046;0.9689814814814814;0.9923202614379086;-0.00889207410946541;-0.0021497703862268045
DS_OCUPACAO;02_medio_baixo;Patrimônio médio-baixo - veicular + financeiro;BIOMÉDICO;1;360;0.002777777777777778;0.0009555661729574773;0.0005488775454196168;2.9069444444444446;5.060833333333334;0.18222116048203008;0.2228900232358161
DS_OCUPACAO;02_medio_baixo;Patrimônio médio-baixo - veicular + financeiro;BIÓLOGO;1;360;0.002777777777777778;0.0009555661729574773;0.0009330918272133488;2.9069444444444446;2.9769607843137256;0.18222116048203008;0.18446859505644292
DS_OCUPACAO;02_medio_baixo;Patrimônio médio-baixo - veicular + financeiro;COMUNICÓLOGO;1;360;0.002777777777777778;0.0011944577161968467;0.0007684285635874636;2.3255555555555554;3.6148809523809526;0.15833200615809312;0.20093492141903144
DS_OCUPACAO;02_medio_baixo;Patrimônio médio-baixo - veicular + financeiro;CORRETOR DE IMÓVEIS, SEGUROS, TÍTULOS E VALORES;1;360;0.002777777777777778;0.009316770186335404;0.008672265217629947;0.29814814814814816;0.3203059071729958;-0.6538992408557626;-0.5894487439852168
DS_OCUPACAO;02_medio_baixo;Patrimônio médio-baixo - veicular + financeiro;FARMACÊUTICO;1;360;0.002777777777777778;0.0019111323459149545;0.002524836708930238;1.4534722222222223;1.10018115942029;0.08666454318628233;0.02529410688475401
DS_OCUPACAO;02_medio_baixo;Patrimônio médio-baixo - veicular + financeiro;HISTORIADOR;1;360;0.002777777777777778;0.00047778308647873863;0.0004939897908776552;5.813888888888889;5.6231481481481485;0.22999946912990393;0.22837879869001226
DS_OCUPACAO;02_medio_baixo;Patrimônio médio-baixo - veicular + financeiro;MOTORISTA DE VEÍCULOS DE TRANSPORTE DE CARGA;1;360;0.002777777777777778;0.003822264691829909;0.002469948954388276;0.7267361111111111;1.1246296296296296;-0.10444869140521311;0.0307828823389502
DS_OCUPACAO;02_medio_baixo;Patrimônio médio-baixo - veicular + financeiro;MOTORISTA PARTICULAR;1;360;0.002777777777777778;0.006688963210702341;0.00521433668148636;0.4152777777777778;0.532719298245614;-0.3911185432924564;-0.24365589037085825
DS_OCUPACAO;02_medio_baixo;Patrimônio médio-baixo - veicular + financeiro;OCUPANTE DE CARGO EM COMISSÃO;1;360;0.002777777777777778;0.001433349259436216;0.0009330918272133488;1.9379629629629629;2.9769607843137256;0.1344428518341562;0.18446859505644292
DS_OCUPACAO;02_medio_baixo;Patrimônio médio-baixo - veicular + financeiro;PECUARISTA;1;360;0.002777777777777778;0.001433349259436216;0.0032383775179757397;1.9379629629629629;0.8577683615819209;0.1344428518341562;-0.04605997401979618
DS_OCUPACAO;02_medio_baixo;Patrimônio médio-baixo - veicular + financeiro;PRODUTOR AGROPECUÁRIO;1;360;0.002777777777777778;0.00358337314859054;0.004830122399692629;0.7751851851851852;0.575094696969697;-0.08055953708127621;-0.2052344621914851
DS_OCUPACAO;02_medio_baixo;Patrimônio médio-baixo - veicular + financeiro;PROFESSOR E INSTRUTOR DE FORMAÇÃO PROFISSIONAL;1;360;0.002777777777777778;0.004061156235069279;0.004281244854273012;0.6839869281045752;0.6488247863247864;-0.1283378457291501;-0.15034670764952338
DS_OCUPACAO;02_medio_baixo;Patrimônio médio-baixo - veicular + financeiro;PUBLICITÁRIO;1;360;0.002777777777777778;0.003105590062111801;0.0031286020088918164;0.8944444444444445;0.8878654970760234;-0.03278122843340232;-0.03508242311140385
DS_OCUPACAO;02_medio_baixo;Patrimônio médio-baixo - veicular + financeiro;REPRESENTANTE COMERCIAL;1;360;0.002777777777777778;0.005255613951266125;0.0031286020088918164;0.5285353535353535;0.8878654970760234;-0.24778361734883472;-0.03508242311140385
DS_OCUPACAO;02_medio_baixo;Patrimônio médio-baixo - veicular + financeiro;SENADOR;1;360;0.002777777777777778;0.00023889154323936931;0.0017015203908008123;11.627777777777778;1.6325268817204301;0.25388862345384083;0.10762573869769657
DS_OCUPACAO;02_medio_baixo;Patrimônio médio-baixo - veicular + financeiro;SERVENTUÁRIO DE JUSTIÇA;1;360;0.002777777777777778;0.001433349259436216;0.000878204072671387;1.9379629629629629;3.1630208333333334;0.1344428518341562;0.1899573705106391
DS_OCUPACAO;02_medio_baixo;Patrimônio médio-baixo - veicular + financeiro;TRABALHADOR RURAL;1;360;0.002777777777777778;0.001433349259436216;0.0007684285635874636;1.9379629629629629;3.6148809523809526;0.1344428518341562;0.20093492141903144
DS_OCUPACAO;02_medio_baixo;Patrimônio médio-baixo - veicular + financeiro;TÉCNICO CONTABILIDADE, ESTATÍSTICA, ECONOMIA DOMÉSTICA E ADMINISTRAÇÃO;1;360;0.002777777777777778;0.002150023889154324;0.0015368571271749273;1.2919753086419754;1.8074404761904763;0.06277538886234539;0.12409206506028506
DS_OCUPACAO;02_medio_baixo;Patrimônio médio-baixo - veicular + financeiro;TÉCNICO DE ENFERMAGEM E ASSEMELHADOS (EXCETO ENFERMEIRO);1;360;0.002777777777777778;0.005016722408026756;0.0038421428179373183;0.5537037037037037;0.7229761904761904;-0.22389446302489782;-0.10643650401595404
DS_OCUPACAO;02_medio_baixo;Patrimônio médio-baixo - veicular + financeiro;TÉCNICO EM INFORMÁTICA;1;360;0.002777777777777778;0.000716674629718108;0.000713540809045502;3.8759259259259258;3.892948717948718;0.20611031480596698;0.2064236968732276
DS_OCUPACAO;02_medio_baixo;Patrimônio médio-baixo - veicular + financeiro;VENDEDOR DE COMÉRCIO VAREJISTA E ATACADISTA;1;360;0.002777777777777778;0.004300047778308648;0.003348153027059663;0.6459876543209877;0.8296448087431694;-0.152227000053087;-0.05703752492818852
DS_OCUPACAO;02_medio_baixo;Patrimônio médio-baixo - veicular + financeiro;VETERINÁRIO;1;360;0.002777777777777778;0.0019111323459149545;0.002250397936220429;1.4534722222222223;1.234349593495935;0.08666454318628233;0.05273798415573487
DS_OCUPACAO;02_medio_baixo;Patrimônio médio-baixo - veicular + financeiro;VIGILANTE;1;360;0.002777777777777778;0.005494505494505495;0.0036225917997694712;0.5055555555555555;0.7667929292929294;-0.2716727716727717;-0.08448140219916933
DS_OCUPACAO;02_medio_baixo;Patrimônio médio-baixo - veicular concentrado;EMPRESÁRIO;60;364;0.16483516483516483;0.12804586717630195;0.1444096821999012;1.287313432835821;1.1414412269600411;3.678929765886288;2.0425482635263643
DS_OCUPACAO;02_medio_baixo;Patrimônio médio-baixo - veicular concentrado;OUTROS;42;364;0.11538461538461539;0.13999044433827043;0.12239969262857457;0.8242320819112628;0.9426871334943084;-2.460582895365504;-0.701507724395918
DS_OCUPACAO;02_medio_baixo;Patrimônio médio-baixo - veicular concentrado;ADVOGADO;29;364;0.07967032967032966;0.07381748686096512;0.08858883583072616;1.0792880258899675;0.8993269741411005;0.5852842809364545;-0.8918506160396494
DS_OCUPACAO;02_medio_baixo;Patrimônio médio-baixo - veicular concentrado;VEREADOR;23;364;0.06318681318681318;0.05924510272336359;0.05055162193314672;1.066532258064516;1.2499463077638973;0.39417104634495925;1.2635191253666467
DS_OCUPACAO;02_medio_baixo;Patrimônio médio-baixo - veicular concentrado;ADMINISTRADOR;18;364;0.04945054945054945;0.03511705685618729;0.03271310170700917;1.4081632653061225;1.5116435577844973;1.433349259436216;1.6737447743540281
DS_OCUPACAO;02_medio_baixo;Patrimônio médio-baixo - veicular concentrado;POLICIAL MILITAR;14;364;0.038461538461538464;0.03153368370759675;0.0305175915253307;1.2196969696969697;1.2603071389042613;0.6927854753941711;0.7943946936207764
DS_OCUPACAO;02_medio_baixo;Patrimônio médio-baixo - veicular concentrado;SERVIDOR PÚBLICO ESTADUAL;14;364;0.038461538461538464;0.037267080745341616;0.031011581316208355;1.0320512820512822;1.2402314499659632;0.11944577161968478;0.7449957145330109
DS_OCUPACAO;02_medio_baixo;Patrimônio médio-baixo - veicular concentrado;DEPUTADO;13;364;0.03571428571428571;0.027472527472527472;0.05757725451451781;1.3;0.6202846248127468;0.824175824175824;-2.18629688002321
DS_OCUPACAO;02_medio_baixo;Patrimônio médio-baixo - veicular concentrado;MÉDICO;12;364;0.03296703296703297;0.016244624940277116;0.0345243976068939;2.0294117647058822;0.9548908960673667;1.6722408026755853;-0.15573646398609337
DS_OCUPACAO;02_medio_baixo;Patrimônio médio-baixo - veicular concentrado;ENGENHEIRO;11;364;0.03021978021978022;0.012900143334925944;0.016027224326252813;2.3425925925925926;1.8855279993978624;1.7319636884854277;1.4192555893527408
DS_OCUPACAO;02_medio_baixo;Patrimônio médio-baixo - veicular concentrado;COMERCIANTE;10;364;0.027472527472527472;0.026516961299569996;0.022833305889456063;1.036036036036036;1.203177831783601;0.09555661729574762;0.46392215830714095
DS_OCUPACAO;02_medio_baixo;Patrimônio médio-baixo - veicular concentrado;APOSENTADO (EXCETO SERVIDOR PÚBLICO);8;364;0.02197802197802198;0.03487816531294792;0.029474724189033425;0.6301369863013699;0.7456565780588128;-1.290014333492594;-0.7496702211011446
DS_OCUPACAO;02_medio_baixo;Patrimônio médio-baixo - veicular concentrado;ENFERMEIRO;7;364;0.019230769230769232;0.009316770186335404;0.008617377463087985;2.0641025641025643;2.2316266536011757;0.9913999044433828;1.0613391767681246
DS_OCUPACAO;02_medio_baixo;Patrimônio médio-baixo - veicular concentrado;PROFESSOR DE ENSINO SUPERIOR;7;364;0.019230769230769232;0.017200191113234592;0.015039244744497502;1.1180555555555556;1.2787057832678272;0.203057811753464;0.419152448627173
DS_OCUPACAO;02_medio_baixo;Patrimônio médio-baixo - veicular concentrado;SERVIDOR PÚBLICO MUNICIPAL;7;364;0.019230769230769232;0.02150023889154324;0.017948295735221474;0.8944444444444445;1.071453775582216;-0.2269469660774008;0.12824734955477585
DS_OCUPACAO;02_medio_baixo;Patrimônio médio-baixo - veicular concentrado;POLICIAL CIVIL;6;364;0.016483516483516484;0.005972288580984233;0.007958724408584444;2.7600000000000002;2.0711254262978405;1.0511227902532252;0.8524792074932039
DS_OCUPACAO;02_medio_baixo;Patrimônio médio-baixo - veicular concentrado;MOTORISTA PARTICULAR;5;364;0.013736263736263736;0.006688963210702341;0.00521433668148636;2.0535714285714284;2.634326200115674;0.7047300525561395;0.8521927054777376
DS_OCUPACAO;02_medio_baixo;Patrimônio médio-baixo - veicular concentrado;AGRICULTOR;4;364;0.01098901098901099;0.009794553272814142;0.009550469290301334;1.1219512195121952;1.1506252368321335;0.11944577161968478;0.14385416987096558
DS_OCUPACAO;02_medio_baixo;Patrimônio médio-baixo - veicular concentrado;CONTADOR;4;364;0.01098901098901099;0.007405637840420449;0.007080520335913058;1.4838709677419357;1.5520061334014823;0.35833731485905407;0.39084906530979324
DS_OCUPACAO;02_medio_baixo;Patrimônio médio-baixo - veicular concentrado;CORRETOR DE IMÓVEIS, SEGUROS, TÍTULOS E VALORES;4;364;0.01098901098901099;0.009316770186335404;0.008672265217629947;1.1794871794871795;1.2671442481569064;0.16722408026755858;0.23167457713810427
DS_OCUPACAO;02_medio_baixo;Patrimônio médio-baixo - veicular concentrado;JORNALISTA E REDATOR;4;364;0.01098901098901099;0.01839464882943144;0.014764805971787694;0.5974025974025974;0.7442705992891867;-0.740563784042045;-0.37757949827767046
DS_OCUPACAO;02_medio_baixo;Patrimônio médio-baixo - veicular concentrado;PROFESSOR DE ENSINO MÉDIO;4;364;0.01098901098901099;0.022694696607740088;0.01855206103518305;0.4842105263157895;0.5923337018011575;-1.1705685618729098;-0.756305004617206
DS_OCUPACAO;02_medio_baixo;Patrimônio médio-baixo - veicular concentrado;BOMBEIRO MILITAR;3;364;0.008241758241758242;0.005016722408026756;0.004281244854273012;1.6428571428571428;1.9250845308537616;0.3225035833731486;0.39605133874852305
DS_OCUPACAO;02_medio_baixo;Patrimônio médio-baixo - veicular concentrado;MEMBRO DAS FORÇAS ARMADAS;3;364;0.008241758241758242;0.0016722408026755853;0.002469948954388276;4.928571428571429;3.336813186813187;0.6569517439082657;0.5771809287369966
DS_OCUPACAO;02_medio_baixo;Patrimônio médio-baixo - veicular concentrado;MILITAR REFORMADO;3;364;0.008241758241758242;0.009077878643096034;0.010154234590262913;0.9078947368421053;0.8116572616572616;-0.08361204013377921;-0.1912476348504671
DS_OCUPACAO;02_medio_baixo;Patrimônio médio-baixo - veicular concentrado;MOTORISTA DE VEÍCULOS DE TRANSPORTE DE CARGA;3;364;0.008241758241758242;0.003822264691829909;0.002469948954388276;2.15625;3.336813186813187;0.4419493549928333;0.5771809287369966
DS_OCUPACAO;02_medio_baixo;Patrimônio médio-baixo - veicular concentrado;NUTRICIONISTA E ASSEMELHADOS;3;364;0.008241758241758242;0.001433349259436216;0.0010977550908392337;5.75;7.507829670329671;0.6808408982322026;0.7144003150919008
DS_OCUPACAO;02_medio_baixo;Patrimônio médio-baixo - veicular concentrado;PEDAGOGO;3;364;0.008241758241758242;0.008600095556617296;0.004994785663318514;0.9583333333333334;1.65007245501751;-0.0358337314859054;0.32469725784397285
DS_OCUPACAO;02_medio_baixo;Patrimônio médio-baixo - veicular concentrado;PSICÓLOGO;3;364;0.008241758241758242;0.005255613951266125;0.0034579285361435864;1.5681818181818183;2.383437990580848;0.2986144290492117;0.4783829705614655
DS_OCUPACAO;02_medio_baixo;Patrimônio médio-baixo - veicular concentrado;BANCÁRIO E ECONOMIÁRIO;2;364;0.005494505494505495;0.0033444816053511705;0.003348153027059663;1.642857142857143;1.6410556656458297;0.21500238891543244;0.21463524674458317
DS_OCUPACAO;02_medio_baixo;Patrimônio médio-baixo - veicular concentrado;DIRETOR DE EMPRESAS;2;364;0.005494505494505495;0.0019111323459149545;0.0013173061090070806;2.8750000000000004;4.171016483516484;0.35833731485905407;0.4177199385498414
DS_OCUPACAO;02_medio_baixo;Patrimônio médio-baixo - veicular concentrado;ECONOMISTA;2;364;0.005494505494505495;0.00358337314859054;0.004610571381524782;1.5333333333333334;1.191718995290424;0.19111323459149548;0.08839341129807127
DS_OCUPACAO;02_medio_baixo;Patrimônio médio-baixo - veicular concentrado;GERENTE;2;364;0.005494505494505495;0.004300047778308648;0.003018826499807893;1.277777777777778;1.82007992007992;0.1194457716196847;0.24756789946976018
DS_OCUPACAO;02_medio_baixo;Patrimônio médio-baixo - veicular concentrado;LOCUTOR E COMENTARISTA DE RÁDIO E TELEVISÃO E RADIALISTA;2;364;0.005494505494505495;0.004300047778308648;0.003512816290685548;1.277777777777778;1.5641311813186816;0.1194457716196847;0.1981689203819947
DS_OCUPACAO;02_medio_baixo;Patrimônio médio-baixo - veicular concentrado;ODONTÓLOGO;2;364;0.005494505494505495;0.006450071667462972;0.006092540754157747;0.8518518518518519;0.9018414018414019;-0.0955566172957477;-0.059803525965225215
DS_OCUPACAO;02_medio_baixo;Patrimônio médio-baixo - veicular concentrado;PROFESSOR DE ENSINO FUNDAMENTAL;2;364;0.005494505494505495;0.013377926421404682;0.0110324386629343;0.41071428571428575;0.49803181892734133;-0.7883420926899188;-0.5537933168428805
DS_OCUPACAO;02_medio_baixo;Patrimônio médio-baixo - veicular concentrado;AGENTE ADMINISTRATIVO;1;364;0.0027472527472527475;0.004777830864787387;0.002799275481640046;0.575;0.9814156431803492;-0.20305781175346393;-0.005202273438729846
DS_OCUPACAO;02_medio_baixo;Patrimônio médio-baixo - veicular concentrado;ANALISTA DE SISTEMAS;1;364;0.0027472527472527475;0.002150023889154324;0.0020308469180525825;1.277777777777778;1.3527621027621028;0.05972288580984235;0.07164058292001649
DS_OCUPACAO;02_medio_baixo;Patrimônio médio-baixo - veicular concentrado;ARQUITETO;1;364;0.0027472527472527475;0.0023889154323936935;0.0024150611998463144;1.15;1.13754995004995;0.0358337314859054;0.033219154740643304
DS_OCUPACAO;02_medio_baixo;Patrimônio médio-baixo - veicular concentrado;ARTISTA DE CIRCO;1;364;0.0027472527472527475;0.00023889154323936931;0.00016466326362588507;11.500000000000002;16.684065934065934;0.2508361204013378;0.2582589483626862
DS_OCUPACAO;02_medio_baixo;Patrimônio médio-baixo - veicular concentrado;ASSISTENTE SOCIAL;1;364;0.0027472527472527475;0.008122312470138558;0.006202316263241671;0.3382352941176471;0.4429398035592726;-0.537505972288581;-0.34550635159889237
DS_OCUPACAO;02_medio_baixo;Patrimônio médio-baixo - veicular concentrado;CANTOR E COMPOSITOR;1;364;0.0027472527472527475;0.003105590062111801;0.0023601734453043526;0.8846153846153847;1.1640046000511117;-0.03583373148590536;0.03870793019483949
DS_OCUPACAO;02_medio_baixo;Patrimônio médio-baixo - veicular concentrado;COMUNICÓLOGO;1;364;0.0027472527472527475;0.0011944577161968467;0.0007684285635874636;2.3;3.575156985871272;0.15527950310559008;0.1978824183665284
DS_OCUPACAO;02_medio_baixo;Patrimônio médio-baixo - veicular concentrado;DIPLOMATA;1;364;0.0027472527472527475;0.00023889154323936931;0.00010977550908392337;11.500000000000002;25.026098901098905;0.2508361204013378;0.2637477238168824
DS_OCUPACAO;02_medio_baixo;Patrimônio médio-baixo - veicular concentrado;DIRETOR DE ESTABELECIMENTO DE ENSINO;1;364;0.0027472527472527475;0.00047778308647873863;0.0005488775454196168;5.750000000000001;5.0052197802197815;0.2269469660774009;0.21983752018331307
DS_OCUPACAO;02_medio_baixo;Patrimônio médio-baixo - veicular concentrado;ESTUDANTE, BOLSISTA, ESTAGIÁRIO E ASSEMELHADOS;1;364;0.0027472527472527475;0.005255613951266125;0.006751193808661288;0.5227272727272728;0.4069284374162423;-0.25083612040133774;-0.400394106140854
DS_OCUPACAO;02_medio_baixo;Patrimônio médio-baixo - veicular concentrado;FISIOTERAPEUTA E TERAPEUTA OCUPACIONAL;1;364;0.0027472527472527475;0.002150023889154324;0.002524836708930238;1.277777777777778;1.0880912565695176;0.05972288580984235;0.022241603832250968
DS_OCUPACAO;02_medio_baixo;Patrimônio médio-baixo - veicular concentrado;MECÂNICO DE MANUTENÇÃO;1;364;0.0027472527472527475;0.0023889154323936935;0.0019759591635106206;1.15;1.390338827838828;0.0358337314859054;0.07712935837421268
DS_OCUPACAO;02_medio_baixo;Patrimônio médio-baixo - veicular concentrado;MOTOBOY;1;364;0.0027472527472527475;0.0011944577161968467;0.0011526428453811955;2.3;2.383437990580848;0.15527950310559008;0.1594609901871552
DS_OCUPACAO;02_medio_baixo;Patrimônio médio-baixo - veicular concentrado;MÚSICO;1;364;0.0027472527472527475;0.004538939321548017;0.002799275481640046;0.605263157894737;0.9814156431803492;-0.17916865742952695;-0.005202273438729846
DS_OCUPACAO;02_medio_baixo;Patrimônio médio-baixo - veicular concentrado;PECUARISTA;1;364;0.0027472527472527475;0.001433349259436216;0.0032383775179757397;1.9166666666666667;0.8483423356304712;0.13139034878165315;-0.049112477072299224
DS_OCUPACAO;02_medio_baixo;Patrimônio médio-baixo - veicular concentrado;PROFESSOR E INSTRUTOR DE FORMAÇÃO PROFISSIONAL;1;364;0.0027472527472527475;0.004061156235069279;0.004281244854273012;0.6764705882352942;0.6416948436179206;-0.13139034878165315;-0.15339921070202642
DS_OCUPACAO;02_medio_baixo;Patrimônio médio-baixo - veicular concentrado;RELAÇÕES-PÚBLICAS;1;364;0.0027472527472527475;0.0009555661729574773;0.0004939897908776552;2.8750000000000004;5.561355311355312;0.17916865742952703;0.22532629563750922
DS_OCUPACAO;02_medio_baixo;Patrimônio médio-baixo - veicular concentrado;REPRESENTANTE COMERCIAL;1;364;0.0027472527472527475;0.005255613951266125;0.0031286020088918164;0.5227272727272728;0.8781087333718913;-0.25083612040133774;-0.038134926163906895
DS_OCUPACAO;02_medio_baixo;Patrimônio médio-baixo - veicular concentrado;TÉCNICO DE ENFERMAGEM E ASSEMELHADOS (EXCETO ENFERMEIRO);1;364;0.0027472527472527475;0.005016722408026756;0.0038421428179373183;0.5476190476190477;0.7150313971742543;-0.22694696607740086;-0.10948900706845709
DS_OCUPACAO;02_medio_baixo;Patrimônio médio-baixo - veicular concentrado;TÉCNICO EM AGRONOMIA E AGRIMENSURA;1;364;0.0027472527472527475;0.0009555661729574773;0.0006586530545035403;2.8750000000000004;4.171016483516484;0.17916865742952703;0.2088599692749207
DS_OCUPACAO;02_medio_baixo;Patrimônio médio-baixo - veicular concentrado;TÉCNICO EM EDIFICAÇÕES;1;364;0.0027472527472527475;0.00023889154323936931;0.00016466326362588507;11.500000000000002;16.684065934065934;0.2508361204013378;0.2582589483626862
DS_OCUPACAO;02_medio_baixo;Patrimônio médio-baixo - veicular concentrado;VETERINÁRIO;1;364;0.0027472527472527475;0.0019111323459149545;0.002250397936220429;1.4375000000000002;1.2207853122487269;0.08361204013377929;0.04968548110323183
DS_OCUPACAO;02_medio_baixo;Patrimônio médio-baixo - veicular concentrado;VIGILANTE;1;364;0.0027472527472527475;0.005494505494505495;0.0036225917997694712;0.5;0.7583666333666335;-0.27472527472527475;-0.08753390525167237
