perfil_cluster;SG_UF;candidatos_cluster_uf;candidatos_cluster_total;candidatos_uf;perc_cluster_na_uf;perc_uf_no_cluster
Alto patrimônio - imobiliário + financeiro;SP;139;674;2528;0.2062314540059347;0.054984177215189875
Alto patrimônio - imobiliário + financeiro;RJ;53;674;1432;0.07863501483679525;0.037011173184357544
Alto patrimônio - imobiliário + financeiro;MG;49;674;1668;0.07270029673590504;0.029376498800959234
Alto patrimônio - imobiliário + financeiro;PR;49;674;1154;0.07270029673590504;0.04246100519930676
Alto patrimônio - imobiliário + financeiro;RS;43;674;975;0.06379821958456973;0.0441025641025641
Alto patrimônio - imobiliário + financeiro;SC;34;674;752;0.050445103857566766;0.04521276595744681
Alto patrimônio - imobiliário + financeiro;DF;31;674;606;0.04599406528189911;0.05115511551155116
Alto patrimônio - imobiliário + financeiro;BA;26;674;999;0.03857566765578635;0.026026026026026026
Alto patrimônio - imobiliário + financeiro;CE;25;674;611;0.037091988130563795;0.04091653027823241
Alto patrimônio - imobiliário + financeiro;MA;24;674;575;0.03560830860534125;0.04173913043478261
Alto patrimônio - imobiliário + financeiro;PA;23;674;556;0.03412462908011869;0.04136690647482014
Alto patrimônio - imobiliário + financeiro;GO;20;674;766;0.02967359050445104;0.02610966057441253
Alto patrimônio - imobiliário + financeiro;PE;18;674;572;0.026706231454005934;0.03146853146853147
Alto patrimônio - imobiliário + financeiro;ES;16;674;481;0.02373887240356083;0.033264033264033266
Alto patrimônio - imobiliário + financeiro;MS;16;674;394;0.02373887240356083;0.04060913705583756
Alto patrimônio - imobiliário + financeiro;PB;15;674;413;0.02225519287833828;0.03631961259079903
Alto patrimônio - imobiliário + financeiro;PI;14;674;262;0.020771513353115726;0.05343511450381679
Alto patrimônio - imobiliário + financeiro;AM;13;674;398;0.019287833827893175;0.032663316582914576
Alto patrimônio - imobiliário + financeiro;MT;12;674;380;0.017804154302670624;0.031578947368421054
Alto patrimônio - imobiliário + financeiro;SE;10;674;322;0.01483679525222552;0.031055900621118012
Alto patrimônio - imobiliário + financeiro;RN;9;674;356;0.013353115727002967;0.025280898876404494
Alto patrimônio - imobiliário + financeiro;RO;7;674;454;0.010385756676557863;0.015418502202643172
Alto patrimônio - imobiliário + financeiro;RR;7;674;343;0.010385756676557863;0.02040816326530612
Alto patrimônio - imobiliário + financeiro;AC;6;674;281;0.008902077151335312;0.021352313167259787
Alto patrimônio - imobiliário + financeiro;TO;6;674;411;0.008902077151335312;0.014598540145985401
Alto patrimônio - imobiliário + financeiro;AL;5;674;239;0.00741839762611276;0.02092050209205021
Alto patrimônio - imobiliário + financeiro;AP;4;674;267;0.005934718100890208;0.0149812734082397
Alto patrimônio - imobiliário + rural/agropecuário;MG;73;634;1668;0.11514195583596215;0.043764988009592325
Alto patrimônio - imobiliário + rural/agropecuário;SP;56;634;2528;0.08832807570977919;0.022151898734177215
Alto patrimônio - imobiliário + rural/agropecuário;GO;47;634;766;0.07413249211356467;0.06135770234986945
Alto patrimônio - imobiliário + rural/agropecuário;BA;42;634;999;0.06624605678233439;0.042042042042042045
Alto patrimônio - imobiliário + rural/agropecuário;TO;37;634;411;0.0583596214511041;0.09002433090024331
Alto patrimônio - imobiliário + rural/agropecuário;PR;35;634;1154;0.055205047318611984;0.030329289428076257
Alto patrimônio - imobiliário + rural/agropecuário;PA;31;634;556;0.04889589905362776;0.05575539568345324
Alto patrimônio - imobiliário + rural/agropecuário;MA;28;634;575;0.04416403785488959;0.04869565217391304
Alto patrimônio - imobiliário + rural/agropecuário;RO;27;634;454;0.04258675078864353;0.05947136563876652
Alto patrimônio - imobiliário + rural/agropecuário;RS;25;634;975;0.03943217665615142;0.02564102564102564
Alto patrimônio - imobiliário + rural/agropecuário;DF;23;634;606;0.03627760252365931;0.037953795379537955
Alto patrimônio - imobiliário + rural/agropecuário;RR;23;634;343;0.03627760252365931;0.06705539358600583
Alto patrimônio - imobiliário + rural/agropecuário;MS;21;634;394;0.033123028391167195;0.0532994923857868
Alto patrimônio - imobiliário + rural/agropecuário;AC;19;634;281;0.02996845425867508;0.06761565836298933
Alto patrimônio - imobiliário + rural/agropecuário;MT;17;634;380;0.026813880126182965;0.04473684210526316
Alto patrimônio - imobiliário + rural/agropecuário;ES;16;634;481;0.025236593059936908;0.033264033264033266
Alto patrimônio - imobiliário + rural/agropecuário;PI;16;634;262;0.025236593059936908;0.061068702290076333
Alto patrimônio - imobiliário + rural/agropecuário;SC;16;634;752;0.025236593059936908;0.02127659574468085
Alto patrimônio - imobiliário + rural/agropecuário;CE;14;634;611;0.022082018927444796;0.022913256955810146
Alto patrimônio - imobiliário + rural/agropecuário;PB;13;634;413;0.02050473186119874;0.031476997578692496
Alto patrimônio - imobiliário + rural/agropecuário;RN;12;634;356;0.01892744479495268;0.033707865168539325
Alto patrimônio - imobiliário + rural/agropecuário;RJ;11;634;1432;0.017350157728706624;0.007681564245810056
Alto patrimônio - imobiliário + rural/agropecuário;SE;9;634;322;0.014195583596214511;0.027950310559006212
Alto patrimônio - imobiliário + rural/agropecuário;PE;8;634;572;0.012618296529968454;0.013986013986013986
Alto patrimônio - imobiliário + rural/agropecuário;AL;6;634;239;0.00946372239747634;0.02510460251046025
Alto patrimônio - imobiliário + rural/agropecuário;AP;6;634;267;0.00946372239747634;0.02247191011235955
Alto patrimônio - imobiliário + rural/agropecuário;AM;3;634;398;0.00473186119873817;0.007537688442211055
Alto patrimônio - imobiliário + societário com societário e financeiro;SP;200;1058;2528;0.1890359168241966;0.07911392405063292
Alto patrimônio - imobiliário + societário com societário e financeiro;RJ;103;1058;1432;0.09735349716446125;0.07192737430167598
Alto patrimônio - imobiliário + societário com societário e financeiro;MG;94;1058;1668;0.0888468809073724;0.05635491606714628
Alto patrimônio - imobiliário + societário com societário e financeiro;PR;68;1058;1154;0.06427221172022685;0.058925476603119586
Alto patrimônio - imobiliário + societário com societário e financeiro;SC;55;1058;752;0.05198487712665406;0.07313829787234043
Alto patrimônio - imobiliário + societário com societário e financeiro;RS;51;1058;975;0.048204158790170135;0.052307692307692305
Alto patrimônio - imobiliário + societário com societário e financeiro;GO;45;1058;766;0.04253308128544423;0.0587467362924282
Alto patrimônio - imobiliário + societário com societário e financeiro;PA;44;1058;556;0.04158790170132325;0.07913669064748201
Alto patrimônio - imobiliário + societário com societário e financeiro;CE;38;1058;611;0.035916824196597356;0.062193126022913256
Alto patrimônio - imobiliário + societário com societário e financeiro;PE;36;1058;572;0.034026465028355386;0.06293706293706294
Alto patrimônio - imobiliário + societário com societário e financeiro;AM;35;1058;398;0.0330812854442344;0.08793969849246232
Alto patrimônio - imobiliário + societário com societário e financeiro;BA;32;1058;999;0.030245746691871456;0.03203203203203203
Alto patrimônio - imobiliário + societário com societário e financeiro;DF;28;1058;606;0.026465028355387523;0.0462046204620462
Alto patrimônio - imobiliário + societário com societário e financeiro;MA;27;1058;575;0.02551984877126654;0.04695652173913043
Alto patrimônio - imobiliário + societário com societário e financeiro;RN;26;1058;356;0.024574669187145556;0.07303370786516854
Alto patrimônio - imobiliário + societário com societário e financeiro;PB;24;1058;413;0.022684310018903593;0.05811138014527845
Alto patrimônio - imobiliário + societário com societário e financeiro;MT;21;1058;380;0.01984877126654064;0.05526315789473684
Alto patrimônio - imobiliário + societário com societário e financeiro;ES;19;1058;481;0.017958412098298678;0.0395010395010395
Alto patrimônio - imobiliário + societário com societário e financeiro;TO;18;1058;411;0.017013232514177693;0.043795620437956206
Alto patrimônio - imobiliário + societário com societário e financeiro;MS;17;1058;394;0.01606805293005671;0.04314720812182741
Alto patrimônio - imobiliário + societário com societário e financeiro;RO;14;1058;454;0.013232514177693762;0.030837004405286344
Alto patrimônio - imobiliário + societário com societário e financeiro;SE;14;1058;322;0.013232514177693762;0.043478260869565216
Alto patrimônio - imobiliário + societário com societário e financeiro;PI;13;1058;262;0.012287334593572778;0.04961832061068702
Alto patrimônio - imobiliário + societário com societário e financeiro;RR;11;1058;343;0.010396975425330813;0.03206997084548105
Alto patrimônio - imobiliário + societário com societário e financeiro;AC;9;1058;281;0.008506616257088847;0.03202846975088968
Alto patrimônio - imobiliário + societário com societário e financeiro;AL;9;1058;239;0.008506616257088847;0.03765690376569038
Alto patrimônio - imobiliário + societário com societário e financeiro;AP;7;1058;267;0.006616257088846881;0.026217228464419477
Alto patrimônio - imobiliário concentrado com financeiro e outros ativos;SP;80;510;2528;0.1568627450980392;0.03164556962025317
Alto patrimônio - imobiliário concentrado com financeiro e outros ativos;RJ;66;510;1432;0.12941176470588237;0.046089385474860335
Alto patrimônio - imobiliário concentrado com financeiro e outros ativos;MG;46;510;1668;0.09019607843137255;0.027577937649880094
Alto patrimônio - imobiliário concentrado com financeiro e outros ativos;BA;23;510;999;0.045098039215686274;0.023023023023023025
Alto patrimônio - imobiliário concentrado com financeiro e outros ativos;PR;23;510;1154;0.045098039215686274;0.01993067590987868
Alto patrimônio - imobiliário concentrado com financeiro e outros ativos;MA;22;510;575;0.043137254901960784;0.03826086956521739
Alto patrimônio - imobiliário concentrado com financeiro e outros ativos;DF;21;510;606;0.041176470588235294;0.034653465346534656
Alto patrimônio - imobiliário concentrado com financeiro e outros ativos;PA;21;510;556;0.041176470588235294;0.03776978417266187
Alto patrimônio - imobiliário concentrado com financeiro e outros ativos;GO;20;510;766;0.0392156862745098;0.02610966057441253
Alto patrimônio - imobiliário concentrado com financeiro e outros ativos;RS;20;510;975;0.0392156862745098;0.020512820512820513
Alto patrimônio - imobiliário concentrado com financeiro e outros ativos;SC;18;510;752;0.03529411764705882;0.023936170212765957
Alto patrimônio - imobiliário concentrado com financeiro e outros ativos;AM;16;510;398;0.03137254901960784;0.04020100502512563
Alto patrimônio - imobiliário concentrado com financeiro e outros ativos;CE;16;510;611;0.03137254901960784;0.02618657937806874
Alto patrimônio - imobiliário concentrado com financeiro e outros ativos;AP;14;510;267;0.027450980392156862;0.052434456928838954
Alto patrimônio - imobiliário concentrado com financeiro e outros ativos;PB;14;510;413;0.027450980392156862;0.03389830508474576
Alto patrimônio - imobiliário concentrado com financeiro e outros ativos;PE;13;510;572;0.025490196078431372;0.022727272727272728
Alto patrimônio - imobiliário concentrado com financeiro e outros ativos;ES;12;510;481;0.023529411764705882;0.02494802494802495
Alto patrimônio - imobiliário concentrado com financeiro e outros ativos;AC;11;510;281;0.021568627450980392;0.03914590747330961
Alto patrimônio - imobiliário concentrado com financeiro e outros ativos;SE;11;510;322;0.021568627450980392;0.034161490683229816
Alto patrimônio - imobiliário concentrado com financeiro e outros ativos;TO;10;510;411;0.0196078431372549;0.024330900243309004
Alto patrimônio - imobiliário concentrado com financeiro e outros ativos;MT;8;510;380;0.01568627450980392;0.021052631578947368
Alto patrimônio - imobiliário concentrado com financeiro e outros ativos;RR;7;510;343;0.013725490196078431;0.02040816326530612
Alto patrimônio - imobiliário concentrado com financeiro e outros ativos;AL;5;510;239;0.00980392156862745;0.02092050209205021
Alto patrimônio - imobiliário concentrado com financeiro e outros ativos;RO;5;510;454;0.00980392156862745;0.011013215859030838
Alto patrimônio - imobiliário concentrado com financeiro e outros ativos;MS;3;510;394;0.0058823529411764705;0.007614213197969543
Alto patrimônio - imobiliário concentrado com financeiro e outros ativos;PI;3;510;262;0.0058823529411764705;0.011450381679389313
Alto patrimônio - imobiliário concentrado com financeiro e outros ativos;RN;2;510;356;0.00392156862745098;0.0056179775280898875
Alto patrimônio - imobiliário concentrado com veicular e outros ativos;MG;74;600;1668;0.12333333333333334;0.04436450839328537
Alto patrimônio - imobiliário concentrado com veicular e outros ativos;SP;67;600;2528;0.11166666666666666;0.026503164556962024
Alto patrimônio - imobiliário concentrado com veicular e outros ativos;DF;45;600;606;0.075;0.07425742574257425
Alto patrimônio - imobiliário concentrado com veicular e outros ativos;RJ;40;600;1432;0.06666666666666667;0.027932960893854747
Alto patrimônio - imobiliário concentrado com veicular e outros ativos;BA;33;600;999;0.055;0.03303303303303303
Alto patrimônio - imobiliário concentrado com veicular e outros ativos;PR;31;600;1154;0.051666666666666666;0.026863084922010397
Alto patrimônio - imobiliário concentrado com veicular e outros ativos;RS;30;600;975;0.05;0.03076923076923077
Alto patrimônio - imobiliário concentrado com veicular e outros ativos;SC;30;600;752;0.05;0.0398936170212766
Alto patrimônio - imobiliário concentrado com veicular e outros ativos;PA;23;600;556;0.03833333333333333;0.04136690647482014
Alto patrimônio - imobiliário concentrado com veicular e outros ativos;PE;23;600;572;0.03833333333333333;0.04020979020979021
Alto patrimônio - imobiliário concentrado com veicular e outros ativos;GO;22;600;766;0.03666666666666667;0.028720626631853787
Alto patrimônio - imobiliário concentrado com veicular e outros ativos;CE;21;600;611;0.035;0.03436988543371522
Alto patrimônio - imobiliário concentrado com veicular e outros ativos;MA;17;600;575;0.028333333333333332;0.029565217391304348
Alto patrimônio - imobiliário concentrado com veicular e outros ativos;MT;16;600;380;0.02666666666666667;0.042105263157894736
Alto patrimônio - imobiliário concentrado com veicular e outros ativos;SE;14;600;322;0.023333333333333334;0.043478260869565216
Alto patrimônio - imobiliário concentrado com veicular e outros ativos;AP;13;600;267;0.021666666666666667;0.04868913857677903
Alto patrimônio - imobiliário concentrado com veicular e outros ativos;PB;12;600;413;0.02;0.029055690072639227
Alto patrimônio - imobiliário concentrado com veicular e outros ativos;AL;11;600;239;0.018333333333333333;0.04602510460251046
Alto patrimônio - imobiliário concentrado com veicular e outros ativos;MS;11;600;394;0.018333333333333333;0.027918781725888325
Alto patrimônio - imobiliário concentrado com veicular e outros ativos;RR;11;600;343;0.018333333333333333;0.03206997084548105
Alto patrimônio - imobiliário concentrado com veicular e outros ativos;AC;10;600;281;0.016666666666666666;0.03558718861209965
Alto patrimônio - imobiliário concentrado com veicular e outros ativos;AM;10;600;398;0.016666666666666666;0.02512562814070352
Alto patrimônio - imobiliário concentrado com veicular e outros ativos;ES;10;600;481;0.016666666666666666;0.02079002079002079
Alto patrimônio - imobiliário concentrado com veicular e outros ativos;RO;8;600;454;0.013333333333333334;0.01762114537444934
Alto patrimônio - imobiliário concentrado com veicular e outros ativos;TO;8;600;411;0.013333333333333334;0.019464720194647202
Alto patrimônio - imobiliário concentrado com veicular e outros ativos;RN;6;600;356;0.01;0.016853932584269662
Alto patrimônio - imobiliário concentrado com veicular e outros ativos;PI;4;600;262;0.006666666666666667;0.015267175572519083
Alto patrimônio - imobiliário diversificado com rural/agropecuário e societário;SP;49;452;2528;0.1084070796460177;0.019382911392405063
Alto patrimônio - imobiliário diversificado com rural/agropecuário e societário;MG;40;452;1668;0.08849557522123894;0.023980815347721823
Alto patrimônio - imobiliário diversificado com rural/agropecuário e societário;BA;38;452;999;0.084070796460177;0.03803803803803804
Alto patrimônio - imobiliário diversificado com rural/agropecuário e societário;GO;26;452;766;0.05752212389380531;0.033942558746736295
Alto patrimônio - imobiliário diversificado com rural/agropecuário e societário;PR;25;452;1154;0.05530973451327434;0.021663778162911613
Alto patrimônio - imobiliário diversificado com rural/agropecuário e societário;RS;22;452;975;0.048672566371681415;0.022564102564102566
Alto patrimônio - imobiliário diversificado com rural/agropecuário e societário;MA;19;452;575;0.0420353982300885;0.03304347826086956
Alto patrimônio - imobiliário diversificado com rural/agropecuário e societário;SC;19;452;752;0.0420353982300885;0.02526595744680851
Alto patrimônio - imobiliário diversificado com rural/agropecuário e societário;TO;19;452;411;0.0420353982300885;0.046228710462287104
Alto patrimônio - imobiliário diversificado com rural/agropecuário e societário;RO;18;452;454;0.03982300884955752;0.039647577092511016
Alto patrimônio - imobiliário diversificado com rural/agropecuário e societário;PA;17;452;556;0.03761061946902655;0.030575539568345324
Alto patrimônio - imobiliário diversificado com rural/agropecuário e societário;MS;16;452;394;0.035398230088495575;0.04060913705583756
Alto patrimônio - imobiliário diversificado com rural/agropecuário e societário;MT;16;452;380;0.035398230088495575;0.042105263157894736
Alto patrimônio - imobiliário diversificado com rural/agropecuário e societário;PB;14;452;413;0.030973451327433628;0.03389830508474576
Alto patrimônio - imobiliário diversificado com rural/agropecuário e societário;RJ;14;452;1432;0.030973451327433628;0.009776536312849162
Alto patrimônio - imobiliário diversificado com rural/agropecuário e societário;CE;13;452;611;0.028761061946902654;0.02127659574468085
Alto patrimônio - imobiliário diversificado com rural/agropecuário e societário;DF;12;452;606;0.02654867256637168;0.019801980198019802
Alto patrimônio - imobiliário diversificado com rural/agropecuário e societário;PE;11;452;572;0.024336283185840708;0.019230769230769232
Alto patrimônio - imobiliário diversificado com rural/agropecuário e societário;PI;11;452;262;0.024336283185840708;0.04198473282442748
Alto patrimônio - imobiliário diversificado com rural/agropecuário e societário;ES;10;452;481;0.022123893805309734;0.02079002079002079
Alto patrimônio - imobiliário diversificado com rural/agropecuário e societário;AC;8;452;281;0.017699115044247787;0.028469750889679714
Alto patrimônio - imobiliário diversificado com rural/agropecuário e societário;AL;8;452;239;0.017699115044247787;0.03347280334728033
Alto patrimônio - imobiliário diversificado com rural/agropecuário e societário;RN;8;452;356;0.017699115044247787;0.02247191011235955
Alto patrimônio - imobiliário diversificado com rural/agropecuário e societário;RR;8;452;343;0.017699115044247787;0.023323615160349854
Alto patrimônio - imobiliário diversificado com rural/agropecuário e societário;AP;4;452;267;0.008849557522123894;0.0149812734082397
Alto patrimônio - imobiliário diversificado com rural/agropecuário e societário;SE;4;452;322;0.008849557522123894;0.012422360248447204
Alto patrimônio - imobiliário diversificado com rural/agropecuário e societário;AM;3;452;398;0.00663716814159292;0.007537688442211055
Alto patrimônio - imobiliário diversificado com societário e créditos e direitos;SP;78;470;2528;0.16595744680851063;0.030854430379746837
Alto patrimônio - imobiliário diversificado com societário e créditos e direitos;PR;44;470;1154;0.09361702127659574;0.038128249566724434
Alto patrimônio - imobiliário diversificado com societário e créditos e direitos;MG;42;470;1668;0.08936170212765958;0.025179856115107913
Alto patrimônio - imobiliário diversificado com societário e créditos e direitos;SC;31;470;752;0.06595744680851064;0.041223404255319146
Alto patrimônio - imobiliário diversificado com societário e créditos e direitos;GO;29;470;766;0.06170212765957447;0.037859007832898174
Alto patrimônio - imobiliário diversificado com societário e créditos e direitos;BA;26;470;999;0.05531914893617021;0.026026026026026026
Alto patrimônio - imobiliário diversificado com societário e créditos e direitos;MS;22;470;394;0.04680851063829787;0.05583756345177665
Alto patrimônio - imobiliário diversificado com societário e créditos e direitos;RJ;22;470;1432;0.04680851063829787;0.015363128491620111
Alto patrimônio - imobiliário diversificado com societário e créditos e direitos;RS;22;470;975;0.04680851063829787;0.022564102564102566
Alto patrimônio - imobiliário diversificado com societário e créditos e direitos;MT;15;470;380;0.031914893617021274;0.039473684210526314
Alto patrimônio - imobiliário diversificado com societário e créditos e direitos;PE;15;470;572;0.031914893617021274;0.026223776223776224
Alto patrimônio - imobiliário diversificado com societário e créditos e direitos;PA;13;470;556;0.027659574468085105;0.023381294964028777
Alto patrimônio - imobiliário diversificado com societário e créditos e direitos;RO;13;470;454;0.027659574468085105;0.028634361233480177
Alto patrimônio - imobiliário diversificado com societário e créditos e direitos;ES;12;470;481;0.02553191489361702;0.02494802494802495
Alto patrimônio - imobiliário diversificado com societário e créditos e direitos;CE;9;470;611;0.019148936170212766;0.014729950900163666
Alto patrimônio - imobiliário diversificado com societário e créditos e direitos;RN;9;470;356;0.019148936170212766;0.025280898876404494
Alto patrimônio - imobiliário diversificado com societário e créditos e direitos;SE;9;470;322;0.019148936170212766;0.027950310559006212
Alto patrimônio - imobiliário diversificado com societário e créditos e direitos;AL;8;470;239;0.01702127659574468;0.03347280334728033
Alto patrimônio - imobiliário diversificado com societário e créditos e direitos;PI;8;470;262;0.01702127659574468;0.030534351145038167
Alto patrimônio - imobiliário diversificado com societário e créditos e direitos;DF;7;470;606;0.014893617021276596;0.01155115511551155
Alto patrimônio - imobiliário diversificado com societário e créditos e direitos;MA;7;470;575;0.014893617021276596;0.01217391304347826
Alto patrimônio - imobiliário diversificado com societário e créditos e direitos;TO;7;470;411;0.014893617021276596;0.0170316301703163
Alto patrimônio - imobiliário diversificado com societário e créditos e direitos;PB;6;470;413;0.01276595744680851;0.014527845036319613
Alto patrimônio - imobiliário diversificado com societário e créditos e direitos;AC;5;470;281;0.010638297872340425;0.017793594306049824
Alto patrimônio - imobiliário diversificado com societário e créditos e direitos;AM;5;470;398;0.010638297872340425;0.01256281407035176
Alto patrimônio - imobiliário diversificado com societário e créditos e direitos;AP;3;470;267;0.006382978723404255;0.011235955056179775
Alto patrimônio - imobiliário diversificado com societário e créditos e direitos;RR;3;470;343;0.006382978723404255;0.008746355685131196
Baixo patrimônio - dinheiro em espécie concentrado;PR;64;364;1154;0.17582417582417584;0.05545927209705372
Baixo patrimônio - dinheiro em espécie concentrado;RJ;49;364;1432;0.1346153846153846;0.034217877094972066
Baixo patrimônio - dinheiro em espécie concentrado;AM;43;364;398;0.11813186813186813;0.10804020100502512
Baixo patrimônio - dinheiro em espécie concentrado;BA;29;364;999;0.07967032967032966;0.02902902902902903
Baixo patrimônio - dinheiro em espécie concentrado;RO;29;364;454;0.07967032967032966;0.06387665198237885
Baixo patrimônio - dinheiro em espécie concentrado;SP;26;364;2528;0.07142857142857142;0.010284810126582278
Baixo patrimônio - dinheiro em espécie concentrado;GO;21;364;766;0.057692307692307696;0.02741514360313316
Baixo patrimônio - dinheiro em espécie concentrado;MG;17;364;1668;0.046703296703296704;0.010191846522781775
Baixo patrimônio - dinheiro em espécie concentrado;ES;13;364;481;0.03571428571428571;0.02702702702702703
Baixo patrimônio - dinheiro em espécie concentrado;TO;13;364;411;0.03571428571428571;0.031630170316301706
Baixo patrimônio - dinheiro em espécie concentrado;CE;11;364;611;0.03021978021978022;0.01800327332242226
Baixo patrimônio - dinheiro em espécie concentrado;RN;9;364;356;0.024725274725274724;0.025280898876404494
Baixo patrimônio - dinheiro em espécie concentrado;MS;8;364;394;0.02197802197802198;0.02030456852791878
Baixo patrimônio - dinheiro em espécie concentrado;RS;7;364;975;0.019230769230769232;0.0071794871794871795
Baixo patrimônio - dinheiro em espécie concentrado;RR;6;364;343;0.016483516483516484;0.01749271137026239
Baixo patrimônio - dinheiro em espécie concentrado;MT;3;364;380;0.008241758241758242;0.007894736842105263
Baixo patrimônio - dinheiro em espécie concentrado;PB;3;364;413;0.008241758241758242;0.007263922518159807
Baixo patrimônio - dinheiro em espécie concentrado;SC;3;364;752;0.008241758241758242;0.003989361702127659
Baixo patrimônio - dinheiro em espécie concentrado;DF;2;364;606;0.005494505494505495;0.0033003300330033004
Baixo patrimônio - dinheiro em espécie concentrado;MA;2;364;575;0.005494505494505495;0.0034782608695652175
Baixo patrimônio - dinheiro em espécie concentrado;PE;2;364;572;0.005494505494505495;0.0034965034965034965
Baixo patrimônio - dinheiro em espécie concentrado;PI;2;364;262;0.005494505494505495;0.007633587786259542
Baixo patrimônio - dinheiro em espécie concentrado;AL;1;364;239;0.0027472527472527475;0.0041841004184100415
Baixo patrimônio - dinheiro em espécie concentrado;PA;1;364;556;0.0027472527472527475;0.0017985611510791368
Baixo patrimônio - financeiro concentrado;SP;140;684;2528;0.2046783625730994;0.055379746835443035
Baixo patrimônio - financeiro concentrado;RJ;120;684;1432;0.17543859649122806;0.08379888268156424
Baixo patrimônio - financeiro concentrado;PR;57;684;1154;0.08333333333333333;0.049393414211438474
Baixo patrimônio - financeiro concentrado;RS;55;684;975;0.0804093567251462;0.05641025641025641
Baixo patrimônio - financeiro concentrado;BA;52;684;999;0.07602339181286549;0.05205205205205205
Baixo patrimônio - financeiro concentrado;MG;42;684;1668;0.06140350877192982;0.025179856115107913
Baixo patrimônio - financeiro concentrado;GO;24;684;766;0.03508771929824561;0.031331592689295036
Baixo patrimônio - financeiro concentrado;PE;20;684;572;0.029239766081871343;0.03496503496503497
Baixo patrimônio - financeiro concentrado;SC;18;684;752;0.02631578947368421;0.023936170212765957
Baixo patrimônio - financeiro concentrado;PA;16;684;556;0.023391812865497075;0.02877697841726619
Baixo patrimônio - financeiro concentrado;CE;15;684;611;0.021929824561403508;0.024549918166939442
Baixo patrimônio - financeiro concentrado;DF;15;684;606;0.021929824561403508;0.024752475247524754
Baixo patrimônio - financeiro concentrado;RN;15;684;356;0.021929824561403508;0.042134831460674156
Baixo patrimônio - financeiro concentrado;PI;14;684;262;0.02046783625730994;0.05343511450381679
Baixo patrimônio - financeiro concentrado;ES;11;684;481;0.01608187134502924;0.02286902286902287
Baixo patrimônio - financeiro concentrado;AL;10;684;239;0.014619883040935672;0.04184100418410042
Baixo patrimônio - financeiro concentrado;RO;9;684;454;0.013157894736842105;0.019823788546255508
Baixo patrimônio - financeiro concentrado;MA;8;684;575;0.011695906432748537;0.01391304347826087
Baixo patrimônio - financeiro concentrado;MS;8;684;394;0.011695906432748537;0.02030456852791878
Baixo patrimônio - financeiro concentrado;PB;8;684;413;0.011695906432748537;0.01937046004842615
Baixo patrimônio - financeiro concentrado;MT;7;684;380;0.01023391812865497;0.018421052631578946
Baixo patrimônio - financeiro concentrado;SE;7;684;322;0.01023391812865497;0.021739130434782608
Baixo patrimônio - financeiro concentrado;TO;6;684;411;0.008771929824561403;0.014598540145985401
Baixo patrimônio - financeiro concentrado;AM;4;684;398;0.005847953216374269;0.010050251256281407
Baixo patrimônio - financeiro concentrado;AC;2;684;281;0.0029239766081871343;0.0071174377224199285
Baixo patrimônio - financeiro concentrado;RR;1;684;343;0.0014619883040935672;0.0029154518950437317
Baixo patrimônio - imobiliário + veicular;SP;38;306;2528;0.12418300653594772;0.015031645569620253
Baixo patrimônio - imobiliário + veicular;MG;29;306;1668;0.09477124183006536;0.01738609112709832
Baixo patrimônio - imobiliário + veicular;BA;22;306;999;0.0718954248366013;0.022022022022022022
Baixo patrimônio - imobiliário + veicular;RJ;22;306;1432;0.0718954248366013;0.015363128491620111
Baixo patrimônio - imobiliário + veicular;PR;15;306;1154;0.049019607843137254;0.012998266897746967
Baixo patrimônio - imobiliário + veicular;GO;14;306;766;0.0457516339869281;0.018276762402088774
Baixo patrimônio - imobiliário + veicular;RN;14;306;356;0.0457516339869281;0.03932584269662921
Baixo patrimônio - imobiliário + veicular;RS;14;306;975;0.0457516339869281;0.014358974358974359
Baixo patrimônio - imobiliário + veicular;CE;13;306;611;0.042483660130718956;0.02127659574468085
Baixo patrimônio - imobiliário + veicular;PB;11;306;413;0.03594771241830065;0.026634382566585957
Baixo patrimônio - imobiliário + veicular;PE;11;306;572;0.03594771241830065;0.019230769230769232
Baixo patrimônio - imobiliário + veicular;PA;10;306;556;0.032679738562091505;0.017985611510791366
Baixo patrimônio - imobiliário + veicular;RO;9;306;454;0.029411764705882353;0.019823788546255508
Baixo patrimônio - imobiliário + veicular;TO;9;306;411;0.029411764705882353;0.021897810218978103
Baixo patrimônio - imobiliário + veicular;MA;8;306;575;0.026143790849673203;0.01391304347826087
Baixo patrimônio - imobiliário + veicular;RR;8;306;343;0.026143790849673203;0.023323615160349854
Baixo patrimônio - imobiliário + veicular;SC;8;306;752;0.026143790849673203;0.010638297872340425
Baixo patrimônio - imobiliário + veicular;AL;7;306;239;0.02287581699346405;0.029288702928870293
Baixo patrimônio - imobiliário + veicular;ES;7;306;481;0.02287581699346405;0.014553014553014554
Baixo patrimônio - imobiliário + veicular;AM;6;306;398;0.0196078431372549;0.01507537688442211
Baixo patrimônio - imobiliário + veicular;AP;6;306;267;0.0196078431372549;0.02247191011235955
Baixo patrimônio - imobiliário + veicular;MS;6;306;394;0.0196078431372549;0.015228426395939087
Baixo patrimônio - imobiliário + veicular;PI;6;306;262;0.0196078431372549;0.022900763358778626
Baixo patrimônio - imobiliário + veicular;SE;5;306;322;0.016339869281045753;0.015527950310559006
Baixo patrimônio - imobiliário + veicular;AC;4;306;281;0.013071895424836602;0.014234875444839857
Baixo patrimônio - imobiliário + veicular;DF;2;306;606;0.006535947712418301;0.0033003300330033004
Baixo patrimônio - imobiliário + veicular;MT;2;306;380;0.006535947712418301;0.005263157894736842
Baixo patrimônio - imobiliário concentrado;SP;70;718;2528;0.09749303621169916;0.027689873417721517
Baixo patrimônio - imobiliário concentrado;BA;67;718;999;0.09331476323119778;0.06706706706706707
Baixo patrimônio - imobiliário concentrado;RJ;53;718;1432;0.07381615598885793;0.037011173184357544
Baixo patrimônio - imobiliário concentrado;MA;49;718;575;0.06824512534818941;0.08521739130434783
Baixo patrimônio - imobiliário concentrado;MG;43;718;1668;0.05988857938718663;0.02577937649880096
Baixo patrimônio - imobiliário concentrado;PE;40;718;572;0.055710306406685235;0.06993006993006994
Baixo patrimônio - imobiliário concentrado;PA;35;718;556;0.04874651810584958;0.06294964028776978
Baixo patrimônio - imobiliário concentrado;PB;27;718;413;0.037604456824512536;0.06537530266343826
Baixo patrimônio - imobiliário concentrado;AP;26;718;267;0.036211699164345405;0.09737827715355805
Baixo patrimônio - imobiliário concentrado;CE;26;718;611;0.036211699164345405;0.0425531914893617
Baixo patrimônio - imobiliário concentrado;RN;24;718;356;0.033426183844011144;0.06741573033707865
Baixo patrimônio - imobiliário concentrado;PR;23;718;1154;0.03203342618384401;0.01993067590987868
Baixo patrimônio - imobiliário concentrado;RS;23;718;975;0.03203342618384401;0.02358974358974359
Baixo patrimônio - imobiliário concentrado;AM;22;718;398;0.03064066852367688;0.05527638190954774
Baixo patrimônio - imobiliário concentrado;SE;22;718;322;0.03064066852367688;0.06832298136645963
Baixo patrimônio - imobiliário concentrado;GO;21;718;766;0.02924791086350975;0.02741514360313316
Baixo patrimônio - imobiliário concentrado;ES;18;718;481;0.025069637883008356;0.037422037422037424
Baixo patrimônio - imobiliário concentrado;RO;18;718;454;0.025069637883008356;0.039647577092511016
Baixo patrimônio - imobiliário concentrado;PI;17;718;262;0.023676880222841225;0.0648854961832061
Baixo patrimônio - imobiliário concentrado;TO;16;718;411;0.022284122562674095;0.038929440389294405
Baixo patrimônio - imobiliário concentrado;MS;15;718;394;0.020891364902506964;0.03807106598984772
Baixo patrimônio - imobiliário concentrado;AC;13;718;281;0.018105849582172703;0.046263345195729534
Baixo patrimônio - imobiliário concentrado;AL;12;718;239;0.016713091922005572;0.0502092050209205
Baixo patrimônio - imobiliário concentrado;RR;12;718;343;0.016713091922005572;0.03498542274052478
Baixo patrimônio - imobiliário concentrado;SC;11;718;752;0.01532033426183844;0.014627659574468085
Baixo patrimônio - imobiliário concentrado;DF;8;718;606;0.011142061281337047;0.013201320132013201
Baixo patrimônio - imobiliário concentrado;MT;7;718;380;0.009749303621169917;0.018421052631578946
Baixo patrimônio - outros ativos diversificado;SP;95;258;2528;0.3682170542635659;0.03757911392405063
Baixo patrimônio - outros ativos diversificado;RJ;17;258;1432;0.06589147286821706;0.011871508379888268
Baixo patrimônio - outros ativos diversificado;MG;14;258;1668;0.05426356589147287;0.008393285371702638
Baixo patrimônio - outros ativos diversificado;PR;12;258;1154;0.046511627906976744;0.010398613518197574
Baixo patrimônio - outros ativos diversificado;PA;11;258;556;0.04263565891472868;0.019784172661870502
Baixo patrimônio - outros ativos diversificado;BA;10;258;999;0.03875968992248062;0.01001001001001001
Baixo patrimônio - outros ativos diversificado;RS;10;258;975;0.03875968992248062;0.010256410256410256
Baixo patrimônio - outros ativos diversificado;SC;10;258;752;0.03875968992248062;0.013297872340425532
Baixo patrimônio - outros ativos diversificado;DF;9;258;606;0.03488372093023256;0.01485148514851485
Baixo patrimônio - outros ativos diversificado;RO;8;258;454;0.031007751937984496;0.01762114537444934
Baixo patrimônio - outros ativos diversificado;AL;6;258;239;0.023255813953488372;0.02510460251046025
Baixo patrimônio - outros ativos diversificado;MA;6;258;575;0.023255813953488372;0.010434782608695653
Baixo patrimônio - outros ativos diversificado;PE;6;258;572;0.023255813953488372;0.01048951048951049
Baixo patrimônio - outros ativos diversificado;RN;6;258;356;0.023255813953488372;0.016853932584269662
Baixo patrimônio - outros ativos diversificado;SE;6;258;322;0.023255813953488372;0.018633540372670808
Baixo patrimônio - outros ativos diversificado;AM;5;258;398;0.01937984496124031;0.01256281407035176
Baixo patrimônio - outros ativos diversificado;ES;5;258;481;0.01937984496124031;0.010395010395010396
Baixo patrimônio - outros ativos diversificado;AC;3;258;281;0.011627906976744186;0.010676156583629894
Baixo patrimônio - outros ativos diversificado;CE;3;258;611;0.011627906976744186;0.004909983633387889
Baixo patrimônio - outros ativos diversificado;GO;3;258;766;0.011627906976744186;0.0039164490861618795
Baixo patrimônio - outros ativos diversificado;MS;3;258;394;0.011627906976744186;0.007614213197969543
Baixo patrimônio - outros ativos diversificado;PI;3;258;262;0.011627906976744186;0.011450381679389313
Baixo patrimônio - outros ativos diversificado;MT;2;258;380;0.007751937984496124;0.005263157894736842
Baixo patrimônio - outros ativos diversificado;PB;2;258;413;0.007751937984496124;0.004842615012106538
Baixo patrimônio - outros ativos diversificado;RR;2;258;343;0.007751937984496124;0.0058309037900874635
Baixo patrimônio - outros ativos diversificado;TO;1;258;411;0.003875968992248062;0.0024330900243309003
Baixo patrimônio - societário concentrado;SP;65;411;2528;0.15815085158150852;0.025712025316455698
Baixo patrimônio - societário concentrado;RJ;51;411;1432;0.12408759124087591;0.0356145251396648
Baixo patrimônio - societário concentrado;PR;28;411;1154;0.0681265206812652;0.024263431542461005
Baixo patrimônio - societário concentrado;MG;25;411;1668;0.06082725060827251;0.01498800959232614
Baixo patrimônio - societário concentrado;DF;20;411;606;0.04866180048661801;0.033003300330033
Baixo patrimônio - societário concentrado;ES;18;411;481;0.043795620437956206;0.037422037422037424
Baixo patrimônio - societário concentrado;PA;18;411;556;0.043795620437956206;0.03237410071942446
Baixo patrimônio - societário concentrado;RS;18;411;975;0.043795620437956206;0.018461538461538463
Baixo patrimônio - societário concentrado;GO;17;411;766;0.0413625304136253;0.022193211488250653
Baixo patrimônio - societário concentrado;AM;15;411;398;0.0364963503649635;0.03768844221105527
Baixo patrimônio - societário concentrado;BA;15;411;999;0.0364963503649635;0.015015015015015015
Baixo patrimônio - societário concentrado;CE;14;411;611;0.0340632603406326;0.022913256955810146
Baixo patrimônio - societário concentrado;RO;14;411;454;0.0340632603406326;0.030837004405286344
Baixo patrimônio - societário concentrado;SC;13;411;752;0.031630170316301706;0.017287234042553192
Baixo patrimônio - societário concentrado;PE;12;411;572;0.029197080291970802;0.02097902097902098
Baixo patrimônio - societário concentrado;RR;12;411;343;0.029197080291970802;0.03498542274052478
Baixo patrimônio - societário concentrado;AP;8;411;267;0.019464720194647202;0.0299625468164794
Baixo patrimônio - societário concentrado;MS;7;411;394;0.0170316301703163;0.017766497461928935
Baixo patrimônio - societário concentrado;RN;7;411;356;0.0170316301703163;0.019662921348314606
Baixo patrimônio - societário concentrado;AC;6;411;281;0.014598540145985401;0.021352313167259787
Baixo patrimônio - societário concentrado;MA;5;411;575;0.012165450121654502;0.008695652173913044
Baixo patrimônio - societário concentrado;MT;5;411;380;0.012165450121654502;0.013157894736842105
Baixo patrimônio - societário concentrado;AL;4;411;239;0.009732360097323601;0.016736401673640166
Baixo patrimônio - societário concentrado;PI;4;411;262;0.009732360097323601;0.015267175572519083
Baixo patrimônio - societário concentrado;SE;4;411;322;0.009732360097323601;0.012422360248447204
Baixo patrimônio - societário concentrado;TO;4;411;411;0.009732360097323601;0.009732360097323601
Baixo patrimônio - societário concentrado;PB;2;411;413;0.004866180048661801;0.004842615012106538
Baixo patrimônio - veicular concentrado com financeiro e societário;SP;91;426;2528;0.2136150234741784;0.03599683544303797
Baixo patrimônio - veicular concentrado com financeiro e societário;RJ;48;426;1432;0.11267605633802817;0.0335195530726257
Baixo patrimônio - veicular concentrado com financeiro e societário;MG;40;426;1668;0.09389671361502347;0.023980815347721823
Baixo patrimônio - veicular concentrado com financeiro e societário;RS;39;426;975;0.09154929577464789;0.04
Baixo patrimônio - veicular concentrado com financeiro e societário;PR;32;426;1154;0.07511737089201878;0.02772963604852686
Baixo patrimônio - veicular concentrado com financeiro e societário;BA;19;426;999;0.04460093896713615;0.01901901901901902
Baixo patrimônio - veicular concentrado com financeiro e societário;RN;18;426;356;0.04225352112676056;0.05056179775280899
Baixo patrimônio - veicular concentrado com financeiro e societário;SC;17;426;752;0.03990610328638498;0.022606382978723406
Baixo patrimônio - veicular concentrado com financeiro e societário;CE;13;426;611;0.03051643192488263;0.02127659574468085
Baixo patrimônio - veicular concentrado com financeiro e societário;DF;12;426;606;0.028169014084507043;0.019801980198019802
Baixo patrimônio - veicular concentrado com financeiro e societário;GO;12;426;766;0.028169014084507043;0.015665796344647518
Baixo patrimônio - veicular concentrado com financeiro e societário;MT;9;426;380;0.02112676056338028;0.02368421052631579
Baixo patrimônio - veicular concentrado com financeiro e societário;PI;9;426;262;0.02112676056338028;0.03435114503816794
Baixo patrimônio - veicular concentrado com financeiro e societário;ES;8;426;481;0.018779342723004695;0.016632016632016633
Baixo patrimônio - veicular concentrado com financeiro e societário;PE;8;426;572;0.018779342723004695;0.013986013986013986
Baixo patrimônio - veicular concentrado com financeiro e societário;RO;8;426;454;0.018779342723004695;0.01762114537444934
Baixo patrimônio - veicular concentrado com financeiro e societário;TO;7;426;411;0.01643192488262911;0.0170316301703163
Baixo patrimônio - veicular concentrado com financeiro e societário;MA;6;426;575;0.014084507042253521;0.010434782608695653
Baixo patrimônio - veicular concentrado com financeiro e societário;PB;5;426;413;0.011737089201877934;0.012106537530266344
Baixo patrimônio - veicular concentrado com financeiro e societário;AC;4;426;281;0.009389671361502348;0.014234875444839857
Baixo patrimônio - veicular concentrado com financeiro e societário;AM;4;426;398;0.009389671361502348;0.010050251256281407
Baixo patrimônio - veicular concentrado com financeiro e societário;MS;4;426;394;0.009389671361502348;0.01015228426395939
Baixo patrimônio - veicular concentrado com financeiro e societário;PA;4;426;556;0.009389671361502348;0.007194244604316547
Baixo patrimônio - veicular concentrado com financeiro e societário;RR;4;426;343;0.009389671361502348;0.011661807580174927
Baixo patrimônio - veicular concentrado com financeiro e societário;SE;3;426;322;0.007042253521126761;0.009316770186335404
Baixo patrimônio - veicular concentrado com financeiro e societário;AL;2;426;239;0.004694835680751174;0.008368200836820083
Baixo patrimônio - veicular concentrado com rural/agropecuário e dinheiro em espécie;MG;231;2191;1668;0.10543130990415335;0.13848920863309352
Baixo patrimônio - veicular concentrado com rural/agropecuário e dinheiro em espécie;SP;220;2191;2528;0.10041077133728891;0.08702531645569621
Baixo patrimônio - veicular concentrado com rural/agropecuário e dinheiro em espécie;RJ;150;2191;1432;0.06846188954815152;0.10474860335195531
Baixo patrimônio - veicular concentrado com rural/agropecuário e dinheiro em espécie;PR;145;2191;1154;0.06617982656321314;0.12564991334488734
Baixo patrimônio - veicular concentrado com rural/agropecuário e dinheiro em espécie;BA;125;2191;999;0.057051574623459604;0.12512512512512514
Baixo patrimônio - veicular concentrado com rural/agropecuário e dinheiro em espécie;RS;118;2191;975;0.053856686444545866;0.12102564102564102
Baixo patrimônio - veicular concentrado com rural/agropecuário e dinheiro em espécie;CE;95;2191;611;0.043359196713829304;0.15548281505728315
Baixo patrimônio - veicular concentrado com rural/agropecuário e dinheiro em espécie;PE;94;2191;572;0.042902784116841626;0.16433566433566432
Baixo patrimônio - veicular concentrado com rural/agropecuário e dinheiro em espécie;DF;84;2191;606;0.038338658146964855;0.13861386138613863
Baixo patrimônio - veicular concentrado com rural/agropecuário e dinheiro em espécie;SC;80;2191;752;0.03651300775901415;0.10638297872340426
Baixo patrimônio - veicular concentrado com rural/agropecuário e dinheiro em espécie;GO;78;2191;766;0.035600182565038795;0.10182767624020887
Baixo patrimônio - veicular concentrado com rural/agropecuário e dinheiro em espécie;PA;70;2191;556;0.03194888178913738;0.12589928057553956
Baixo patrimônio - veicular concentrado com rural/agropecuário e dinheiro em espécie;ES;68;2191;481;0.031036056595162027;0.14137214137214138
Baixo patrimônio - veicular concentrado com rural/agropecuário e dinheiro em espécie;RR;66;2191;343;0.030123231401186674;0.1924198250728863
Baixo patrimônio - veicular concentrado com rural/agropecuário e dinheiro em espécie;MA;60;2191;575;0.02738475581926061;0.10434782608695652
Baixo patrimônio - veicular concentrado com rural/agropecuário e dinheiro em espécie;RO;56;2191;454;0.025559105431309903;0.12334801762114538
Baixo patrimônio - veicular concentrado com rural/agropecuário e dinheiro em espécie;AC;51;2191;281;0.02327704244637152;0.18149466192170818
Baixo patrimônio - veicular concentrado com rural/agropecuário e dinheiro em espécie;PB;51;2191;413;0.02327704244637152;0.1234866828087167
Baixo patrimônio - veicular concentrado com rural/agropecuário e dinheiro em espécie;RN;51;2191;356;0.02327704244637152;0.14325842696629212
Baixo patrimônio - veicular concentrado com rural/agropecuário e dinheiro em espécie;MS;42;2191;394;0.019169329073482427;0.1065989847715736
Baixo patrimônio - veicular concentrado com rural/agropecuário e dinheiro em espécie;MT;38;2191;380;0.01734367868553172;0.1
Baixo patrimônio - veicular concentrado com rural/agropecuário e dinheiro em espécie;PI;38;2191;262;0.01734367868553172;0.1450381679389313
Baixo patrimônio - veicular concentrado com rural/agropecuário e dinheiro em espécie;TO;38;2191;411;0.01734367868553172;0.09245742092457421
Baixo patrimônio - veicular concentrado com rural/agropecuário e dinheiro em espécie;AM;37;2191;398;0.016887266088544045;0.09296482412060302
Baixo patrimônio - veicular concentrado com rural/agropecuário e dinheiro em espécie;SE;37;2191;322;0.016887266088544045;0.11490683229813664
Baixo patrimônio - veicular concentrado com rural/agropecuário e dinheiro em espécie;AP;35;2191;267;0.01597444089456869;0.13108614232209737
Baixo patrimônio - veicular concentrado com rural/agropecuário e dinheiro em espécie;AL;33;2191;239;0.015061615700593337;0.13807531380753138
Patrimônio médio-alto - imobiliário + veicular com veicular e financeiro;SP;135;620;2528;0.21774193548387097;0.053401898734177215
Patrimônio médio-alto - imobiliário + veicular com veicular e financeiro;MG;58;620;1668;0.0935483870967742;0.03477218225419664
Patrimônio médio-alto - imobiliário + veicular com veicular e financeiro;RJ;51;620;1432;0.08225806451612903;0.0356145251396648
Patrimônio médio-alto - imobiliário + veicular com veicular e financeiro;RS;46;620;975;0.07419354838709677;0.04717948717948718
Patrimônio médio-alto - imobiliário + veicular com veicular e financeiro;PR;41;620;1154;0.06612903225806452;0.03552859618717504
Patrimônio médio-alto - imobiliário + veicular com veicular e financeiro;SC;29;620;752;0.0467741935483871;0.03856382978723404
Patrimônio médio-alto - imobiliário + veicular com veicular e financeiro;BA;26;620;999;0.041935483870967745;0.026026026026026026
Patrimônio médio-alto - imobiliário + veicular com veicular e financeiro;GO;22;620;766;0.035483870967741936;0.028720626631853787
Patrimônio médio-alto - imobiliário + veicular com veicular e financeiro;MT;21;620;380;0.03387096774193549;0.05526315789473684
Patrimônio médio-alto - imobiliário + veicular com veicular e financeiro;DF;19;620;606;0.03064516129032258;0.03135313531353135
Patrimônio médio-alto - imobiliário + veicular com veicular e financeiro;TO;19;620;411;0.03064516129032258;0.046228710462287104
Patrimônio médio-alto - imobiliário + veicular com veicular e financeiro;ES;18;620;481;0.02903225806451613;0.037422037422037424
Patrimônio médio-alto - imobiliário + veicular com veicular e financeiro;PE;16;620;572;0.025806451612903226;0.027972027972027972
Patrimônio médio-alto - imobiliário + veicular com veicular e financeiro;CE;13;620;611;0.020967741935483872;0.02127659574468085
Patrimônio médio-alto - imobiliário + veicular com veicular e financeiro;PB;13;620;413;0.020967741935483872;0.031476997578692496
Patrimônio médio-alto - imobiliário + veicular com veicular e financeiro;AL;12;620;239;0.01935483870967742;0.0502092050209205
Patrimônio médio-alto - imobiliário + veicular com veicular e financeiro;RO;11;620;454;0.017741935483870968;0.024229074889867842
Patrimônio médio-alto - imobiliário + veicular com veicular e financeiro;SE;11;620;322;0.017741935483870968;0.034161490683229816
Patrimônio médio-alto - imobiliário + veicular com veicular e financeiro;MS;10;620;394;0.016129032258064516;0.025380710659898477
Patrimônio médio-alto - imobiliário + veicular com veicular e financeiro;PA;10;620;556;0.016129032258064516;0.017985611510791366
Patrimônio médio-alto - imobiliário + veicular com veicular e financeiro;MA;9;620;575;0.014516129032258065;0.01565217391304348
Patrimônio médio-alto - imobiliário + veicular com veicular e financeiro;RN;9;620;356;0.014516129032258065;0.025280898876404494
Patrimônio médio-alto - imobiliário + veicular com veicular e financeiro;AM;8;620;398;0.012903225806451613;0.020100502512562814
Patrimônio médio-alto - imobiliário + veicular com veicular e financeiro;PI;6;620;262;0.00967741935483871;0.022900763358778626
Patrimônio médio-alto - imobiliário + veicular com veicular e financeiro;AP;3;620;267;0.004838709677419355;0.011235955056179775
Patrimônio médio-alto - imobiliário + veicular com veicular e financeiro;RR;3;620;343;0.004838709677419355;0.008746355685131196
Patrimônio médio-alto - imobiliário + veicular com veicular e financeiro;AC;1;620;281;0.0016129032258064516;0.0035587188612099642
Patrimônio médio-alto - imobiliário + veicular com veicular e societário;SP;69;427;2528;0.16159250585480095;0.027294303797468354
Patrimônio médio-alto - imobiliário + veicular com veicular e societário;RS;41;427;975;0.09601873536299765;0.04205128205128205
Patrimônio médio-alto - imobiliário + veicular com veicular e societário;MG;37;427;1668;0.08665105386416862;0.022182254196642687
Patrimônio médio-alto - imobiliário + veicular com veicular e societário;SC;37;427;752;0.08665105386416862;0.04920212765957447
Patrimônio médio-alto - imobiliário + veicular com veicular e societário;RJ;28;427;1432;0.06557377049180328;0.019553072625698324
Patrimônio médio-alto - imobiliário + veicular com veicular e societário;PR;24;427;1154;0.05620608899297424;0.02079722703639515
Patrimônio médio-alto - imobiliário + veicular com veicular e societário;BA;17;427;999;0.03981264637002342;0.01701701701701702
Patrimônio médio-alto - imobiliário + veicular com veicular e societário;ES;16;427;481;0.03747072599531616;0.033264033264033266
Patrimônio médio-alto - imobiliário + veicular com veicular e societário;GO;16;427;766;0.03747072599531616;0.020887728459530026
Patrimônio médio-alto - imobiliário + veicular com veicular e societário;RO;16;427;454;0.03747072599531616;0.03524229074889868
Patrimônio médio-alto - imobiliário + veicular com veicular e societário;MT;12;427;380;0.02810304449648712;0.031578947368421054
Patrimônio médio-alto - imobiliário + veicular com veicular e societário;TO;12;427;411;0.02810304449648712;0.029197080291970802
Patrimônio médio-alto - imobiliário + veicular com veicular e societário;CE;11;427;611;0.02576112412177986;0.01800327332242226
Patrimônio médio-alto - imobiliário + veicular com veicular e societário;DF;11;427;606;0.02576112412177986;0.018151815181518153
Patrimônio médio-alto - imobiliário + veicular com veicular e societário;PB;11;427;413;0.02576112412177986;0.026634382566585957
Patrimônio médio-alto - imobiliário + veicular com veicular e societário;MS;10;427;394;0.0234192037470726;0.025380710659898477
Patrimônio médio-alto - imobiliário + veicular com veicular e societário;PE;9;427;572;0.02107728337236534;0.015734265734265736
Patrimônio médio-alto - imobiliário + veicular com veicular e societário;PA;8;427;556;0.01873536299765808;0.014388489208633094
Patrimônio médio-alto - imobiliário + veicular com veicular e societário;PI;7;427;262;0.01639344262295082;0.026717557251908396
Patrimônio médio-alto - imobiliário + veicular com veicular e societário;RN;7;427;356;0.01639344262295082;0.019662921348314606
Patrimônio médio-alto - imobiliário + veicular com veicular e societário;AL;5;427;239;0.0117096018735363;0.02092050209205021
Patrimônio médio-alto - imobiliário + veicular com veicular e societário;AP;5;427;267;0.0117096018735363;0.018726591760299626
Patrimônio médio-alto - imobiliário + veicular com veicular e societário;MA;5;427;575;0.0117096018735363;0.008695652173913044
Patrimônio médio-alto - imobiliário + veicular com veicular e societário;AC;4;427;281;0.00936768149882904;0.014234875444839857
Patrimônio médio-alto - imobiliário + veicular com veicular e societário;SE;4;427;322;0.00936768149882904;0.012422360248447204
Patrimônio médio-alto - imobiliário + veicular com veicular e societário;AM;3;427;398;0.00702576112412178;0.007537688442211055
Patrimônio médio-alto - imobiliário + veicular com veicular e societário;RR;2;427;343;0.00468384074941452;0.0058309037900874635
Patrimônio médio-alto - imobiliário concentrado com financeiro e societário;SP;73;391;2528;0.1867007672634271;0.028876582278481014
Patrimônio médio-alto - imobiliário concentrado com financeiro e societário;MG;46;391;1668;0.11764705882352941;0.027577937649880094
Patrimônio médio-alto - imobiliário concentrado com financeiro e societário;RJ;41;391;1432;0.10485933503836317;0.02863128491620112
Patrimônio médio-alto - imobiliário concentrado com financeiro e societário;PR;29;391;1154;0.0741687979539642;0.02512998266897747
Patrimônio médio-alto - imobiliário concentrado com financeiro e societário;RS;25;391;975;0.0639386189258312;0.02564102564102564
Patrimônio médio-alto - imobiliário concentrado com financeiro e societário;BA;19;391;999;0.04859335038363171;0.01901901901901902
Patrimônio médio-alto - imobiliário concentrado com financeiro e societário;GO;19;391;766;0.04859335038363171;0.024804177545691905
Patrimônio médio-alto - imobiliário concentrado com financeiro e societário;CE;13;391;611;0.03324808184143223;0.02127659574468085
Patrimônio médio-alto - imobiliário concentrado com financeiro e societário;ES;13;391;481;0.03324808184143223;0.02702702702702703
Patrimônio médio-alto - imobiliário concentrado com financeiro e societário;DF;12;391;606;0.030690537084398978;0.019801980198019802
Patrimônio médio-alto - imobiliário concentrado com financeiro e societário;PE;12;391;572;0.030690537084398978;0.02097902097902098
Patrimônio médio-alto - imobiliário concentrado com financeiro e societário;SC;12;391;752;0.030690537084398978;0.015957446808510637
Patrimônio médio-alto - imobiliário concentrado com financeiro e societário;PA;8;391;556;0.020460358056265986;0.014388489208633094
Patrimônio médio-alto - imobiliário concentrado com financeiro e societário;PB;8;391;413;0.020460358056265986;0.01937046004842615
Patrimônio médio-alto - imobiliário concentrado com financeiro e societário;RO;8;391;454;0.020460358056265986;0.01762114537444934
Patrimônio médio-alto - imobiliário concentrado com financeiro e societário;MA;7;391;575;0.017902813299232736;0.01217391304347826
Patrimônio médio-alto - imobiliário concentrado com financeiro e societário;MT;7;391;380;0.017902813299232736;0.018421052631578946
Patrimônio médio-alto - imobiliário concentrado com financeiro e societário;PI;7;391;262;0.017902813299232736;0.026717557251908396
Patrimônio médio-alto - imobiliário concentrado com financeiro e societário;AL;6;391;239;0.015345268542199489;0.02510460251046025
Patrimônio médio-alto - imobiliário concentrado com financeiro e societário;MS;6;391;394;0.015345268542199489;0.015228426395939087
Patrimônio médio-alto - imobiliário concentrado com financeiro e societário;RN;5;391;356;0.01278772378516624;0.014044943820224719
Patrimônio médio-alto - imobiliário concentrado com financeiro e societário;SE;5;391;322;0.01278772378516624;0.015527950310559006
Patrimônio médio-alto - imobiliário concentrado com financeiro e societário;TO;4;391;411;0.010230179028132993;0.009732360097323601
Patrimônio médio-alto - imobiliário concentrado com financeiro e societário;AM;2;391;398;0.005115089514066497;0.005025125628140704
Patrimônio médio-alto - imobiliário concentrado com financeiro e societário;AP;2;391;267;0.005115089514066497;0.00749063670411985
Patrimônio médio-alto - imobiliário concentrado com financeiro e societário;AC;1;391;281;0.0025575447570332483;0.0035587188612099642
Patrimônio médio-alto - imobiliário concentrado com financeiro e societário;RR;1;391;343;0.0025575447570332483;0.0029154518950437317
Patrimônio médio-alto - imobiliário concentrado com societário e dinheiro em espécie;SP;86;670;2528;0.12835820895522387;0.03401898734177215
Patrimônio médio-alto - imobiliário concentrado com societário e dinheiro em espécie;MG;65;670;1668;0.09701492537313433;0.03896882494004796
Patrimônio médio-alto - imobiliário concentrado com societário e dinheiro em espécie;RJ;59;670;1432;0.0880597014925373;0.04120111731843575
Patrimônio médio-alto - imobiliário concentrado com societário e dinheiro em espécie;BA;49;670;999;0.07313432835820896;0.04904904904904905
Patrimônio médio-alto - imobiliário concentrado com societário e dinheiro em espécie;MA;37;670;575;0.05522388059701493;0.06434782608695652
Patrimônio médio-alto - imobiliário concentrado com societário e dinheiro em espécie;SC;33;670;752;0.049253731343283584;0.043882978723404256
Patrimônio médio-alto - imobiliário concentrado com societário e dinheiro em espécie;PR;28;670;1154;0.041791044776119404;0.024263431542461005
Patrimônio médio-alto - imobiliário concentrado com societário e dinheiro em espécie;CE;26;670;611;0.03880597014925373;0.0425531914893617
Patrimônio médio-alto - imobiliário concentrado com societário e dinheiro em espécie;DF;26;670;606;0.03880597014925373;0.0429042904290429
Patrimônio médio-alto - imobiliário concentrado com societário e dinheiro em espécie;ES;25;670;481;0.03731343283582089;0.05197505197505198
Patrimônio médio-alto - imobiliário concentrado com societário e dinheiro em espécie;RS;24;670;975;0.03582089552238806;0.024615384615384615
Patrimônio médio-alto - imobiliário concentrado com societário e dinheiro em espécie;AM;21;670;398;0.03134328358208955;0.052763819095477386
Patrimônio médio-alto - imobiliário concentrado com societário e dinheiro em espécie;PE;20;670;572;0.029850746268656716;0.03496503496503497
Patrimônio médio-alto - imobiliário concentrado com societário e dinheiro em espécie;RR;19;670;343;0.028358208955223882;0.05539358600583091
Patrimônio médio-alto - imobiliário concentrado com societário e dinheiro em espécie;AP;18;670;267;0.026865671641791045;0.06741573033707865
Patrimônio médio-alto - imobiliário concentrado com societário e dinheiro em espécie;GO;18;670;766;0.026865671641791045;0.02349869451697128
Patrimônio médio-alto - imobiliário concentrado com societário e dinheiro em espécie;PA;17;670;556;0.025373134328358207;0.030575539568345324
Patrimônio médio-alto - imobiliário concentrado com societário e dinheiro em espécie;AC;13;670;281;0.019402985074626865;0.046263345195729534
Patrimônio médio-alto - imobiliário concentrado com societário e dinheiro em espécie;RO;12;670;454;0.01791044776119403;0.02643171806167401
Patrimônio médio-alto - imobiliário concentrado com societário e dinheiro em espécie;MS;11;670;394;0.016417910447761194;0.027918781725888325
Patrimônio médio-alto - imobiliário concentrado com societário e dinheiro em espécie;RN;11;670;356;0.016417910447761194;0.03089887640449438
Patrimônio médio-alto - imobiliário concentrado com societário e dinheiro em espécie;PB;10;670;413;0.014925373134328358;0.024213075060532687
Patrimônio médio-alto - imobiliário concentrado com societário e dinheiro em espécie;AL;9;670;239;0.013432835820895522;0.03765690376569038
Patrimônio médio-alto - imobiliário concentrado com societário e dinheiro em espécie;MT;9;670;380;0.013432835820895522;0.02368421052631579
Patrimônio médio-alto - imobiliário concentrado com societário e dinheiro em espécie;TO;9;670;411;0.013432835820895522;0.021897810218978103
Patrimônio médio-alto - imobiliário concentrado com societário e dinheiro em espécie;SE;8;670;322;0.011940298507462687;0.024844720496894408
Patrimônio médio-alto - imobiliário concentrado com societário e dinheiro em espécie;PI;7;670;262;0.010447761194029851;0.026717557251908396
Patrimônio médio-alto - imobiliário concentrado com veicular e dinheiro em espécie;SP;135;1152;2528;0.1171875;0.053401898734177215
Patrimônio médio-alto - imobiliário concentrado com veicular e dinheiro em espécie;MG;124;1152;1668;0.1076388888888889;0.07434052757793765
Patrimônio médio-alto - imobiliário concentrado com veicular e dinheiro em espécie;RJ;76;1152;1432;0.06597222222222222;0.05307262569832402
Patrimônio médio-alto - imobiliário concentrado com veicular e dinheiro em espécie;PR;65;1152;1154;0.05642361111111111;0.05632582322357019
Patrimônio médio-alto - imobiliário concentrado com veicular e dinheiro em espécie;RS;59;1152;975;0.051215277777777776;0.06051282051282051
Patrimônio médio-alto - imobiliário concentrado com veicular e dinheiro em espécie;BA;58;1152;999;0.050347222222222224;0.05805805805805806
Patrimônio médio-alto - imobiliário concentrado com veicular e dinheiro em espécie;DF;56;1152;606;0.04861111111111111;0.0924092409240924
Patrimônio médio-alto - imobiliário concentrado com veicular e dinheiro em espécie;SC;55;1152;752;0.04774305555555555;0.07313829787234043
Patrimônio médio-alto - imobiliário concentrado com veicular e dinheiro em espécie;MA;49;1152;575;0.042534722222222224;0.08521739130434783
Patrimônio médio-alto - imobiliário concentrado com veicular e dinheiro em espécie;GO;48;1152;766;0.041666666666666664;0.06266318537859007
Patrimônio médio-alto - imobiliário concentrado com veicular e dinheiro em espécie;CE;43;1152;611;0.03732638888888889;0.07037643207855974
Patrimônio médio-alto - imobiliário concentrado com veicular e dinheiro em espécie;TO;34;1152;411;0.029513888888888888;0.0827250608272506
Patrimônio médio-alto - imobiliário concentrado com veicular e dinheiro em espécie;MT;32;1152;380;0.027777777777777776;0.08421052631578947
Patrimônio médio-alto - imobiliário concentrado com veicular e dinheiro em espécie;PA;32;1152;556;0.027777777777777776;0.05755395683453238
Patrimônio médio-alto - imobiliário concentrado com veicular e dinheiro em espécie;PE;32;1152;572;0.027777777777777776;0.055944055944055944
Patrimônio médio-alto - imobiliário concentrado com veicular e dinheiro em espécie;PB;31;1152;413;0.026909722222222224;0.07506053268765134
Patrimônio médio-alto - imobiliário concentrado com veicular e dinheiro em espécie;MS;29;1152;394;0.025173611111111112;0.07360406091370558
Patrimônio médio-alto - imobiliário concentrado com veicular e dinheiro em espécie;RO;28;1152;454;0.024305555555555556;0.06167400881057269
Patrimônio médio-alto - imobiliário concentrado com veicular e dinheiro em espécie;ES;27;1152;481;0.0234375;0.056133056133056136
Patrimônio médio-alto - imobiliário concentrado com veicular e dinheiro em espécie;RR;26;1152;343;0.022569444444444444;0.07580174927113703
Patrimônio médio-alto - imobiliário concentrado com veicular e dinheiro em espécie;SE;25;1152;322;0.021701388888888888;0.07763975155279502
Patrimônio médio-alto - imobiliário concentrado com veicular e dinheiro em espécie;AC;22;1152;281;0.019097222222222224;0.07829181494661921
Patrimônio médio-alto - imobiliário concentrado com veicular e dinheiro em espécie;AM;20;1152;398;0.017361111111111112;0.05025125628140704
Patrimônio médio-alto - imobiliário concentrado com veicular e dinheiro em espécie;AP;18;1152;267;0.015625;0.06741573033707865
Patrimônio médio-alto - imobiliário concentrado com veicular e dinheiro em espécie;RN;13;1152;356;0.011284722222222222;0.03651685393258427
Patrimônio médio-alto - imobiliário concentrado com veicular e dinheiro em espécie;AL;11;1152;239;0.009548611111111112;0.04602510460251046
Patrimônio médio-alto - imobiliário concentrado com veicular e dinheiro em espécie;PI;4;1152;262;0.003472222222222222;0.015267175572519083
Patrimônio médio-alto - rural/agropecuário + imobiliário;MG;46;410;1668;0.11219512195121951;0.027577937649880094
Patrimônio médio-alto - rural/agropecuário + imobiliário;BA;28;410;999;0.06829268292682927;0.028028028028028028
Patrimônio médio-alto - rural/agropecuário + imobiliário;PR;26;410;1154;0.06341463414634146;0.022530329289428077
Patrimônio médio-alto - rural/agropecuário + imobiliário;SP;26;410;2528;0.06341463414634146;0.010284810126582278
Patrimônio médio-alto - rural/agropecuário + imobiliário;RO;24;410;454;0.05853658536585366;0.05286343612334802
Patrimônio médio-alto - rural/agropecuário + imobiliário;RS;24;410;975;0.05853658536585366;0.024615384615384615
Patrimônio médio-alto - rural/agropecuário + imobiliário;GO;23;410;766;0.05609756097560976;0.030026109660574413
Patrimônio médio-alto - rural/agropecuário + imobiliário;MA;20;410;575;0.04878048780487805;0.034782608695652174
Patrimônio médio-alto - rural/agropecuário + imobiliário;SC;20;410;752;0.04878048780487805;0.026595744680851064
Patrimônio médio-alto - rural/agropecuário + imobiliário;TO;19;410;411;0.046341463414634146;0.046228710462287104
Patrimônio médio-alto - rural/agropecuário + imobiliário;ES;17;410;481;0.041463414634146344;0.035343035343035345
Patrimônio médio-alto - rural/agropecuário + imobiliário;RR;15;410;343;0.036585365853658534;0.043731778425655975
Patrimônio médio-alto - rural/agropecuário + imobiliário;DF;14;410;606;0.03414634146341464;0.0231023102310231
Patrimônio médio-alto - rural/agropecuário + imobiliário;PA;13;410;556;0.03170731707317073;0.023381294964028777
Patrimônio médio-alto - rural/agropecuário + imobiliário;RJ;13;410;1432;0.03170731707317073;0.009078212290502794
Patrimônio médio-alto - rural/agropecuário + imobiliário;MT;11;410;380;0.026829268292682926;0.02894736842105263
Patrimônio médio-alto - rural/agropecuário + imobiliário;PE;11;410;572;0.026829268292682926;0.019230769230769232
Patrimônio médio-alto - rural/agropecuário + imobiliário;CE;10;410;611;0.024390243902439025;0.016366612111292964
Patrimônio médio-alto - rural/agropecuário + imobiliário;SE;10;410;322;0.024390243902439025;0.031055900621118012
Patrimônio médio-alto - rural/agropecuário + imobiliário;MS;8;410;394;0.01951219512195122;0.02030456852791878
Patrimônio médio-alto - rural/agropecuário + imobiliário;PB;8;410;413;0.01951219512195122;0.01937046004842615
Patrimônio médio-alto - rural/agropecuário + imobiliário;AM;7;410;398;0.01707317073170732;0.017587939698492462
Patrimônio médio-alto - rural/agropecuário + imobiliário;AC;5;410;281;0.012195121951219513;0.017793594306049824
Patrimônio médio-alto - rural/agropecuário + imobiliário;AP;5;410;267;0.012195121951219513;0.018726591760299626
Patrimônio médio-alto - rural/agropecuário + imobiliário;AL;3;410;239;0.007317073170731708;0.012552301255230125
Patrimônio médio-alto - rural/agropecuário + imobiliário;RN;3;410;356;0.007317073170731708;0.008426966292134831
Patrimônio médio-alto - rural/agropecuário + imobiliário;PI;1;410;262;0.0024390243902439024;0.003816793893129771
Patrimônio médio-alto - veicular diversificado;SP;49;397;2528;0.12342569269521411;0.019382911392405063
Patrimônio médio-alto - veicular diversificado;RJ;35;397;1432;0.08816120906801007;0.024441340782122904
Patrimônio médio-alto - veicular diversificado;MG;25;397;1668;0.06297229219143577;0.01498800959232614
Patrimônio médio-alto - veicular diversificado;PR;23;397;1154;0.05793450881612091;0.01993067590987868
Patrimônio médio-alto - veicular diversificado;BA;22;397;999;0.055415617128463476;0.022022022022022022
Patrimônio médio-alto - veicular diversificado;GO;20;397;766;0.05037783375314862;0.02610966057441253
Patrimônio médio-alto - veicular diversificado;MA;19;397;575;0.04785894206549118;0.03304347826086956
Patrimônio médio-alto - veicular diversificado;SC;18;397;752;0.04534005037783375;0.023936170212765957
Patrimônio médio-alto - veicular diversificado;DF;17;397;606;0.042821158690176324;0.028052805280528052
Patrimônio médio-alto - veicular diversificado;RS;17;397;975;0.042821158690176324;0.017435897435897435
Patrimônio médio-alto - veicular diversificado;CE;15;397;611;0.037783375314861464;0.024549918166939442
Patrimônio médio-alto - veicular diversificado;RO;15;397;454;0.037783375314861464;0.03303964757709251
Patrimônio médio-alto - veicular diversificado;AM;13;397;398;0.0327455919395466;0.032663316582914576
Patrimônio médio-alto - veicular diversificado;MS;12;397;394;0.030226700251889168;0.030456852791878174
Patrimônio médio-alto - veicular diversificado;AL;11;397;239;0.027707808564231738;0.04602510460251046
Patrimônio médio-alto - veicular diversificado;PE;11;397;572;0.027707808564231738;0.019230769230769232
Patrimônio médio-alto - veicular diversificado;RR;11;397;343;0.027707808564231738;0.03206997084548105
Patrimônio médio-alto - veicular diversificado;PB;10;397;413;0.02518891687657431;0.024213075060532687
Patrimônio médio-alto - veicular diversificado;SE;9;397;322;0.022670025188916875;0.027950310559006212
Patrimônio médio-alto - veicular diversificado;PA;8;397;556;0.020151133501259445;0.014388489208633094
Patrimônio médio-alto - veicular diversificado;MT;7;397;380;0.017632241813602016;0.018421052631578946
Patrimônio médio-alto - veicular diversificado;TO;7;397;411;0.017632241813602016;0.0170316301703163
Patrimônio médio-alto - veicular diversificado;ES;6;397;481;0.015113350125944584;0.012474012474012475
Patrimônio médio-alto - veicular diversificado;AC;5;397;281;0.012594458438287154;0.017793594306049824
Patrimônio médio-alto - veicular diversificado;AP;5;397;267;0.012594458438287154;0.018726591760299626
Patrimônio médio-alto - veicular diversificado;PI;4;397;262;0.010075566750629723;0.015267175572519083
Patrimônio médio-alto - veicular diversificado;RN;3;397;356;0.007556675062972292;0.008426966292134831
Patrimônio médio-baixo - imobiliário + veicular;SP;90;443;2528;0.20316027088036118;0.03560126582278481
Patrimônio médio-baixo - imobiliário + veicular;RS;40;443;975;0.09029345372460497;0.041025641025641026
Patrimônio médio-baixo - imobiliário + veicular;PR;36;443;1154;0.08126410835214447;0.03119584055459272
Patrimônio médio-baixo - imobiliário + veicular;MG;35;443;1668;0.07900677200902935;0.020983213429256596
Patrimônio médio-baixo - imobiliário + veicular;RJ;32;443;1432;0.07223476297968397;0.0223463687150838
Patrimônio médio-baixo - imobiliário + veicular;SC;26;443;752;0.05869074492099323;0.034574468085106384
Patrimônio médio-baixo - imobiliário + veicular;MS;22;443;394;0.04966139954853273;0.05583756345177665
Patrimônio médio-baixo - imobiliário + veicular;CE;17;443;611;0.03837471783295711;0.027823240589198037
Patrimônio médio-baixo - imobiliário + veicular;BA;16;443;999;0.03611738148984198;0.016016016016016016
Patrimônio médio-baixo - imobiliário + veicular;GO;15;443;766;0.033860045146726865;0.0195822454308094
Patrimônio médio-baixo - imobiliário + veicular;RN;15;443;356;0.033860045146726865;0.042134831460674156
Patrimônio médio-baixo - imobiliário + veicular;PE;13;443;572;0.029345372460496615;0.022727272727272728
Patrimônio médio-baixo - imobiliário + veicular;RO;12;443;454;0.02708803611738149;0.02643171806167401
Patrimônio médio-baixo - imobiliário + veicular;PA;9;443;556;0.020316027088036117;0.01618705035971223
Patrimônio médio-baixo - imobiliário + veicular;ES;8;443;481;0.01805869074492099;0.016632016632016633
Patrimônio médio-baixo - imobiliário + veicular;PI;8;443;262;0.01805869074492099;0.030534351145038167
Patrimônio médio-baixo - imobiliário + veicular;SE;8;443;322;0.01805869074492099;0.024844720496894408
Patrimônio médio-baixo - imobiliário + veicular;TO;8;443;411;0.01805869074492099;0.019464720194647202
Patrimônio médio-baixo - imobiliário + veicular;DF;7;443;606;0.01580135440180587;0.01155115511551155
Patrimônio médio-baixo - imobiliário + veicular;MT;6;443;380;0.013544018058690745;0.015789473684210527
Patrimônio médio-baixo - imobiliário + veicular;RR;5;443;343;0.011286681715575621;0.014577259475218658
Patrimônio médio-baixo - imobiliário + veicular;MA;4;443;575;0.009029345372460496;0.006956521739130435
Patrimônio médio-baixo - imobiliário + veicular;AL;3;443;239;0.006772009029345372;0.012552301255230125
Patrimônio médio-baixo - imobiliário + veicular;AM;3;443;398;0.006772009029345372;0.007537688442211055
Patrimônio médio-baixo - imobiliário + veicular;PB;3;443;413;0.006772009029345372;0.007263922518159807
Patrimônio médio-baixo - imobiliário + veicular;AC;1;443;281;0.002257336343115124;0.0035587188612099642
Patrimônio médio-baixo - imobiliário + veicular;AP;1;443;267;0.002257336343115124;0.003745318352059925
Patrimônio médio-baixo - imobiliário concentrado com financeiro e societário;SP;62;288;2528;0.2152777777777778;0.0245253164556962
Patrimônio médio-baixo - imobiliário concentrado com financeiro e societário;RJ;27;288;1432;0.09375;0.018854748603351956
Patrimônio médio-baixo - imobiliário concentrado com financeiro e societário;RS;25;288;975;0.08680555555555555;0.02564102564102564
Patrimônio médio-baixo - imobiliário concentrado com financeiro e societário;PR;20;288;1154;0.06944444444444445;0.01733102253032929
Patrimônio médio-baixo - imobiliário concentrado com financeiro e societário;MG;18;288;1668;0.0625;0.01079136690647482
Patrimônio médio-baixo - imobiliário concentrado com financeiro e societário;SC;16;288;752;0.05555555555555555;0.02127659574468085
Patrimônio médio-baixo - imobiliário concentrado com financeiro e societário;BA;12;288;999;0.041666666666666664;0.012012012012012012
Patrimônio médio-baixo - imobiliário concentrado com financeiro e societário;GO;12;288;766;0.041666666666666664;0.015665796344647518
Patrimônio médio-baixo - imobiliário concentrado com financeiro e societário;CE;9;288;611;0.03125;0.014729950900163666
Patrimônio médio-baixo - imobiliário concentrado com financeiro e societário;PE;9;288;572;0.03125;0.015734265734265736
Patrimônio médio-baixo - imobiliário concentrado com financeiro e societário;RN;8;288;356;0.027777777777777776;0.02247191011235955
Patrimônio médio-baixo - imobiliário concentrado com financeiro e societário;AL;7;288;239;0.024305555555555556;0.029288702928870293
Patrimônio médio-baixo - imobiliário concentrado com financeiro e societário;ES;7;288;481;0.024305555555555556;0.014553014553014554
Patrimônio médio-baixo - imobiliário concentrado com financeiro e societário;MS;7;288;394;0.024305555555555556;0.017766497461928935
Patrimônio médio-baixo - imobiliário concentrado com financeiro e societário;TO;7;288;411;0.024305555555555556;0.0170316301703163
Patrimônio médio-baixo - imobiliário concentrado com financeiro e societário;MA;6;288;575;0.020833333333333332;0.010434782608695653
Patrimônio médio-baixo - imobiliário concentrado com financeiro e societário;SE;6;288;322;0.020833333333333332;0.018633540372670808
Patrimônio médio-baixo - imobiliário concentrado com financeiro e societário;AM;5;288;398;0.017361111111111112;0.01256281407035176
Patrimônio médio-baixo - imobiliário concentrado com financeiro e societário;MT;5;288;380;0.017361111111111112;0.013157894736842105
Patrimônio médio-baixo - imobiliário concentrado com financeiro e societário;DF;4;288;606;0.013888888888888888;0.006600660066006601
Patrimônio médio-baixo - imobiliário concentrado com financeiro e societário;PA;4;288;556;0.013888888888888888;0.007194244604316547
Patrimônio médio-baixo - imobiliário concentrado com financeiro e societário;RO;4;288;454;0.013888888888888888;0.00881057268722467
Patrimônio médio-baixo - imobiliário concentrado com financeiro e societário;AC;3;288;281;0.010416666666666666;0.010676156583629894
Patrimônio médio-baixo - imobiliário concentrado com financeiro e societário;PB;2;288;413;0.006944444444444444;0.004842615012106538
Patrimônio médio-baixo - imobiliário concentrado com financeiro e societário;AP;1;288;267;0.003472222222222222;0.003745318352059925
Patrimônio médio-baixo - imobiliário concentrado com financeiro e societário;PI;1;288;262;0.003472222222222222;0.003816793893129771
Patrimônio médio-baixo - imobiliário concentrado com financeiro e societário;RR;1;288;343;0.003472222222222222;0.0029154518950437317
Patrimônio médio-baixo - imobiliário concentrado com societário e dinheiro em espécie;SP;111;1033;2528;0.1074540174249758;0.043908227848101264
Patrimônio médio-baixo - imobiliário concentrado com societário e dinheiro em espécie;MG;95;1033;1668;0.09196515004840271;0.05695443645083933
Patrimônio médio-baixo - imobiliário concentrado com societário e dinheiro em espécie;RJ;79;1033;1432;0.07647628267182963;0.055167597765363126
Patrimônio médio-baixo - imobiliário concentrado com societário e dinheiro em espécie;BA;67;1033;999;0.06485963213939981;0.06706706706706707
Patrimônio médio-baixo - imobiliário concentrado com societário e dinheiro em espécie;PR;62;1033;1154;0.060019361084220714;0.053726169844020795
Patrimônio médio-baixo - imobiliário concentrado com societário e dinheiro em espécie;RS;51;1033;975;0.049370764762826716;0.052307692307692305
Patrimônio médio-baixo - imobiliário concentrado com societário e dinheiro em espécie;GO;50;1033;766;0.0484027105517909;0.06527415143603134
Patrimônio médio-baixo - imobiliário concentrado com societário e dinheiro em espécie;MA;44;1033;575;0.04259438528557599;0.07652173913043478
Patrimônio médio-baixo - imobiliário concentrado com societário e dinheiro em espécie;PB;41;1033;413;0.03969022265246854;0.09927360774818401
Patrimônio médio-baixo - imobiliário concentrado com societário e dinheiro em espécie;SC;36;1033;752;0.03484995159728945;0.047872340425531915
Patrimônio médio-baixo - imobiliário concentrado com societário e dinheiro em espécie;CE;35;1033;611;0.03388189738625363;0.057283142389525366
Patrimônio médio-baixo - imobiliário concentrado com societário e dinheiro em espécie;AM;33;1033;398;0.031945788964181994;0.0829145728643216
Patrimônio médio-baixo - imobiliário concentrado com societário e dinheiro em espécie;PE;32;1033;572;0.030977734753146177;0.055944055944055944
Patrimônio médio-baixo - imobiliário concentrado com societário e dinheiro em espécie;PA;30;1033;556;0.02904162633107454;0.0539568345323741
Patrimônio médio-baixo - imobiliário concentrado com societário e dinheiro em espécie;MS;27;1033;394;0.026137463697967087;0.06852791878172589
Patrimônio médio-baixo - imobiliário concentrado com societário e dinheiro em espécie;SE;27;1033;322;0.026137463697967087;0.08385093167701864
Patrimônio médio-baixo - imobiliário concentrado com societário e dinheiro em espécie;AP;25;1033;267;0.02420135527589545;0.09363295880149813
Patrimônio médio-baixo - imobiliário concentrado com societário e dinheiro em espécie;TO;25;1033;411;0.02420135527589545;0.06082725060827251
Patrimônio médio-baixo - imobiliário concentrado com societário e dinheiro em espécie;DF;24;1033;606;0.023233301064859633;0.039603960396039604
Patrimônio médio-baixo - imobiliário concentrado com societário e dinheiro em espécie;AC;22;1033;281;0.021297192642787996;0.07829181494661921
Patrimônio médio-baixo - imobiliário concentrado com societário e dinheiro em espécie;ES;21;1033;481;0.02032913843175218;0.04365904365904366
Patrimônio médio-baixo - imobiliário concentrado com societário e dinheiro em espécie;RN;19;1033;356;0.018393030009680542;0.05337078651685393
Patrimônio médio-baixo - imobiliário concentrado com societário e dinheiro em espécie;RR;19;1033;343;0.018393030009680542;0.05539358600583091
Patrimônio médio-baixo - imobiliário concentrado com societário e dinheiro em espécie;MT;18;1033;380;0.017424975798644726;0.04736842105263158
Patrimônio médio-baixo - imobiliário concentrado com societário e dinheiro em espécie;RO;17;1033;454;0.016456921587608905;0.037444933920704845
Patrimônio médio-baixo - imobiliário concentrado com societário e dinheiro em espécie;PI;14;1033;262;0.013552758954501452;0.05343511450381679
Patrimônio médio-baixo - imobiliário concentrado com societário e dinheiro em espécie;AL;9;1033;239;0.008712487899322363;0.03765690376569038
Patrimônio médio-baixo - imobiliário concentrado com veicular e societário;MG;111;1154;1668;0.09618717504332755;0.06654676258992806
Patrimônio médio-baixo - imobiliário concentrado com veicular e societário;SP;106;1154;2528;0.09185441941074524;0.041930379746835444
Patrimônio médio-baixo - imobiliário concentrado com veicular e societário;PR;69;1154;1154;0.05979202772963605;0.05979202772963605
Patrimônio médio-baixo - imobiliário concentrado com veicular e societário;GO;65;1154;766;0.05632582322357019;0.08485639686684072
Patrimônio médio-baixo - imobiliário concentrado com veicular e societário;BA;60;1154;999;0.05199306759098787;0.06006006006006006
Patrimônio médio-baixo - imobiliário concentrado com veicular e societário;RJ;60;1154;1432;0.05199306759098787;0.04189944134078212
Patrimônio médio-baixo - imobiliário concentrado com veicular e societário;RS;56;1154;975;0.04852686308492201;0.057435897435897436
Patrimônio médio-baixo - imobiliário concentrado com veicular e societário;CE;46;1154;611;0.03986135181975736;0.07528641571194762
Patrimônio médio-baixo - imobiliário concentrado com veicular e societário;PB;46;1154;413;0.03986135181975736;0.11138014527845036
Patrimônio médio-baixo - imobiliário concentrado com veicular e societário;SC;45;1154;752;0.0389948006932409;0.0598404255319149
Patrimônio médio-baixo - imobiliário concentrado com veicular e societário;DF;43;1154;606;0.03726169844020797;0.07095709570957096
Patrimônio médio-baixo - imobiliário concentrado com veicular e societário;MA;39;1154;575;0.033795493934142114;0.06782608695652174
Patrimônio médio-baixo - imobiliário concentrado com veicular e societário;PE;39;1154;572;0.033795493934142114;0.06818181818181818
Patrimônio médio-baixo - imobiliário concentrado com veicular e societário;MT;37;1154;380;0.032062391681109186;0.09736842105263158
Patrimônio médio-baixo - imobiliário concentrado com veicular e societário;ES;35;1154;481;0.030329289428076257;0.07276507276507277
Patrimônio médio-baixo - imobiliário concentrado com veicular e societário;SE;31;1154;322;0.026863084922010397;0.09627329192546584
Patrimônio médio-baixo - imobiliário concentrado com veicular e societário;PA;30;1154;556;0.025996533795493933;0.0539568345323741
Patrimônio médio-baixo - imobiliário concentrado com veicular e societário;TO;30;1154;411;0.025996533795493933;0.072992700729927
Patrimônio médio-baixo - imobiliário concentrado com veicular e societário;AP;28;1154;267;0.024263431542461005;0.10486891385767791
Patrimônio médio-baixo - imobiliário concentrado com veicular e societário;AC;27;1154;281;0.02339688041594454;0.09608540925266904
Patrimônio médio-baixo - imobiliário concentrado com veicular e societário;RO;26;1154;454;0.022530329289428077;0.05726872246696035
Patrimônio médio-baixo - imobiliário concentrado com veicular e societário;RR;26;1154;343;0.022530329289428077;0.07580174927113703
Patrimônio médio-baixo - imobiliário concentrado com veicular e societário;AM;25;1154;398;0.021663778162911613;0.06281407035175879
Patrimônio médio-baixo - imobiliário concentrado com veicular e societário;MS;25;1154;394;0.021663778162911613;0.06345177664974619
Patrimônio médio-baixo - imobiliário concentrado com veicular e societário;RN;20;1154;356;0.01733102253032929;0.056179775280898875
Patrimônio médio-baixo - imobiliário concentrado com veicular e societário;AL;17;1154;239;0.014731369150779897;0.07112970711297072
Patrimônio médio-baixo - imobiliário concentrado com veicular e societário;PI;12;1154;262;0.010398613518197574;0.04580152671755725
Patrimônio médio-baixo - rural/agropecuário + imobiliário;MG;30;217;1668;0.1382488479262673;0.017985611510791366
Patrimônio médio-baixo - rural/agropecuário + imobiliário;BA;16;217;999;0.07373271889400922;0.016016016016016016
Patrimônio médio-baixo - rural/agropecuário + imobiliário;PR;15;217;1154;0.06912442396313365;0.012998266897746967
Patrimônio médio-baixo - rural/agropecuário + imobiliário;SP;15;217;2528;0.06912442396313365;0.005933544303797469
Patrimônio médio-baixo - rural/agropecuário + imobiliário;PE;14;217;572;0.06451612903225806;0.024475524475524476
Patrimônio médio-baixo - rural/agropecuário + imobiliário;RR;11;217;343;0.05069124423963134;0.03206997084548105
Patrimônio médio-baixo - rural/agropecuário + imobiliário;PB;10;217;413;0.04608294930875576;0.024213075060532687
Patrimônio médio-baixo - rural/agropecuário + imobiliário;AC;8;217;281;0.03686635944700461;0.028469750889679714
Patrimônio médio-baixo - rural/agropecuário + imobiliário;DF;8;217;606;0.03686635944700461;0.013201320132013201
Patrimônio médio-baixo - rural/agropecuário + imobiliário;CE;7;217;611;0.03225806451612903;0.011456628477905073
Patrimônio médio-baixo - rural/agropecuário + imobiliário;PI;7;217;262;0.03225806451612903;0.026717557251908396
Patrimônio médio-baixo - rural/agropecuário + imobiliário;RO;7;217;454;0.03225806451612903;0.015418502202643172
Patrimônio médio-baixo - rural/agropecuário + imobiliário;RS;7;217;975;0.03225806451612903;0.0071794871794871795
Patrimônio médio-baixo - rural/agropecuário + imobiliário;AP;6;217;267;0.027649769585253458;0.02247191011235955
Patrimônio médio-baixo - rural/agropecuário + imobiliário;ES;6;217;481;0.027649769585253458;0.012474012474012475
Patrimônio médio-baixo - rural/agropecuário + imobiliário;GO;6;217;766;0.027649769585253458;0.007832898172323759
Patrimônio médio-baixo - rural/agropecuário + imobiliário;PA;6;217;556;0.027649769585253458;0.01079136690647482
Patrimônio médio-baixo - rural/agropecuário + imobiliário;TO;6;217;411;0.027649769585253458;0.014598540145985401
Patrimônio médio-baixo - rural/agropecuário + imobiliário;SC;5;217;752;0.02304147465437788;0.006648936170212766
Patrimônio médio-baixo - rural/agropecuário + imobiliário;SE;5;217;322;0.02304147465437788;0.015527950310559006
Patrimônio médio-baixo - rural/agropecuário + imobiliário;RJ;4;217;1432;0.018433179723502304;0.002793296089385475
Patrimônio médio-baixo - rural/agropecuário + imobiliário;RN;4;217;356;0.018433179723502304;0.011235955056179775
Patrimônio médio-baixo - rural/agropecuário + imobiliário;AL;3;217;239;0.013824884792626729;0.012552301255230125
Patrimônio médio-baixo - rural/agropecuário + imobiliário;AM;3;217;398;0.013824884792626729;0.007537688442211055
Patrimônio médio-baixo - rural/agropecuário + imobiliário;MA;3;217;575;0.013824884792626729;0.0052173913043478265
Patrimônio médio-baixo - rural/agropecuário + imobiliário;MT;3;217;380;0.013824884792626729;0.007894736842105263
Patrimônio médio-baixo - rural/agropecuário + imobiliário;MS;2;217;394;0.009216589861751152;0.005076142131979695
Patrimônio médio-baixo - societário + veicular;SP;48;326;2528;0.147239263803681;0.0189873417721519
Patrimônio médio-baixo - societário + veicular;RJ;34;326;1432;0.10429447852760736;0.023743016759776536
Patrimônio médio-baixo - societário + veicular;MG;25;326;1668;0.07668711656441718;0.01498800959232614
Patrimônio médio-baixo - societário + veicular;RS;19;326;975;0.05828220858895705;0.019487179487179488
Patrimônio médio-baixo - societário + veicular;PR;18;326;1154;0.05521472392638037;0.01559792027729636
Patrimônio médio-baixo - societário + veicular;GO;16;326;766;0.049079754601226995;0.020887728459530026
Patrimônio médio-baixo - societário + veicular;BA;15;326;999;0.046012269938650305;0.015015015015015015
Patrimônio médio-baixo - societário + veicular;PA;15;326;556;0.046012269938650305;0.02697841726618705
Patrimônio médio-baixo - societário + veicular;AP;11;326;267;0.03374233128834356;0.04119850187265917
Patrimônio médio-baixo - societário + veicular;DF;11;326;606;0.03374233128834356;0.018151815181518153
Patrimônio médio-baixo - societário + veicular;ES;11;326;481;0.03374233128834356;0.02286902286902287
Patrimônio médio-baixo - societário + veicular;MA;11;326;575;0.03374233128834356;0.019130434782608695
Patrimônio médio-baixo - societário + veicular;RO;11;326;454;0.03374233128834356;0.024229074889867842
Patrimônio médio-baixo - societário + veicular;SC;11;326;752;0.03374233128834356;0.014627659574468085
Patrimônio médio-baixo - societário + veicular;AM;9;326;398;0.027607361963190184;0.022613065326633167
Patrimônio médio-baixo - societário + veicular;PE;8;326;572;0.024539877300613498;0.013986013986013986
Patrimônio médio-baixo - societário + veicular;RR;8;326;343;0.024539877300613498;0.023323615160349854
Patrimônio médio-baixo - societário + veicular;TO;8;326;411;0.024539877300613498;0.019464720194647202
Patrimônio médio-baixo - societário + veicular;AC;6;326;281;0.018404907975460124;0.021352313167259787
Patrimônio médio-baixo - societário + veicular;MS;6;326;394;0.018404907975460124;0.015228426395939087
Patrimônio médio-baixo - societário + veicular;AL;5;326;239;0.015337423312883436;0.02092050209205021
Patrimônio médio-baixo - societário + veicular;CE;5;326;611;0.015337423312883436;0.008183306055646482
Patrimônio médio-baixo - societário + veicular;RN;4;326;356;0.012269938650306749;0.011235955056179775
Patrimônio médio-baixo - societário + veicular;PB;3;326;413;0.009202453987730062;0.007263922518159807
Patrimônio médio-baixo - societário + veicular;PI;3;326;262;0.009202453987730062;0.011450381679389313
Patrimônio médio-baixo - societário + veicular;SE;3;326;322;0.009202453987730062;0.009316770186335404
Patrimônio médio-baixo - societário + veicular;MT;2;326;380;0.006134969325153374;0.005263157894736842
Patrimônio médio-baixo - veicular + financeiro;SP;63;360;2528;0.175;0.024920886075949368
Patrimônio médio-baixo - veicular + financeiro;RJ;38;360;1432;0.10555555555555556;0.02653631284916201
Patrimônio médio-baixo - veicular + financeiro;MG;36;360;1668;0.1;0.02158273381294964
Patrimônio médio-baixo - veicular + financeiro;PR;25;360;1154;0.06944444444444445;0.021663778162911613
Patrimônio médio-baixo - veicular + financeiro;RS;22;360;975;0.06111111111111111;0.022564102564102566
Patrimônio médio-baixo - veicular + financeiro;BA;18;360;999;0.05;0.018018018018018018
Patrimônio médio-baixo - veicular + financeiro;SC;18;360;752;0.05;0.023936170212765957
Patrimônio médio-baixo - veicular + financeiro;DF;14;360;606;0.03888888888888889;0.0231023102310231
Patrimônio médio-baixo - veicular + financeiro;GO;14;360;766;0.03888888888888889;0.018276762402088774
Patrimônio médio-baixo - veicular + financeiro;CE;13;360;611;0.03611111111111111;0.02127659574468085
Patrimônio médio-baixo - veicular + financeiro;PE;11;360;572;0.030555555555555555;0.019230769230769232
Patrimônio médio-baixo - veicular + financeiro;MA;9;360;575;0.025;0.01565217391304348
Patrimônio médio-baixo - veicular + financeiro;AM;8;360;398;0.022222222222222223;0.020100502512562814
Patrimônio médio-baixo - veicular + financeiro;ES;8;360;481;0.022222222222222223;0.016632016632016633
Patrimônio médio-baixo - veicular + financeiro;MS;8;360;394;0.022222222222222223;0.02030456852791878
Patrimônio médio-baixo - veicular + financeiro;RN;8;360;356;0.022222222222222223;0.02247191011235955
Patrimônio médio-baixo - veicular + financeiro;TO;8;360;411;0.022222222222222223;0.019464720194647202
Patrimônio médio-baixo - veicular + financeiro;RO;7;360;454;0.019444444444444445;0.015418502202643172
Patrimônio médio-baixo - veicular + financeiro;PI;6;360;262;0.016666666666666666;0.022900763358778626
Patrimônio médio-baixo - veicular + financeiro;AL;5;360;239;0.013888888888888888;0.02092050209205021
Patrimônio médio-baixo - veicular + financeiro;MT;5;360;380;0.013888888888888888;0.013157894736842105
Patrimônio médio-baixo - veicular + financeiro;AC;3;360;281;0.008333333333333333;0.010676156583629894
Patrimônio médio-baixo - veicular + financeiro;PA;3;360;556;0.008333333333333333;0.00539568345323741
Patrimônio médio-baixo - veicular + financeiro;PB;3;360;413;0.008333333333333333;0.007263922518159807
Patrimônio médio-baixo - veicular + financeiro;RR;3;360;343;0.008333333333333333;0.008746355685131196
Patrimônio médio-baixo - veicular + financeiro;SE;3;360;322;0.008333333333333333;0.009316770186335404
Patrimônio médio-baixo - veicular + financeiro;AP;1;360;267;0.002777777777777778;0.003745318352059925
Patrimônio médio-baixo - veicular concentrado;MG;37;364;1668;0.10164835164835165;0.022182254196642687
Patrimônio médio-baixo - veicular concentrado;RJ;26;364;1432;0.07142857142857142;0.018156424581005588
Patrimônio médio-baixo - veicular concentrado;SP;26;364;2528;0.07142857142857142;0.010284810126582278
Patrimônio médio-baixo - veicular concentrado;SC;20;364;752;0.054945054945054944;0.026595744680851064
Patrimônio médio-baixo - veicular concentrado;CE;18;364;611;0.04945054945054945;0.029459901800327332
Patrimônio médio-baixo - veicular concentrado;ES;18;364;481;0.04945054945054945;0.037422037422037424
Patrimônio médio-baixo - veicular concentrado;MA;18;364;575;0.04945054945054945;0.03130434782608696
Patrimônio médio-baixo - veicular concentrado;PA;17;364;556;0.046703296703296704;0.030575539568345324
Patrimônio médio-baixo - veicular concentrado;RS;17;364;975;0.046703296703296704;0.017435897435897435
Patrimônio médio-baixo - veicular concentrado;PE;15;364;572;0.04120879120879121;0.026223776223776224
Patrimônio médio-baixo - veicular concentrado;DF;14;364;606;0.038461538461538464;0.0231023102310231
Patrimônio médio-baixo - veicular concentrado;AM;13;364;398;0.03571428571428571;0.032663316582914576
Patrimônio médio-baixo - veicular concentrado;BA;13;364;999;0.03571428571428571;0.013013013013013013
Patrimônio médio-baixo - veicular concentrado;MT;13;364;380;0.03571428571428571;0.034210526315789476
Patrimônio médio-baixo - veicular concentrado;GO;11;364;766;0.03021978021978022;0.014360313315926894
Patrimônio médio-baixo - veicular concentrado;PR;11;364;1154;0.03021978021978022;0.009532062391681109
Patrimônio médio-baixo - veicular concentrado;SE;10;364;322;0.027472527472527472;0.031055900621118012
Patrimônio médio-baixo - veicular concentrado;AP;9;364;267;0.024725274725274724;0.033707865168539325
Patrimônio médio-baixo - veicular concentrado;PI;9;364;262;0.024725274725274724;0.03435114503816794
Patrimônio médio-baixo - veicular concentrado;RR;8;364;343;0.02197802197802198;0.023323615160349854
Patrimônio médio-baixo - veicular concentrado;AC;7;364;281;0.019230769230769232;0.02491103202846975
Patrimônio médio-baixo - veicular concentrado;RN;7;364;356;0.019230769230769232;0.019662921348314606
Patrimônio médio-baixo - veicular concentrado;MS;6;364;394;0.016483516483516484;0.015228426395939087
Patrimônio médio-baixo - veicular concentrado;TO;6;364;411;0.016483516483516484;0.014598540145985401
Patrimônio médio-baixo - veicular concentrado;AL;5;364;239;0.013736263736263736;0.02092050209205021
Patrimônio médio-baixo - veicular concentrado;PB;5;364;413;0.013736263736263736;0.012106537530266344
Patrimônio médio-baixo - veicular concentrado;RO;5;364;454;0.013736263736263736;0.011013215859030838
Patrimônio ultra-alto - créditos e direitos diversificado;PR;5;23;1154;0.21739130434782608;0.004332755632582322
Patrimônio ultra-alto - créditos e direitos diversificado;DF;3;23;606;0.13043478260869565;0.0049504950495049506
Patrimônio ultra-alto - créditos e direitos diversificado;SP;3;23;2528;0.13043478260869565;0.0011867088607594937
Patrimônio ultra-alto - créditos e direitos diversificado;GO;2;23;766;0.08695652173913043;0.0026109660574412533
Patrimônio ultra-alto - créditos e direitos diversificado;MG;2;23;1668;0.08695652173913043;0.001199040767386091
Patrimônio ultra-alto - créditos e direitos diversificado;SE;2;23;322;0.08695652173913043;0.006211180124223602
Patrimônio ultra-alto - créditos e direitos diversificado;CE;1;23;611;0.043478260869565216;0.0016366612111292963
Patrimônio ultra-alto - créditos e direitos diversificado;MS;1;23;394;0.043478260869565216;0.0025380710659898475
Patrimônio ultra-alto - créditos e direitos diversificado;PI;1;23;262;0.043478260869565216;0.003816793893129771
Patrimônio ultra-alto - créditos e direitos diversificado;RJ;1;23;1432;0.043478260869565216;0.0006983240223463687
Patrimônio ultra-alto - créditos e direitos diversificado;RS;1;23;975;0.043478260869565216;0.0010256410256410256
Patrimônio ultra-alto - créditos e direitos diversificado;SC;1;23;752;0.043478260869565216;0.0013297872340425532
Patrimônio ultra-alto - financeiro + societário;RO;4;37;454;0.10810810810810811;0.00881057268722467
Patrimônio ultra-alto - financeiro + societário;MG;3;37;1668;0.08108108108108109;0.0017985611510791368
Patrimônio ultra-alto - financeiro + societário;MT;3;37;380;0.08108108108108109;0.007894736842105263
Patrimônio ultra-alto - financeiro + societário;PR;3;37;1154;0.08108108108108109;0.0025996533795493936
Patrimônio ultra-alto - financeiro + societário;SP;3;37;2528;0.08108108108108109;0.0011867088607594937
Patrimônio ultra-alto - financeiro + societário;AM;2;37;398;0.05405405405405406;0.005025125628140704
Patrimônio ultra-alto - financeiro + societário;BA;2;37;999;0.05405405405405406;0.002002002002002002
Patrimônio ultra-alto - financeiro + societário;CE;2;37;611;0.05405405405405406;0.0032733224222585926
Patrimônio ultra-alto - financeiro + societário;PE;2;37;572;0.05405405405405406;0.0034965034965034965
Patrimônio ultra-alto - financeiro + societário;RN;2;37;356;0.05405405405405406;0.0056179775280898875
Patrimônio ultra-alto - financeiro + societário;SC;2;37;752;0.05405405405405406;0.0026595744680851063
Patrimônio ultra-alto - financeiro + societário;AP;1;37;267;0.02702702702702703;0.003745318352059925
Patrimônio ultra-alto - financeiro + societário;ES;1;37;481;0.02702702702702703;0.002079002079002079
Patrimônio ultra-alto - financeiro + societário;MA;1;37;575;0.02702702702702703;0.0017391304347826088
Patrimônio ultra-alto - financeiro + societário;PA;1;37;556;0.02702702702702703;0.0017985611510791368
Patrimônio ultra-alto - financeiro + societário;PB;1;37;413;0.02702702702702703;0.002421307506053269
Patrimônio ultra-alto - financeiro + societário;PI;1;37;262;0.02702702702702703;0.003816793893129771
Patrimônio ultra-alto - financeiro + societário;RJ;1;37;1432;0.02702702702702703;0.0006983240223463687
Patrimônio ultra-alto - financeiro + societário;RR;1;37;343;0.02702702702702703;0.0029154518950437317
Patrimônio ultra-alto - financeiro + societário;RS;1;37;975;0.02702702702702703;0.0010256410256410256
Patrimônio ultra-alto - imobiliário + outros ativos;SP;7;26;2528;0.2692307692307692;0.002768987341772152
Patrimônio ultra-alto - imobiliário + outros ativos;MG;4;26;1668;0.15384615384615385;0.002398081534772182
Patrimônio ultra-alto - imobiliário + outros ativos;PA;3;26;556;0.11538461538461539;0.00539568345323741
Patrimônio ultra-alto - imobiliário + outros ativos;MT;2;26;380;0.07692307692307693;0.005263157894736842
Patrimônio ultra-alto - imobiliário + outros ativos;TO;2;26;411;0.07692307692307693;0.004866180048661801
Patrimônio ultra-alto - imobiliário + outros ativos;BA;1;26;999;0.038461538461538464;0.001001001001001001
Patrimônio ultra-alto - imobiliário + outros ativos;DF;1;26;606;0.038461538461538464;0.0016501650165016502
Patrimônio ultra-alto - imobiliário + outros ativos;ES;1;26;481;0.038461538461538464;0.002079002079002079
Patrimônio ultra-alto - imobiliário + outros ativos;MA;1;26;575;0.038461538461538464;0.0017391304347826088
Patrimônio ultra-alto - imobiliário + outros ativos;PI;1;26;262;0.038461538461538464;0.003816793893129771
Patrimônio ultra-alto - imobiliário + outros ativos;RJ;1;26;1432;0.038461538461538464;0.0006983240223463687
Patrimônio ultra-alto - imobiliário + outros ativos;RO;1;26;454;0.038461538461538464;0.0022026431718061676
Patrimônio ultra-alto - imobiliário + outros ativos;SC;1;26;752;0.038461538461538464;0.0013297872340425532
Patrimônio ultra-alto - rural/agropecuário concentrado;TO;7;46;411;0.15217391304347827;0.0170316301703163
Patrimônio ultra-alto - rural/agropecuário concentrado;MT;5;46;380;0.10869565217391304;0.013157894736842105
Patrimônio ultra-alto - rural/agropecuário concentrado;MA;4;46;575;0.08695652173913043;0.006956521739130435
Patrimônio ultra-alto - rural/agropecuário concentrado;MG;4;46;1668;0.08695652173913043;0.002398081534772182
Patrimônio ultra-alto - rural/agropecuário concentrado;MS;4;46;394;0.08695652173913043;0.01015228426395939
Patrimônio ultra-alto - rural/agropecuário concentrado;PA;4;46;556;0.08695652173913043;0.007194244604316547
Patrimônio ultra-alto - rural/agropecuário concentrado;GO;3;46;766;0.06521739130434782;0.0039164490861618795
Patrimônio ultra-alto - rural/agropecuário concentrado;RJ;3;46;1432;0.06521739130434782;0.002094972067039106
Patrimônio ultra-alto - rural/agropecuário concentrado;AC;2;46;281;0.043478260869565216;0.0071174377224199285
Patrimônio ultra-alto - rural/agropecuário concentrado;AM;2;46;398;0.043478260869565216;0.005025125628140704
Patrimônio ultra-alto - rural/agropecuário concentrado;RS;2;46;975;0.043478260869565216;0.0020512820512820513
Patrimônio ultra-alto - rural/agropecuário concentrado;AL;1;46;239;0.021739130434782608;0.0041841004184100415
Patrimônio ultra-alto - rural/agropecuário concentrado;BA;1;46;999;0.021739130434782608;0.001001001001001001
Patrimônio ultra-alto - rural/agropecuário concentrado;PR;1;46;1154;0.021739130434782608;0.0008665511265164644
Patrimônio ultra-alto - rural/agropecuário concentrado;RO;1;46;454;0.021739130434782608;0.0022026431718061676
Patrimônio ultra-alto - rural/agropecuário concentrado;RR;1;46;343;0.021739130434782608;0.0029154518950437317
Patrimônio ultra-alto - rural/agropecuário concentrado;SP;1;46;2528;0.021739130434782608;0.00039556962025316455
Patrimônio ultra-alto - societário concentrado;MG;8;55;1668;0.14545454545454545;0.004796163069544364
Patrimônio ultra-alto - societário concentrado;GO;7;55;766;0.12727272727272726;0.009138381201044387
Patrimônio ultra-alto - societário concentrado;SP;6;55;2528;0.10909090909090909;0.0023734177215189874
Patrimônio ultra-alto - societário concentrado;MT;4;55;380;0.07272727272727272;0.010526315789473684
Patrimônio ultra-alto - societário concentrado;RJ;4;55;1432;0.07272727272727272;0.002793296089385475
Patrimônio ultra-alto - societário concentrado;SC;4;55;752;0.07272727272727272;0.005319148936170213
Patrimônio ultra-alto - societário concentrado;DF;3;55;606;0.05454545454545454;0.0049504950495049506
Patrimônio ultra-alto - societário concentrado;AP;2;55;267;0.03636363636363636;0.00749063670411985
Patrimônio ultra-alto - societário concentrado;PR;2;55;1154;0.03636363636363636;0.0017331022530329288
Patrimônio ultra-alto - societário concentrado;RN;2;55;356;0.03636363636363636;0.0056179775280898875
Patrimônio ultra-alto - societário concentrado;RO;2;55;454;0.03636363636363636;0.004405286343612335
Patrimônio ultra-alto - societário concentrado;RR;2;55;343;0.03636363636363636;0.0058309037900874635
Patrimônio ultra-alto - societário concentrado;CE;1;55;611;0.01818181818181818;0.0016366612111292963
Patrimônio ultra-alto - societário concentrado;MA;1;55;575;0.01818181818181818;0.0017391304347826088
Patrimônio ultra-alto - societário concentrado;MS;1;55;394;0.01818181818181818;0.0025380710659898475
Patrimônio ultra-alto - societário concentrado;PA;1;55;556;0.01818181818181818;0.0017985611510791368
Patrimônio ultra-alto - societário concentrado;PB;1;55;413;0.01818181818181818;0.002421307506053269
Patrimônio ultra-alto - societário concentrado;PE;1;55;572;0.01818181818181818;0.0017482517482517483
Patrimônio ultra-alto - societário concentrado;PI;1;55;262;0.01818181818181818;0.003816793893129771
Patrimônio ultra-alto - societário concentrado;RS;1;55;975;0.01818181818181818;0.0010256410256410256
Patrimônio ultra-alto - societário concentrado;TO;1;55;411;0.01818181818181818;0.0024330900243309003
